self exe links to: /tmp/stream_fma_base_tier1_v23_20260607_135441/v3_policy6/stream_fma_v6_v2_m4_c128_cta512
self exe links to: /tmp/stream_fma_base_tier1_v23_20260607_135441/v3_policy6/stream_fma_v6_v2_m4_c128_cta512
11.0


        *** GPGPU-Sim Simulator Version 4.2.0  [build gpgpu-sim_git-commit-48fd9fc_modified_3.0] ***


GPGPU-Sim PTX: simulation mode 0 (can change with PTX_SIM_MODE_FUNC environment variable:
               1=functional simulation only, 0=detailed performance simulator)
GPGPU-Sim PTX: overriding embedded ptx with ptx file (PTX_SIM_USE_PTX_FILE is set)
GPGPU-Sim: Configuration options:

-save_embedded_ptx                      0 # saves ptx files embedded in binary as <n>.ptx
-keep                                   0 # keep intermediate files created by GPGPU-Sim when interfacing with external programs
-gpgpu_ptx_save_converted_ptxplus                    0 # Saved converted ptxplus to a file
-gpgpu_occupancy_sm_number                   70 # The SM number to pass to ptxas when getting register usage for computing GPU occupancy. This parameter is required in the config.
-ptx_opcode_latency_int      4,13,4,5,145,21 # Opcode latencies for integers <ADD,MAX,MUL,MAD,DIV,SHFL>Default 1,1,19,25,145,32
-ptx_opcode_latency_fp          4,13,4,5,39 # Opcode latencies for single precision floating points <ADD,MAX,MUL,MAD,DIV>Default 1,1,1,1,30
-ptx_opcode_latency_dp         8,19,8,8,330 # Opcode latencies for double precision floating points <ADD,MAX,MUL,MAD,DIV>Default 8,8,8,8,335
-ptx_opcode_latency_sfu                  100 # Opcode latencies for SFU instructionsDefault 8
-ptx_opcode_latency_tesnor                   64 # Opcode latencies for Tensor instructionsDefault 64
-ptx_opcode_initiation_int          2,2,2,2,8,4 # Opcode initiation intervals for integers <ADD,MAX,MUL,MAD,DIV,SHFL>Default 1,1,4,4,32,4
-ptx_opcode_initiation_fp            1,1,1,1,4 # Opcode initiation intervals for single precision floating points <ADD,MAX,MUL,MAD,DIV>Default 1,1,1,1,5
-ptx_opcode_initiation_dp          2,2,2,2,130 # Opcode initiation intervals for double precision floating points <ADD,MAX,MUL,MAD,DIV>Default 8,8,8,8,130
-ptx_opcode_initiation_sfu                    8 # Opcode initiation intervals for sfu instructionsDefault 8
-ptx_opcode_initiation_tensor                   64 # Opcode initiation intervals for tensor instructionsDefault 64
-cdp_latency         7200,8000,100,12000,1600 # CDP API latency <cudaStreamCreateWithFlags, cudaGetParameterBufferV2_init_perWarp, cudaGetParameterBufferV2_perKernel, cudaLaunchDeviceV2_init_perWarp, cudaLaunchDevicV2_perKernel>Default 7200,8000,100,12000,1600
-network_mode                           2 # Interconnection network mode
-inter_config_file                   mesh # Interconnection network config file
-icnt_in_buffer_limit                  512 # in_buffer_limit
-icnt_out_buffer_limit                  512 # out_buffer_limit
-icnt_subnets                           2 # subnets
-icnt_arbiter_algo                      1 # arbiter_algo
-icnt_verbose                           0 # inct_verbose
-icnt_grant_cycles                      1 # grant_cycles
-gpgpu_ptx_use_cuobjdump                    1 # Use cuobjdump to extract ptx and sass from binaries
-gpgpu_experimental_lib_support                    0 # Try to extract code from cuda libraries [Broken because of unknown cudaGetExportTable]
-checkpoint_option                      0 #  checkpointing flag (0 = no checkpoint)
-checkpoint_kernel                      1 #  checkpointing during execution of which kernel (1- 1st kernel)
-checkpoint_CTA                         0 #  checkpointing after # of CTA (< less than total CTA)
-resume_option                          0 #  resume flag (0 = no resume)
-resume_kernel                          0 #  Resume from which kernel (1= 1st kernel)
-resume_CTA                             0 #  resume from which CTA 
-checkpoint_CTA_t                       0 #  resume from which CTA 
-checkpoint_insn_Y                      0 #  resume from which CTA 
-gpgpu_ptx_convert_to_ptxplus                    0 # Convert SASS (native ISA) to ptxplus and run ptxplus
-gpgpu_ptx_force_max_capability                   70 # Force maximum compute capability
-gpgpu_ptx_inst_debug_to_file                    0 # Dump executed instructions' debug information to file
-gpgpu_ptx_inst_debug_file       inst_debug.txt # Executed instructions' debug output file
-gpgpu_ptx_inst_debug_thread_uid                    1 # Thread UID for executed instructions' debug output
-gpgpu_simd_model                       1 # 1 = post-dominator
-gpgpu_shader_core_pipeline              2048:32 # shader core pipeline config, i.e., {<nthread>:<warpsize>}
-gpgpu_tex_cache:l1  N:4:128:256,L:R:m:N:L,T:512:8,128:2 # per-shader L1 texture cache  (READ-ONLY) config  {<nsets>:<bsize>:<assoc>,<rep>:<wr>:<alloc>:<wr_alloc>,<mshr>:<N>:<merge>,<mq>:<rf>}
-gpgpu_const_cache:l1 N:128:64:8,L:R:f:N:L,S:2:64,4 # per-shader L1 constant memory cache  (READ-ONLY) config  {<nsets>:<bsize>:<assoc>,<rep>:<wr>:<alloc>:<wr_alloc>,<mshr>:<N>:<merge>,<mq>} 
-gpgpu_cache:il1     N:64:128:16,L:R:f:N:L,S:2:48,4 # shader L1 instruction cache config  {<nsets>:<bsize>:<assoc>,<rep>:<wr>:<alloc>:<wr_alloc>,<mshr>:<N>:<merge>,<mq>} 
-gpgpu_cache:dl1     S:4:128:64,L:T:m:L:L,A:512:8,256:0,32 # per-shader L1 data cache config  {<nsets>:<bsize>:<assoc>,<rep>:<wr>:<alloc>:<wr_alloc>,<mshr>:<N>:<merge>,<mq> | none}
-gpgpu_l1_cache_write_ratio                   25 # L1D write ratio
-gpgpu_l1_banks                         4 # The number of L1 cache banks
-gpgpu_l1_banks_byte_interleaving                   32 # l1 banks byte interleaving granularity
-gpgpu_l1_banks_hashing_function                    0 # l1 banks hashing function
-gpgpu_l1_latency                      20 # L1 Hit Latency
-gpgpu_smem_latency                    20 # smem Latency
-gpgpu_cache:dl1PrefL1                 none # per-shader L1 data cache config  {<nsets>:<bsize>:<assoc>,<rep>:<wr>:<alloc>:<wr_alloc>,<mshr>:<N>:<merge>,<mq> | none}
-gpgpu_cache:dl1PrefShared                 none # per-shader L1 data cache config  {<nsets>:<bsize>:<assoc>,<rep>:<wr>:<alloc>:<wr_alloc>,<mshr>:<N>:<merge>,<mq> | none}
-gpgpu_gmem_skip_L1D                    0 # global memory access skip L1D cache (implements -Xptxas -dlcm=cg, default=no skip)
-gpgpu_perfect_mem                      0 # enable perfect memory mode (no cache miss)
-n_regfile_gating_group                    4 # group of lanes that should be read/written together)
-gpgpu_clock_gated_reg_file                    0 # enable clock gated reg file for power calculations
-gpgpu_clock_gated_lanes                    1 # enable clock gated lanes for power calculations
-gpgpu_shader_registers                65536 # Number of registers per shader core. Limits number of concurrent CTAs. (default 8192)
-gpgpu_registers_per_block                65536 # Maximum number of registers per CTA. (default 8192)
-gpgpu_ignore_resources_limitation                    0 # gpgpu_ignore_resources_limitation (default 0)
-gpgpu_shader_cta                      32 # Maximum number of concurrent CTAs in shader (default 32)
-gpgpu_num_cta_barriers                   16 # Maximum number of named barriers per CTA (default 16)
-gpgpu_n_clusters                     132 # number of processing clusters
-gpgpu_n_cores_per_cluster                    1 # number of simd cores per cluster
-gpgpu_n_cluster_ejection_buffer_size                   32 # number of packets in ejection buffer
-gpgpu_n_ldst_response_buffer_size                    2 # number of response packets in ld/st unit ejection buffer
-gpgpu_shmem_per_block               232448 # Size of shared memory per thread block or CTA (default 48kB)
-gpgpu_shmem_size                  233472 # Size of shared memory per shader core (default 16kB)
-gpgpu_shmem_option  0,8,16,32,64,100,132,164,196,228 # Option list of shared memory sizes
-gpgpu_unified_l1d_size                  256 # Size of unified data cache(L1D + shared memory) in KB
-gpgpu_adaptive_cache_config                    1 # adaptive_cache_config
-gpgpu_shmem_sizeDefault               233472 # Size of shared memory per shader core (default 16kB)
-gpgpu_shmem_size_PrefL1                16384 # Size of shared memory per shader core (default 16kB)
-gpgpu_shmem_size_PrefShared                16384 # Size of shared memory per shader core (default 16kB)
-gpgpu_shmem_num_banks                   32 # Number of banks in the shared memory in each shader core (default 16)
-gpgpu_shmem_limited_broadcast                    0 # Limit shared memory to do one broadcast per cycle (default on)
-gpgpu_shmem_warp_parts                    1 # Number of portions a warp is divided into for shared memory bank conflict check 
-gpgpu_mem_unit_ports                    1 # The number of memory transactions allowed per core cycle
-gpgpu_shmem_warp_parts                    1 # Number of portions a warp is divided into for shared memory bank conflict check 
-gpgpu_warpdistro_shader                   -1 # Specify which shader core to collect the warp size distribution from
-gpgpu_warp_issue_shader                    0 # Specify which shader core to collect the warp issue distribution from
-gpgpu_local_mem_map                    1 # Mapping from local memory space address to simulated GPU physical address space (default = enabled)
-gpgpu_num_reg_banks                   32 # Number of register banks (default = 8)
-gpgpu_reg_bank_use_warp_id                    0 # Use warp ID in mapping registers to banks (default = off)
-gpgpu_sub_core_model                    1 # Sub Core Volta/Pascal model (default = off)
-gpgpu_enable_specialized_operand_collector                    0 # enable_specialized_operand_collector
-gpgpu_operand_collector_num_units_sp                    4 # number of collector units (default = 4)
-gpgpu_operand_collector_num_units_dp                    0 # number of collector units (default = 0)
-gpgpu_operand_collector_num_units_sfu                    4 # number of collector units (default = 4)
-gpgpu_operand_collector_num_units_int                    0 # number of collector units (default = 0)
-gpgpu_operand_collector_num_units_tensor_core                    4 # number of collector units (default = 4)
-gpgpu_operand_collector_num_units_mem                    2 # number of collector units (default = 2)
-gpgpu_operand_collector_num_units_gen                   16 # number of collector units (default = 0)
-gpgpu_operand_collector_num_in_ports_sp                    1 # number of collector unit in ports (default = 1)
-gpgpu_operand_collector_num_in_ports_dp                    0 # number of collector unit in ports (default = 0)
-gpgpu_operand_collector_num_in_ports_sfu                    1 # number of collector unit in ports (default = 1)
-gpgpu_operand_collector_num_in_ports_int                    0 # number of collector unit in ports (default = 0)
-gpgpu_operand_collector_num_in_ports_tensor_core                    1 # number of collector unit in ports (default = 1)
-gpgpu_operand_collector_num_in_ports_mem                    1 # number of collector unit in ports (default = 1)
-gpgpu_operand_collector_num_in_ports_gen                   16 # number of collector unit in ports (default = 0)
-gpgpu_operand_collector_num_out_ports_sp                    1 # number of collector unit in ports (default = 1)
-gpgpu_operand_collector_num_out_ports_dp                    0 # number of collector unit in ports (default = 0)
-gpgpu_operand_collector_num_out_ports_sfu                    1 # number of collector unit in ports (default = 1)
-gpgpu_operand_collector_num_out_ports_int                    0 # number of collector unit in ports (default = 0)
-gpgpu_operand_collector_num_out_ports_tensor_core                    1 # number of collector unit in ports (default = 1)
-gpgpu_operand_collector_num_out_ports_mem                    1 # number of collector unit in ports (default = 1)
-gpgpu_operand_collector_num_out_ports_gen                   16 # number of collector unit in ports (default = 0)
-gpgpu_coalesce_arch                   70 # Coalescing arch (GT200 = 13, Fermi = 20)
-gpgpu_num_sched_per_core                    4 # Number of warp schedulers per core
-gpgpu_max_insn_issue_per_warp                    1 # Max number of instructions that can be issued per warp in one cycle by scheduler (either 1 or 2)
-gpgpu_dual_issue_diff_exec_units                    1 # should dual issue use two different execution unit resources (Default = 1)
-gpgpu_pc_pair_issue_enabled                    1 # enable producer/consumer cross-warp pair issue (default = 0)
-gpgpu_pc_pair_warps_per_cta                    8 # CTA-local warp period for producer/consumer role classification (default = 32)
-gpgpu_pc_pair_producer_warps_per_cta                    4 # number of producer warps in each CTA-local pair issue period (default = 16)
-gpgpu_pc_pair_cross_partition_same_exec                    0 # allow producer/consumer pair issue to route a same-exec-unit second warp to another free sub-core output register partition (default = 0)
-gpgpu_pc_pair_rfq_pair_barrier                    0 # replace full CTA sync barriers with producer/consumer pair-token release for RFQ-style experiments (default = 0)
-gpgpu_pc_pair_rfq_nonblocking_producer                    1 # treat producer sync barriers as nonblocking RFQ sends and consumer sync barriers as token waits for RFQ-style experiments (default = 0)
-gpgpu_pc_pair_pc_bucket_shift                    4 # right shift applied before hashing producer/consumer PCs into 64 diagnostic buckets (default = 4)
-gpgpu_pc_pair_policy                    6 # producer/consumer pair selection policy: 0=first compatible, 1=hot-region filter/rank, 2=strict hot-region, 3=strict hot-region with PC-history tie-break, 4=adaptive strict with late setup-tail fallback, 5=relaxed no-filter upper-bound ranker, 6=policy 4 plus selective hot cross-partition routing, 7=RFQ-aware adaptive policy 6 with long-stream pair bypass, 8=RFQ-aware opportunistic second issue after normal first issue (default = 0)
-gpgpu_pc_pair_adaptive_fallback_min_attempts                    0 # minimum total pair attempts before policy 4 may allow setup-tail plus consumer FFMA fallback pairs (default = 0)
-gpgpu_pc_pair_adaptive_disable_max_blocks                    2 # policies 4, 6, 7, and 8 disable pair issue when kernel grid blocks are at or below this value (default = 2)
-gpgpu_pc_pair_adaptive_fallback_min_blocks                   16 # policy 4/6 allows setup-tail plus consumer FFMA fallback pairs, and policy 7 bypasses pair issue under RFQ, and policy 8 applies long-stream throttling, when kernel grid blocks are at or above this value (default = 16)
-gpgpu_pc_pair_policy8_long_stream_interval                   64 # for policy 8 long RFQ streams, only attempt every Nth producer-first cycle; 0 or 1 means no throttling (default = 64)
-gpgpu_pc_pair_debug                    0 # print producer/consumer pair-issue debug messages (default = 0)
-gpgpu_simt_core_sim_order                    1 # Select the simulation order of cores in a cluster (0=Fix, 1=Round-Robin)
-gpgpu_pipeline_widths 4,4,4,4,4,4,4,4,4,4,8,4,4 # Pipeline widths ID_OC_SP,ID_OC_DP,ID_OC_INT,ID_OC_SFU,ID_OC_MEM,OC_EX_SP,OC_EX_DP,OC_EX_INT,OC_EX_SFU,OC_EX_MEM,EX_WB,ID_OC_TENSOR_CORE,OC_EX_TENSOR_CORE
-gpgpu_tensor_core_avail                    1 # Tensor Core Available (default=0)
-gpgpu_num_sp_units                     4 # Number of SP units (default=1)
-gpgpu_num_dp_units                     4 # Number of DP units (default=0)
-gpgpu_num_int_units                    4 # Number of INT units (default=0)
-gpgpu_num_sfu_units                    4 # Number of SF units (default=1)
-gpgpu_num_tensor_core_units                    4 # Number of tensor_core units (default=1)
-gpgpu_num_mem_units                    1 # Number if ldst units (default=1) WARNING: not hooked up to anything
-gpgpu_scheduler                      lrr # Scheduler configuration: < lrr | gto | two_level_active > If two_level_active:<num_active_warps>:<inner_prioritization>:<outer_prioritization>For complete list of prioritization values see shader.h enum scheduler_prioritization_typeDefault: gto
-gpgpu_concurrent_kernel_sm                    0 # Support concurrent kernels on a SM (default = disabled)
-gpgpu_perfect_inst_const_cache                    1 # perfect inst and const cache mode, so all inst and const hits in the cache(default = disabled)
-gpgpu_inst_fetch_throughput                    4 # the number of fetched intruction per warp each cycle
-gpgpu_reg_file_port_throughput                    2 # the number ports of the register file
-specialized_unit_1         0,4,4,4,4,BRA # specialized unit config {<enabled>,<num_units>:<latency>:<initiation>,<ID_OC_SPEC>:<OC_EX_SPEC>,<NAME>}
-specialized_unit_2         0,4,4,4,4,BRA # specialized unit config {<enabled>,<num_units>:<latency>:<initiation>,<ID_OC_SPEC>:<OC_EX_SPEC>,<NAME>}
-specialized_unit_3         0,4,4,4,4,BRA # specialized unit config {<enabled>,<num_units>:<latency>:<initiation>,<ID_OC_SPEC>:<OC_EX_SPEC>,<NAME>}
-specialized_unit_4         0,4,4,4,4,BRA # specialized unit config {<enabled>,<num_units>:<latency>:<initiation>,<ID_OC_SPEC>:<OC_EX_SPEC>,<NAME>}
-specialized_unit_5         0,4,4,4,4,BRA # specialized unit config {<enabled>,<num_units>:<latency>:<initiation>,<ID_OC_SPEC>:<OC_EX_SPEC>,<NAME>}
-specialized_unit_6         0,4,4,4,4,BRA # specialized unit config {<enabled>,<num_units>:<latency>:<initiation>,<ID_OC_SPEC>:<OC_EX_SPEC>,<NAME>}
-specialized_unit_7         0,4,4,4,4,BRA # specialized unit config {<enabled>,<num_units>:<latency>:<initiation>,<ID_OC_SPEC>:<OC_EX_SPEC>,<NAME>}
-specialized_unit_8         0,4,4,4,4,BRA # specialized unit config {<enabled>,<num_units>:<latency>:<initiation>,<ID_OC_SPEC>:<OC_EX_SPEC>,<NAME>}
-gpgpu_perf_sim_memcpy                    0 # Fill the L2 cache on memcpy
-gpgpu_simple_dram_model                    0 # simple_dram_model with fixed latency and BW
-gpgpu_dram_scheduler                    1 # 0 = fifo, 1 = FR-FCFS (defaul)
-gpgpu_dram_partition_queues      256:256:256:256 # i2$:$2d:d2$:$2i
-l2_ideal                               0 # Use a ideal L2 cache that always hit
-gpgpu_cache:dl2     S:256:128:32,L:B:m:L:L,A:192:4,32:0,32 # unified banked L2 data cache config  {<nsets>:<bsize>:<assoc>,<rep>:<wr>:<alloc>:<wr_alloc>,<mshr>:<N>:<merge>,<mq>}
-gpgpu_cache:dl2_texture_only                    0 # L2 cache used for texture only
-gpgpu_n_mem                           24 # number of memory modules (e.g. memory controllers) in gpu
-gpgpu_n_sub_partition_per_mchannel                    2 # number of memory subpartition in each memory module
-gpgpu_n_mem_per_ctrlr                    1 # number of memory chips per memory controller
-gpgpu_memlatency_stat                    0 # track and display latency statistics 0x2 enables MC, 0x4 enables queue logs
-gpgpu_frfcfs_dram_sched_queue_size                  256 # 0 = unlimited (default); # entries per chip
-gpgpu_dram_return_queue_size                  512 # 0 = unlimited (default); # entries per chip
-gpgpu_dram_buswidth                   32 # default = 4 bytes (8 bytes per cycle at DDR)
-gpgpu_dram_burst_length                    2 # Burst length of each DRAM request (default = 4 data bus cycle)
-dram_data_command_freq_ratio                    2 # Frequency ratio between DRAM data bus and command bus (default = 2 times, i.e. DDR)
-gpgpu_dram_timing_opt nbk=16:CCD=4:RRD=11:RCD=44:RAS=104:RP=44:RC=147:CL=44:WL=8:CDLR=11:WR=38:nbkgrp=4:CCDL=8:RTPL=11 # DRAM timing parameters = {nbk:tCCD:tRRD:tRCD:tRAS:tRP:tRC:CL:WL:tCDLR:tWR:nbkgrp:tCCDL:tRTPL}
-gpgpu_l2_rop_latency                  160 # ROP queue latency (default 85)
-dram_latency                         100 # DRAM latency (default 30)
-dram_dual_bus_interface                  257 # dual_bus_interface (default = 0) 
-dram_bnk_indexing_policy                    0 # dram_bnk_indexing_policy (0 = normal indexing, 1 = Xoring with the higher bits) (Default = 0)
-dram_bnkgrp_indexing_policy                    1 # dram_bnkgrp_indexing_policy (0 = take higher bits, 1 = take lower bits) (Default = 0)
-dram_seperate_write_queue_enable                    1 # Seperate_Write_Queue_Enable
-dram_write_queue_size             64:56:32 # Write_Queue_Size
-dram_elimnate_rw_turnaround                    0 # elimnate_rw_turnaround i.e set tWTR and tRTW = 0
-icnt_flit_size                        40 # icnt_flit_size
-SST_mode                               0 # SST mode
-gpgpu_mem_addr_mapping dramid@8;00000000.00000000.00000000.00000000.0000RRRR.RRRRRRRR.RBBBCCCB.CCCSSSSS # mapping memory address to dram model {dramid@<start bit>;<memory address map>}
-gpgpu_mem_addr_test                    0 # run sweep test to check address mapping for aliased address
-gpgpu_mem_address_mask                    1 # 0 = old addressing mask, 1 = new addressing mask, 2 = new add. mask + flipped bank sel and chip sel bits
-gpgpu_memory_partition_indexing                    0 # 0 = no indexing, 1 = bitwise xoring, 2 = IPoly, 3 = custom indexing
-accelwattch_xml_file accelwattch_sass_sim.xml # AccelWattch XML file
-power_simulation_enabled                    0 # Turn on power simulator (1=On, 0=Off)
-power_per_cycle_dump                    0 # Dump detailed power output each cycle
-hw_perf_file_name            hw_perf.csv # Hardware Performance Statistics file
-hw_perf_bench_name                       # Kernel Name in Hardware Performance Statistics file
-power_simulation_mode                    0 # Switch performance counter input for power simulation (0=Sim, 1=HW, 2=HW-Sim Hybrid)
-dvfs_enabled                           0 # Turn on DVFS for power model
-aggregate_power_stats                    0 # Accumulate power across all kernels
-accelwattch_hybrid_perfsim_L1_RH                    0 # Get L1 Read Hits for Accelwattch-Hybrid from Accel-Sim
-accelwattch_hybrid_perfsim_L1_RM                    0 # Get L1 Read Misses for Accelwattch-Hybrid from Accel-Sim
-accelwattch_hybrid_perfsim_L1_WH                    0 # Get L1 Write Hits for Accelwattch-Hybrid from Accel-Sim
-accelwattch_hybrid_perfsim_L1_WM                    0 # Get L1 Write Misses for Accelwattch-Hybrid from Accel-Sim
-accelwattch_hybrid_perfsim_L2_RH                    0 # Get L2 Read Hits for Accelwattch-Hybrid from Accel-Sim
-accelwattch_hybrid_perfsim_L2_RM                    0 # Get L2 Read Misses for Accelwattch-Hybrid from Accel-Sim
-accelwattch_hybrid_perfsim_L2_WH                    0 # Get L2 Write Hits for Accelwattch-Hybrid from Accel-Sim
-accelwattch_hybrid_perfsim_L2_WM                    0 # Get L2 Write Misses for Accelwattch-Hybrid from Accel-Sim
-accelwattch_hybrid_perfsim_CC_ACC                    0 # Get Constant Cache Acesses for Accelwattch-Hybrid from Accel-Sim
-accelwattch_hybrid_perfsim_SHARED_ACC                    0 # Get Shared Memory Acesses for Accelwattch-Hybrid from Accel-Sim
-accelwattch_hybrid_perfsim_DRAM_RD                    0 # Get DRAM Reads for Accelwattch-Hybrid from Accel-Sim
-accelwattch_hybrid_perfsim_DRAM_WR                    0 # Get DRAM Writes for Accelwattch-Hybrid from Accel-Sim
-accelwattch_hybrid_perfsim_NOC                    0 # Get Interconnect Acesses for Accelwattch-Hybrid from Accel-Sim
-accelwattch_hybrid_perfsim_PIPE_DUTY                    0 # Get Pipeline Duty Cycle Acesses for Accelwattch-Hybrid from Accel-Sim
-accelwattch_hybrid_perfsim_NUM_SM_IDLE                    0 # Get Number of Idle SMs for Accelwattch-Hybrid from Accel-Sim
-accelwattch_hybrid_perfsim_CYCLES                    0 # Get Executed Cycles for Accelwattch-Hybrid from Accel-Sim
-accelwattch_hybrid_perfsim_VOLTAGE                    0 # Get Chip Voltage for Accelwattch-Hybrid from Accel-Sim
-power_trace_enabled                    0 # produce a file for the power trace (1=On, 0=Off)
-power_trace_zlevel                     6 # Compression level of the power trace output log (0=no comp, 9=highest)
-steady_power_levels_enabled                    0 # produce a file for the steady power levels (1=On, 0=Off)
-steady_state_definition                  8:4 # allowed deviation:number of samples
-gpgpu_max_cycle                        0 # terminates gpu simulation early (0 = no limit)
-gpgpu_max_insn                         0 # terminates gpu simulation early (0 = no limit)
-gpgpu_max_cta                          0 # terminates gpu simulation early (0 = no limit)
-gpgpu_max_completed_cta                    0 # terminates gpu simulation early (0 = no limit)
-gpgpu_runtime_stat                   500 # display runtime statistics such as dram utilization {<freq>:<flag>}
-liveness_message_freq                    1 # Minimum number of seconds between simulation liveness messages (0 = always print)
-gpgpu_compute_capability_major                    7 # Major compute capability version number
-gpgpu_compute_capability_minor                    0 # Minor compute capability version number
-gpgpu_flush_l1_cache                    1 # Flush L1 cache at the end of each kernel call
-gpgpu_flush_l2_cache                    0 # Flush L2 cache at the end of each kernel call
-gpgpu_deadlock_detect                    0 # Stop the simulation at deadlock (1=on (default), 0=off)
-gpgpu_ptx_instruction_classification                    0 # if enabled will classify ptx instruction types per kernel (Max 255 kernels now)
-gpgpu_ptx_sim_mode                     0 # Select between Performance (default) or Functional simulation (1)
-gpgpu_clock_domains 1980.0:1980.0:1980.0:3125.0 # Clock Domain Frequencies in MhZ {<Core Clock>:<ICNT Clock>:<L2 Clock>:<DRAM Clock>}
-gpgpu_max_concurrent_kernel                  128 # maximum kernels that can run concurrently on GPU, set this value according to max resident grids for your compute capability
-gpgpu_cflog_interval                    0 # Interval between each snapshot in control flow logger
-visualizer_enabled                     0 # Turn on visualizer output (1=On, 0=Off)
-visualizer_outputfile                 NULL # Specifies the output log file for visualizer
-visualizer_zlevel                      6 # Compression level of the visualizer output log (0=no comp, 9=highest)
-gpgpu_stack_size_limit                 1024 # GPU thread stack size
-gpgpu_heap_size_limit              8388608 # GPU malloc heap size 
-gpgpu_runtime_sync_depth_limit                    2 # GPU device runtime synchronize depth
-gpgpu_runtime_pending_launch_count_limit                 2048 # GPU device runtime pending launch count
-trace_enabled                          0 # Turn on traces
-trace_components                    none # comma seperated list of traces to enable. Complete list found in trace_streams.tup. Default none
-trace_sampling_core                    0 # The core which is printed using CORE_DPRINTF. Default 0
-trace_sampling_memory_partition                   -1 # The memory partition which is printed using MEMPART_DPRINTF. Default -1 (i.e. all)
-enable_ptx_file_line_stats                    1 # Turn on PTX source line statistic profiling. (1 = On)
-ptx_line_stats_filename gpgpu_inst_stats.txt # Output file for PTX source line statistics.
-gpgpu_kernel_launch_latency                 5000 # Kernel launch latency in cycles. Default: 0
-gpgpu_cdp_enabled                      0 # Turn on CDP
-gpgpu_TB_launch_latency                    0 # thread block launch latency in cycles. Default: 0
DRAM Timing Options:
nbk                                    16 # number of banks
CCD                                     4 # column to column delay
RRD                                    11 # minimal delay between activation of rows in different banks
RCD                                    44 # row to column delay
RAS                                   104 # time needed to activate row
RP                                     44 # time needed to precharge (deactivate) row
RC                                    147 # row cycle time
CDLR                                   11 # switching from write to read (changes tWTR)
WR                                     38 # last data-in to row precharge
CL                                     44 # CAS latency
WL                                      8 # Write latency
nbkgrp                                  4 # number of bank groups
CCDL                                    8 # column to column delay between accesses to different bank groups
RTPL                                   11 # read to precharge delay between accesses to different bank groups
Total number of memory sub partition = 48
addr_dec_mask[CHIP]  = 0000000000000000 	high:64 low:0
addr_dec_mask[BK]    = 0000000000007100 	high:15 low:8
addr_dec_mask[ROW]   = 000000000fff8000 	high:28 low:15
addr_dec_mask[COL]   = 0000000000000eff 	high:12 low:0
addr_dec_mask[BURST] = 000000000000001f 	high:5 low:0
sub_partition_id_mask = 0000000000000100
GPGPU-Sim uArch: clock freqs: 1980000000.000000:1980000000.000000:1980000000.000000:3125000000.000000
GPGPU-Sim uArch: clock periods: 0.00000000050505050505:0.00000000050505050505:0.00000000050505050505:0.00000000032000000000
*** Initializing Memory Statistics ***
GPGPU-Sim uArch: perfoed417b28f45c5e71552d5b0fb3bdc81a  /tmp/stream_fma_base_tier1_v23_20260607_135441/v3_policy6/stream_fma_v6_v2_m4_c128_cta512
Extracting PTX file and ptxas options    1: stream_fma_v6_v2_m4_c128_cta512.1.sm_70.ptx -arch=sm_70
rmance model initialization complete.
GPGPU-Sim PTX: __cudaRegisterFatBinary, fat_cubin_handle = 1, filename=default
self exe links to: /tmp/stream_fma_base_tier1_v23_20260607_135441/v3_policy6/stream_fma_v6_v2_m4_c128_cta512
Running md5sum using "md5sum /tmp/stream_fma_base_tier1_v23_20260607_135441/v3_policy6/stream_fma_v6_v2_m4_c128_cta512 "
self exe links to: /tmp/stream_fma_base_tier1_v23_20260607_135441/v3_policy6/stream_fma_v6_v2_m4_c128_cta512
Extracting specific PTX file named stream_fma_v6_v2_m4_c128_cta512.1.sm_70.ptx 
GPGPU-Sim PTX: __cudaRegisterFunction stream_fma_v6_v3_m8_kernel : hostFun 0x0x556fbb589d60, fat_cubin_handle = 1
GPGPU-Sim PTX: Parsing stream_fma_v6_v2_m4_c128_cta512.1.sm_70.ptx
GPGPU-Sim PTX: allocating shared region for "_ZZ34stream_fma_v6_variant2_kernel_implILi1EEvPKfS1_S1_PfmiE6smem_a" from 0x0 to 0x400 (shared memory space)
GPGPU-Sim PTX: allocating shared region for "_ZZ34stream_fma_v6_variant2_kernel_implILi1EEvPKfS1_S1_PfmiE6smem_b" from 0x400 to 0x800 (shared memory space)
GPGPU-Sim PTX: allocating shared region for "_ZZ34stream_fma_v6_variant2_kernel_implILi1EEvPKfS1_S1_PfmiE6smem_c" from 0x800 to 0xc00 (shared memory space)
GPGPU-Sim PTX: Warning -- ignoring pragma 'nounroll'
GPGPU-Sim PTX: Warning -- ignoring pragma 'nounroll'
GPGPU-Sim PTX: instruction assembly for function 'stream_fma_v6_v2_m1_kernel'...   done.
GPGPU-Sim PTX: allocating shared region for "_ZZ34stream_fma_v6_variant2_kernel_implILi2EEvPKfS1_S1_PfmiE6smem_a" from 0x0 to 0x400 (shared memory space)
GPGPU-Sim PTX: allocating shared region for "_ZZ34stream_fma_v6_variant2_kernel_implILi2EEvPKfS1_S1_PfmiE6smem_b" from 0x400 to 0x800 (shared memory space)
GPGPU-Sim PTX: allocating shared region for "_ZZ34stream_fma_v6_variant2_kernel_implILi2EEvPKfS1_S1_PfmiE6smem_c" from 0x800 to 0xc00 (shared memory space)
GPGPU-Sim PTX: Warning -- ignoring pragma 'nounroll'
GPGPU-Sim PTX: Warning -- ignoring pragma 'nounroll'
GPGPU-Sim PTX: Warning -- ignoring pragma 'nounroll'
GPGPU-Sim PTX: Warning -- ignoring pragma 'nounroll'
GPGPU-Sim PTX: instruction assembly for function 'stream_fma_v6_v2_m2_kernel'...   done.
GPGPU-Sim PTX: allocating shared region for "_ZZ34stream_fma_v6_variant2_kernel_implILi4EEvPKfS1_S1_PfmiE6smem_a" from 0x0 to 0x400 (shared memory space)
GPGPU-Sim PTX: allocating shared region for "_ZZ34stream_fma_v6_variant2_kernel_implILi4EEvPKfS1_S1_PfmiE6smem_b" from 0x400 to 0x800 (shared memory space)
GPGPU-Sim PTX: allocating shared region for "_ZZ34stream_fma_v6_variant2_kernel_implILi4EEvPKfS1_S1_PfmiE6smem_c" from 0x800 to 0xc00 (shared memory space)
GPGPU-Sim PTX: Warning -- ignoring pragma 'nounroll'
GPGPU-Sim PTX: Warning -- ignoring pragma 'nounroll'
GPGPU-Sim PTX: Warning -- ignoring pragma 'nounroll'
GPGPU-Sim PTX: Warning -- ignoring pragma 'nounroll'
GPGPU-Sim PTX: Warning -- ignoring pragma 'nounroll'
GPGPU-Sim PTX: Warning -- ignoring pragma 'nounroll'
GPGPU-Sim PTX: Warning -- ignoring pragma 'nounroll'
GPGPU-Sim PTX: Warning -- ignoring pragma 'nounroll'
GPGPU-Sim PTX: instruction assembly for function 'stream_fma_v6_v2_m4_kernel'...   done.
GPGPU-Sim PTX: allocating shared region for "_ZZ34stream_fma_v6_variant2_kernel_implILi8EEvPKfS1_S1_PfmiE6smem_a" from 0x0 to 0x400 (shared memory space)
GPGPU-Sim PTX: allocating shared region for "_ZZ34stream_fma_v6_variant2_kernel_implILi8EEvPKfS1_S1_PfmiE6smem_b" from 0x400 to 0x800 (shared memory space)
GPGPU-Sim PTX: allocating shared region for "_ZZ34stream_fma_v6_variant2_kernel_implILi8EEvPKfS1_S1_PfmiE6smem_c" from 0x800 to 0xc00 (shared memory space)
GPGPU-Sim PTX: Warning -- ignoring pragma 'nounroll'
GPGPU-Sim PTX: Warning -- ignoring pragma 'nounroll'
GPGPU-Sim PTX: Warning -- ignoring pragma 'nounroll'
GPGPU-Sim PTX: Warning -- ignoring pragma 'nounroll'
GPGPU-Sim PTX: Warning -- ignoring pragma 'nounroll'
GPGPU-Sim PTX: Warning -- ignoring pragma 'nounroll'
GPGPU-Sim PTX: Warning -- ignoring pragma 'nounroll'
GPGPU-Sim PTX: Warning -- ignoring pragma 'nounroll'
GPGPU-Sim PTX: Warning -- ignoring pragma 'nounroll'
GPGPU-Sim PTX: Warning -- ignoring pragma 'nounroll'
GPGPU-Sim PTX: Warning -- ignoring pragma 'nounroll'
GPGPU-Sim PTX: Warning -- ignoring pragma 'nounroll'
GPGPU-Sim PTX: Warning -- ignoring pragma 'nounroll'
GPGPU-Sim PTX: Warning -- ignoring pragma 'nounroll'
GPGPU-Sim PTX: Warning -- ignoring pragma 'nounroll'
GPGPU-Sim PTX: Warning -- ignoring pragma 'nounroll'
GPGPU-Sim PTX: instruction assembly for function 'stream_fma_v6_v2_m8_kernel'...   done.
GPGPU-Sim PTX: allocating shared region for "_ZZ34stream_fma_v6_variant3_kernel_implILi1EEvPKfS1_S1_PfmiE7queue_a" from 0x0 to 0x400 (shared memory space)
GPGPU-Sim PTX: allocating shared region for "_ZZ34stream_fma_v6_variant3_kernel_implILi1EEvPKfS1_S1_PfmiE7queue_b" from 0x400 to 0x800 (shared memory space)
GPGPU-Sim PTX: allocating shared region for "_ZZ34stream_fma_v6_variant3_kernel_implILi1EEvPKfS1_S1_PfmiE7queue_c" from 0x800 to 0xc00 (shared memory space)
GPGPU-Sim PTX: Warning -- ignoring pragma 'nounroll'
GPGPU-Sim PTX: Warning -- ignoring pragma 'nounroll'
GPGPU-Sim PTX: instruction assembly for function 'stream_fma_v6_v3_m1_kernel'...   done.
GPGPU-Sim PTX: allocating shared region for "_ZZ34stream_fma_v6_variant3_kernel_implILi2EEvPKfS1_S1_PfmiE7queue_a" from 0x0 to 0x800 (shared memory space)
GPGPU-Sim PTX: allocating shared region for "_ZZ34stream_fma_v6_variant3_kernel_implILi2EEvPKfS1_S1_PfmiE7queue_b" from 0x800 to 0x1000 (shared memory space)
GPGPU-Sim PTX: allocating shared region for "_ZZ34stream_fma_v6_variant3_kernel_implILi2EEvPKfS1_S1_PfmiE7queue_c" from 0x1000 to 0x1800 (shared memory space)
GPGPU-Sim PTX: Warning -- ignoring pragma 'nounroll'
GPGPU-Sim PTX: Warning -- ignoring pragma 'nounroll'
GPGPU-Sim PTX: Warning -- ignoring pragma 'nounroll'
GPGPU-Sim PTX: Warning -- ignoring pragma 'nounroll'
GPGPU-Sim PTX: instruction assembly for function 'stream_fma_v6_v3_m2_kernel'...   done.
GPGPU-Sim PTX: allocating shared region for "_ZZ34stream_fma_v6_variant3_kernel_implILi4EEvPKfS1_S1_PfmiE7queue_a" from 0x0 to 0x1000 (shared memory space)
GPGPU-Sim PTX: allocating shared region for "_ZZ34stream_fma_v6_variant3_kernel_implILi4EEvPKfS1_S1_PfmiE7queue_b" from 0x1000 to 0x2000 (shared memory space)
GPGPU-Sim PTX: allocating shared region for "_ZZ34stream_fma_v6_variant3_kernel_implILi4EEvPKfS1_S1_PfmiE7queue_c" from 0x2000 to 0x3000 (shared memory space)
GPGPU-Sim PTX: Warning -- ignoring pragma 'nounroll'
GPGPU-Sim PTX: Warning -- ignoring pragma 'nounroll'
GPGPU-Sim PTX: Warning -- ignoring pragma 'nounroll'
GPGPU-Sim PTX: Warning -- ignoring pragma 'nounroll'
GPGPU-Sim PTX: Warning -- ignoring pragma 'nounroll'
GPGPU-Sim PTX: Warning -- ignoring pragma 'nounroll'
GPGPU-Sim PTX: Warning -- ignoring pragma 'nounroll'
GPGPU-Sim PTX: Warning -- ignoring pragma 'nounroll'
GPGPU-Sim PTX: instruction assembly for function 'stream_fma_v6_v3_m4_kernel'...   done.
GPGPU-Sim PTX: allocating shared region for "_ZZ34stream_fma_v6_variant3_kernel_implILi8EEvPKfS1_S1_PfmiE7queue_a" from 0x0 to 0x2000 (shared memory space)
GPGPU-Sim PTX: allocating shared region for "_ZZ34stream_fma_v6_variant3_kernel_implILi8EEvPKfS1_S1_PfmiE7queue_b" from 0x2000 to 0x4000 (shared memory space)
GPGPU-Sim PTX: allocating shared region for "_ZZ34stream_fma_v6_variant3_kernel_implILi8EEvPKfS1_S1_PfmiE7queue_c" from 0x4000 to 0x6000 (shared memory space)
GPGPU-Sim PTX: Warning -- ignoring pragma 'nounroll'
GPGPU-Sim PTX: Warning -- ignoring pragma 'nounroll'
GPGPU-Sim PTX: Warning -- ignoring pragma 'nounroll'
GPGPU-Sim PTX: Warning -- ignoring pragma 'nounroll'
GPGPU-Sim PTX: Warning -- ignoring pragma 'nounroll'
GPGPU-Sim PTX: Warning -- ignoring pragma 'nounroll'
GPGPU-Sim PTX: Warning -- ignoring pragma 'nounroll'
GPGPU-Sim PTX: Warning -- ignoring pragma 'nounroll'
GPGPU-Sim PTX: Warning -- ignoring pragma 'nounroll'
GPGPU-Sim PTX: Warning -- ignoring pragma 'nounroll'
GPGPU-Sim PTX: Warning -- ignoring pragma 'nounroll'
GPGPU-Sim PTX: Warning -- ignoring pragma 'nounroll'
GPGPU-Sim PTX: Warning -- ignoring pragma 'nounroll'
GPGPU-Sim PTX: Warning -- ignoring pragma 'nounroll'
GPGPU-Sim PTX: Warning -- ignoring pragma 'nounroll'
GPGPU-Sim PTX: Warning -- ignoring pragma 'nounroll'
GPGPU-Sim PTX: instruction assembly for function 'stream_fma_v6_v3_m8_kernel'...   done.
GPGPU-Sim PTX: finished parsing EMBEDDED .ptx file stream_fma_v6_v2_m4_c128_cta512.1.sm_70.ptx
GPGPU-Sim PTX: loading globals with explicit initializers... 
GPGPU-Sim PTX: finished loading globals (0 bytes total).
GPGPU-Sim PTX: loading constants with explicit initializers...  done.
GPGPU-Sim PTX: Loading PTXInfo from stream_fma_v6_v2_m4_c128_cta512.1.sm_70.ptx
GPGPU-Sim PTX: Kernel 'stream_fma_v6_v3_m8_kernel' : regs=19, lmem=0, smem=24576, cmem=396
GPGPU-Sim PTX: Kernel 'stream_fma_v6_v3_m4_kernel' : regs=18, lmem=0, smem=12288, cmem=396
GPGPU-Sim PTX: Kernel 'stream_fma_v6_v3_m2_kernel' : regs=22, lmem=0, smem=6144, cmem=396
GPGPU-Sim PTX: Kernel 'stream_fma_v6_v3_m1_kernel' : regs=21, lmem=0, smem=3072, cmem=396
GPGPU-Sim PTX: Kernel 'stream_fma_v6_v2_m8_kernel' : regs=19, lmem=0, smem=3072, cmem=396
GPGPU-Sim PTX: Kernel 'stream_fma_v6_v2_m4_kernel' : regs=18, lmem=0, smem=3072, cmem=396
GPGPU-Sim PTX: Kernel 'stream_fma_v6_v2_m2_kernel' : regs=22, lmem=0, smem=3072, cmem=396
GPGPU-Sim PTX: Kernel 'stream_fma_v6_v2_m1_kernel' : regs=21, lmem=0, smem=3072, cmem=396
GPGPU-Sim PTX: __cudaRegisterFunction stream_fma_v6_v3_m4_kernel : hostFun 0x0x556fbb589c30, fat_cubin_handle = 1
GPGPU-Sim PTX: __cudaRegisterFunction stream_fma_v6_v3_m2_kernel : hostFun 0x0x556fbb58a480, fat_cubin_handle = 1
GPGPU-Sim PTX: __cudaRegisterFunction stream_fma_v6_v3_m1_kernel : hostFun 0x0x556fbb58a350, fat_cubin_handle = 1
GPGPU-Sim PTX: __cudaRegisterFunction stream_fma_v6_v2_m8_kernel : hostFun 0x0x556fbb58a220, fat_cubin_handle = 1
GPGPU-Sim PTX: __cudaRegisterFunction stream_fma_v6_v2_m4_kernel : hostFun 0x0x556fbb58a0f0, fat_cubin_handle = 1
GPGPU-Sim PTX: __cudaRegisterFunction stream_fma_v6_v2_m2_kernel : hostFun 0x0x556fbb589fc0, fat_cubin_handle = 1
GPGPU-Sim PTX: __cudaRegisterFunction stream_fma_v6_v2_m1_kernel : hostFun 0x0x556fbb589e90, fat_cubin_handle = 1
device=GPGPU-Sim_vGPGPU-Sim Simulator Version 4.2.0   cc=7.0  variant=3  n=524288  iters=128  memory_iters=4  repeats=1  warmup=0
CTAs=512  threads/CTA=256  elements/CTA=1024  chunks/CTA=8  chunk_elements=128  producer_warps/CTA=4  consumer_warps/CTA=4  shared_buffers=8  shared_bytes=12288  rfq_queue_depth=8  barriers_per_chunk=1  mapping=warp_specialized_w0_3_producer_w4_7_consumer
GPGPU-Sim: synchronize waiting for inactive GPU simulation
GPGPU-Sim API: Stream Manager State
GPGPU-Sim: detected inactive GPU simulation thread
event update
GPGPU-Sim PTX: Setting up arguments for 8 bytes starting at 0x7ffd3d2b4db8..
GPGPU-Sim PTX: Setting up arguments for 8 bytes starting at 0x7ffd3d2b4dc0..
GPGPU-Sim PTX: Setting up arguments for 8 bytes starting at 0x7ffd3d2b4dc8..
GPGPU-Sim PTX: Setting up arguments for 8 bytes starting at 0x7ffd3d2b4dd0..
GPGPU-Sim PTX: Setting up arguments for 8 bytes starting at 0x7ffd3d2b4da8..
GPGPU-Sim PTX: Setting up arguments for 4 bytes starting at 0x7ffd3d2b4da4..

GPGPU-Sim PTX: cudaLaunch for 0x0x556fbb589c30 (mode=performance simulation) on stream 0
GPGPU-Sim PTX: finding reconvergence points for 'stream_fma_v6_v3_m4_kernel'...
GPGPU-Sim PTX: Finding dominators for 'stream_fma_v6_v3_m4_kernel'...
GPGPU-Sim PTX: Finding immediate dominators for 'stream_fma_v6_v3_m4_kernel'...
GPGPU-Sim PTX: Finding postdominators for 'stream_fma_v6_v3_m4_kernel'...
GPGPU-Sim PTX: Finding immediate postdominators for 'stream_fma_v6_v3_m4_kernel'...
GPGPU-Sim PTX: pre-decoding instructions for 'stream_fma_v6_v3_m4_kernel'...
GPGPU-Sim PTX: reconvergence points for stream_fma_v6_v3_m4_kernel...
GPGPU-Sim PTX:  1 (potential) branch divergence @  PC=0x5910 (stream_fma_v6_v2_m4_c128_cta512.1.sm_70.ptx:3695) @%p4 bra $L__BB6_2;
GPGPU-Sim PTX:    immediate post dominator      @  PC=0x59a0 (stream_fma_v6_v2_m4_c128_cta512.1.sm_70.ptx:3716) bar.sync 0;
GPGPU-Sim PTX:  2 (potential) branch divergence @  PC=0x59c8 (stream_fma_v6_v2_m4_c128_cta512.1.sm_70.ptx:3721) @%p7 bra $L__BB6_11;
GPGPU-Sim PTX:    immediate post dominator      @  PC=0x5b68 (stream_fma_v6_v2_m4_c128_cta512.1.sm_70.ptx:3788) add.s64 %rd6, %rd4, 128;
GPGPU-Sim PTX:  3 (potential) branch divergence @  PC=0x5a28 (stream_fma_v6_v2_m4_c128_cta512.1.sm_70.ptx:3734) @%p8 bra $L__BB6_10;
GPGPU-Sim PTX:    immediate post dominator      @  PC=0x5b50 (stream_fma_v6_v2_m4_c128_cta512.1.sm_70.ptx:3783) add.f32 %f212, %f365, %f375;
GPGPU-Sim PTX:  4 (potential) branch divergence @  PC=0x5a48 (stream_fma_v6_v2_m4_c128_cta512.1.sm_70.ptx:3739) @%p9 bra $L__BB6_7;
GPGPU-Sim PTX:    immediate post dominator      @  PC=0x5ae8 (stream_fma_v6_v2_m4_c128_cta512.1.sm_70.ptx:3764) setp.eq.s32 %p11, %r175, 0;
GPGPU-Sim PTX:  5 (potential) branch divergence @  PC=0x5ae0 (stream_fma_v6_v2_m4_c128_cta512.1.sm_70.ptx:3761) @%p10 bra $L__BB6_6;
GPGPU-Sim PTX:    immediate post dominator      @  PC=0x5ae8 (stream_fma_v6_v2_m4_c128_cta512.1.sm_70.ptx:3764) setp.eq.s32 %p11, %r175, 0;
GPGPU-Sim PTX:  6 (potential) branch divergence @  PC=0x5af0 (stream_fma_v6_v2_m4_c128_cta512.1.sm_70.ptx:3765) @%p11 bra $L__BB6_10;
GPGPU-Sim PTX:    immediate post dominator      @  PC=0x5b50 (stream_fma_v6_v2_m4_c128_cta512.1.sm_70.ptx:3783) add.f32 %f212, %f365, %f375;
GPGPU-Sim PTX:  7 (potential) branch divergence @  PC=0x5b48 (stream_fma_v6_v2_m4_c128_cta512.1.sm_70.ptx:3780) @%p12 bra $L__BB6_9;
GPGPU-Sim PTX:    immediate post dominator      @  PC=0x5b50 (stream_fma_v6_v2_m4_c128_cta512.1.sm_70.ptx:3783) add.f32 %f212, %f365, %f375;
GPGPU-Sim PTX:  8 (potential) branch divergence @  PC=0x5b80 (stream_fma_v6_v2_m4_c128_cta512.1.sm_70.ptx:3791) @%p15 bra $L__BB6_13;
GPGPU-Sim PTX:    immediate post dominator      @  PC=0x5c10 (stream_fma_v6_v2_m4_c128_cta512.1.sm_70.ptx:3812) bar.sync 0;
GPGPU-Sim PTX:  9 (potential) branch divergence @  PC=0x5c20 (stream_fma_v6_v2_m4_c128_cta512.1.sm_70.ptx:3814) @%p18 bra $L__BB6_22;
GPGPU-Sim PTX:    immediate post dominator      @  PC=0x5dc0 (stream_fma_v6_v2_m4_c128_cta512.1.sm_70.ptx:3881) add.s64 %rd7, %rd4, 256;
GPGPU-Sim PTX: 10 (potential) branch divergence @  PC=0x5c80 (stream_fma_v6_v2_m4_c128_cta512.1.sm_70.ptx:3827) @%p19 bra $L__BB6_21;
GPGPU-Sim PTX:    immediate post dominator      @  PC=0x5da8 (stream_fma_v6_v2_m4_c128_cta512.1.sm_70.ptx:3876) add.f32 %f233, %f380, %f390;
GPGPU-Sim PTX: 11 (potential) branch divergence @  PC=0x5ca0 (stream_fma_v6_v2_m4_c128_cta512.1.sm_70.ptx:3832) @%p20 bra $L__BB6_18;
GPGPU-Sim PTX:    immediate post dominator      @  PC=0x5d40 (stream_fma_v6_v2_m4_c128_cta512.1.sm_70.ptx:3857) setp.eq.s32 %p22, %r177, 0;
GPGPU-Sim PTX: 12 (potential) branch divergence @  PC=0x5d38 (stream_fma_v6_v2_m4_c128_cta512.1.sm_70.ptx:3854) @%p21 bra $L__BB6_17;
GPGPU-Sim PTX:    immediate post dominator      @  PC=0x5d40 (stream_fma_v6_v2_m4_c128_cta512.1.sm_70.ptx:3857) setp.eq.s32 %p22, %r177, 0;
GPGPU-Sim PTX: 13 (potential) branch divergence @  PC=0x5d48 (stream_fma_v6_v2_m4_c128_cta512.1.sm_70.ptx:3858) @%p22 bra $L__BB6_21;
GPGPU-Sim PTX:    immediate post dominator      @  PC=0x5da8 (stream_fma_v6_v2_m4_c128_cta512.1.sm_70.ptx:3876) add.f32 %f233, %f380, %f390;
GPGPU-Sim PTX: 14 (potential) branch divergence @  PC=0x5da0 (stream_fma_v6_v2_m4_c128_cta512.1.sm_70.ptx:3873) @%p23 bra $L__BB6_20;
GPGPU-Sim PTX:    immediate post dominator      @  PC=0x5da8 (stream_fma_v6_v2_m4_c128_cta512.1.sm_70.ptx:3876) add.f32 %f233, %f380, %f390;
GPGPU-Sim PTX: 15 (potential) branch divergence @  PC=0x5dd8 (stream_fma_v6_v2_m4_c128_cta512.1.sm_70.ptx:3884) @%p26 bra $L__BB6_24;
GPGPU-Sim PTX:    immediate post dominator      @  PC=0x5e68 (stream_fma_v6_v2_m4_c128_cta512.1.sm_70.ptx:3905) bar.sync 0;
GPGPU-Sim PTX: 16 (potential) branch divergence @  PC=0x5e78 (stream_fma_v6_v2_m4_c128_cta512.1.sm_70.ptx:3907) @%p29 bra $L__BB6_33;
GPGPU-Sim PTX:    immediate post dominator      @  PC=0x6018 (stream_fma_v6_v2_m4_c128_cta512.1.sm_70.ptx:3974) add.s64 %rd8, %rd4, 384;
GPGPU-Sim PTX: 17 (potential) branch divergence @  PC=0x5ed8 (stream_fma_v6_v2_m4_c128_cta512.1.sm_70.ptx:3920) @%p30 bra $L__BB6_32;
GPGPU-Sim PTX:    immediate post dominator      @  PC=0x6000 (stream_fma_v6_v2_m4_c128_cta512.1.sm_70.ptx:3969) add.f32 %f254, %f395, %f405;
GPGPU-Sim PTX: 18 (potential) branch divergence @  PC=0x5ef8 (stream_fma_v6_v2_m4_c128_cta512.1.sm_70.ptx:3925) @%p31 bra $L__BB6_29;
GPGPU-Sim PTX:    immediate post dominator      @  PC=0x5f98 (stream_fma_v6_v2_m4_c128_cta512.1.sm_70.ptx:3950) setp.eq.s32 %p33, %r179, 0;
GPGPU-Sim PTX: 19 (potential) branch divergence @  PC=0x5f90 (stream_fma_v6_v2_m4_c128_cta512.1.sm_70.ptx:3947) @%p32 bra $L__BB6_28;
GPGPU-Sim PTX:    immediate post dominator      @  PC=0x5f98 (stream_fma_v6_v2_m4_c128_cta512.1.sm_70.ptx:3950) setp.eq.s32 %p33, %r179, 0;
GPGPU-Sim PTX: 20 (potential) branch divergence @  PC=0x5fa0 (stream_fma_v6_v2_m4_c128_cta512.1.sm_70.ptx:3951) @%p33 bra $L__BB6_32;
GPGPU-Sim PTX:    immediate post dominator      @  PC=0x6000 (stream_fma_v6_v2_m4_c128_cta512.1.sm_70.ptx:3969) add.f32 %f254, %f395, %f405;
GPGPU-Sim PTX: 21 (potential) branch divergence @  PC=0x5ff8 (stream_fma_v6_v2_m4_c128_cta512.1.sm_70.ptx:3966) @%p34 bra $L__BB6_31;
GPGPU-Sim PTX:    immediate post dominator      @  PC=0x6000 (stream_fma_v6_v2_m4_c128_cta512.1.sm_70.ptx:3969) add.f32 %f254, %f395, %f405;
GPGPU-Sim PTX: 22 (potential) branch divergence @  PC=0x6030 (stream_fma_v6_v2_m4_c128_cta512.1.sm_70.ptx:3977) @%p37 bra $L__BB6_35;
GPGPU-Sim PTX:    immediate post dominator      @  PC=0x60c0 (stream_fma_v6_v2_m4_c128_cta512.1.sm_70.ptx:3998) bar.sync 0;
GPGPU-Sim PTX: 23 (potential) branch divergence @  PC=0x60d0 (stream_fma_v6_v2_m4_c128_cta512.1.sm_70.ptx:4000) @%p40 bra $L__BB6_44;
GPGPU-Sim PTX:    immediate post dominator      @  PC=0x6270 (stream_fma_v6_v2_m4_c128_cta512.1.sm_70.ptx:4067) add.s64 %rd9, %rd4, 512;
GPGPU-Sim PTX: 24 (potential) branch divergence @  PC=0x6130 (stream_fma_v6_v2_m4_c128_cta512.1.sm_70.ptx:4013) @%p41 bra $L__BB6_43;
GPGPU-Sim PTX:    immediate post dominator      @  PC=0x6258 (stream_fma_v6_v2_m4_c128_cta512.1.sm_70.ptx:4062) add.f32 %f275, %f410, %f420;
GPGPU-Sim PTX: 25 (potential) branch divergence @  PC=0x6150 (stream_fma_v6_v2_m4_c128_cta512.1.sm_70.ptx:4018) @%p42 bra $L__BB6_40;
GPGPU-Sim PTX:    immediate post dominator      @  PC=0x61f0 (stream_fma_v6_v2_m4_c128_cta512.1.sm_70.ptx:4043) setp.eq.s32 %p44, %r181, 0;
GPGPU-Sim PTX: 26 (potential) branch divergence @  PC=0x61e8 (stream_fma_v6_v2_m4_c128_cta512.1.sm_70.ptx:4040) @%p43 bra $L__BB6_39;
GPGPU-Sim PTX:    immediate post dominator      @  PC=0x61f0 (stream_fma_v6_v2_m4_c128_cta512.1.sm_70.ptx:4043) setp.eq.s32 %p44, %r181, 0;
GPGPU-Sim PTX: 27 (potential) branch divergence @  PC=0x61f8 (stream_fma_v6_v2_m4_c128_cta512.1.sm_70.ptx:4044) @%p44 bra $L__BB6_43;
GPGPU-Sim PTX:    immediate post dominator      @  PC=0x6258 (stream_fma_v6_v2_m4_c128_cta512.1.sm_70.ptx:4062) add.f32 %f275, %f410, %f420;
GPGPU-Sim PTX: 28 (potential) branch divergence @  PC=0x6250 (stream_fma_v6_v2_m4_c128_cta512.1.sm_70.ptx:4059) @%p45 bra $L__BB6_42;
GPGPU-Sim PTX:    immediate post dominator      @  PC=0x6258 (stream_fma_v6_v2_m4_c128_cta512.1.sm_70.ptx:4062) add.f32 %f275, %f410, %f420;
GPGPU-Sim PTX: 29 (potential) branch divergence @  PC=0x6288 (stream_fma_v6_v2_m4_c128_cta512.1.sm_70.ptx:4070) @%p48 bra $L__BB6_46;
GPGPU-Sim PTX:    immediate post dominator      @  PC=0x6318 (stream_fma_v6_v2_m4_c128_cta512.1.sm_70.ptx:4091) bar.sync 0;
GPGPU-Sim PTX: 30 (potential) branch divergence @  PC=0x6328 (stream_fma_v6_v2_m4_c128_cta512.1.sm_70.ptx:4093) @%p51 bra $L__BB6_55;
GPGPU-Sim PTX:    immediate post dominator      @  PC=0x64c8 (stream_fma_v6_v2_m4_c128_cta512.1.sm_70.ptx:4160) add.s64 %rd10, %rd4, 640;
GPGPU-Sim PTX: 31 (potential) branch divergence @  PC=0x6388 (stream_fma_v6_v2_m4_c128_cta512.1.sm_70.ptx:4106) @%p52 bra $L__BB6_54;
GPGPU-Sim PTX:    immediate post dominator      @  PC=0x64b0 (stream_fma_v6_v2_m4_c128_cta512.1.sm_70.ptx:4155) add.f32 %f296, %f425, %f435;
GPGPU-Sim PTX: 32 (potential) branch divergence @  PC=0x63a8 (stream_fma_v6_v2_m4_c128_cta512.1.sm_70.ptx:4111) @%p53 bra $L__BB6_51;
GPGPU-Sim PTX:    immediate post dominator      @  PC=0x6448 (stream_fma_v6_v2_m4_c128_cta512.1.sm_70.ptx:4136) setp.eq.s32 %p55, %r183, 0;
GPGPU-Sim PTX: 33 (potential) branch divergence @  PC=0x6440 (stream_fma_v6_v2_m4_c128_cta512.1.sm_70.ptx:4133) @%p54 bra $L__BB6_50;
GPGPU-Sim PTX:    immediate post dominator      @  PC=0x6448 (stream_fma_v6_v2_m4_c128_cta512.1.sm_70.ptx:4136) setp.eq.s32 %p55, %r183, 0;
GPGPU-Sim PTX: 34 (potential) branch divergence @  PC=0x6450 (stream_fma_v6_v2_m4_c128_cta512.1.sm_70.ptx:4137) @%p55 bra $L__BB6_54;
GPGPU-Sim PTX:    immediate post dominator      @  PC=0x64b0 (stream_fma_v6_v2_m4_c128_cta512.1.sm_70.ptx:4155) add.f32 %f296, %f425, %f435;
GPGPU-Sim PTX: 35 (potential) branch divergence @  PC=0x64a8 (stream_fma_v6_v2_m4_c128_cta512.1.sm_70.ptx:4152) @%p56 bra $L__BB6_53;
GPGPU-Sim PTX:    immediate post dominator      @  PC=0x64b0 (stream_fma_v6_v2_m4_c128_cta512.1.sm_70.ptx:4155) add.f32 %f296, %f425, %f435;
GPGPU-Sim PTX: 36 (potential) branch divergence @  PC=0x64e0 (stream_fma_v6_v2_m4_c128_cta512.1.sm_70.ptx:4163) @%p59 bra $L__BB6_57;
GPGPU-Sim PTX:    immediate post dominator      @  PC=0x6570 (stream_fma_v6_v2_m4_c128_cta512.1.sm_70.ptx:4184) bar.sync 0;
GPGPU-Sim PTX: 37 (potential) branch divergence @  PC=0x6580 (stream_fma_v6_v2_m4_c128_cta512.1.sm_70.ptx:4186) @%p62 bra $L__BB6_66;
GPGPU-Sim PTX:    immediate post dominator      @  PC=0x6720 (stream_fma_v6_v2_m4_c128_cta512.1.sm_70.ptx:4253) add.s64 %rd11, %rd4, 768;
GPGPU-Sim PTX: 38 (potential) branch divergence @  PC=0x65e0 (stream_fma_v6_v2_m4_c128_cta512.1.sm_70.ptx:4199) @%p63 bra $L__BB6_65;
GPGPU-Sim PTX:    immediate post dominator      @  PC=0x6708 (stream_fma_v6_v2_m4_c128_cta512.1.sm_70.ptx:4248) add.f32 %f317, %f440, %f450;
GPGPU-Sim PTX: 39 (potential) branch divergence @  PC=0x6600 (stream_fma_v6_v2_m4_c128_cta512.1.sm_70.ptx:4204) @%p64 bra $L__BB6_62;
GPGPU-Sim PTX:    immediate post dominator      @  PC=0x66a0 (stream_fma_v6_v2_m4_c128_cta512.1.sm_70.ptx:4229) setp.eq.s32 %p66, %r185, 0;
GPGPU-Sim PTX: 40 (potential) branch divergence @  PC=0x6698 (stream_fma_v6_v2_m4_c128_cta512.1.sm_70.ptx:4226) @%p65 bra $L__BB6_61;
GPGPU-Sim PTX:    immediate post dominator      @  PC=0x66a0 (stream_fma_v6_v2_m4_c128_cta512.1.sm_70.ptx:4229) setp.eq.s32 %p66, %r185, 0;
GPGPU-Sim PTX: 41 (potential) branch divergence @  PC=0x66a8 (stream_fma_v6_v2_m4_c128_cta512.1.sm_70.ptx:4230) @%p66 bra $L__BB6_65;
GPGPU-Sim PTX:    immediate post dominator      @  PC=0x6708 (stream_fma_v6_v2_m4_c128_cta512.1.sm_70.ptx:4248) add.f32 %f317, %f440, %f450;
GPGPU-Sim PTX: 42 (potential) branch divergence @  PC=0x6700 (stream_fma_v6_v2_m4_c128_cta512.1.sm_70.ptx:4245) @%p67 bra $L__BB6_64;
GPGPU-Sim PTX:    immediate post dominator      @  PC=0x6708 (stream_fma_v6_v2_m4_c128_cta512.1.sm_70.ptx:4248) add.f32 %f317, %f440, %f450;
GPGPU-Sim PTX: 43 (potential) branch divergence @  PC=0x6738 (stream_fma_v6_v2_m4_c128_cta512.1.sm_70.ptx:4256) @%p70 bra $L__BB6_68;
GPGPU-Sim PTX:    immediate post dominator      @  PC=0x67c8 (stream_fma_v6_v2_m4_c128_cta512.1.sm_70.ptx:4277) bar.sync 0;
GPGPU-Sim PTX: 44 (potential) branch divergence @  PC=0x67d8 (stream_fma_v6_v2_m4_c128_cta512.1.sm_70.ptx:4279) @%p73 bra $L__BB6_77;
GPGPU-Sim PTX:    immediate post dominator      @  PC=0x6978 (stream_fma_v6_v2_m4_c128_cta512.1.sm_70.ptx:4346) add.s64 %rd12, %rd4, 896;
GPGPU-Sim PTX: 45 (potential) branch divergence @  PC=0x6838 (stream_fma_v6_v2_m4_c128_cta512.1.sm_70.ptx:4292) @%p74 bra $L__BB6_76;
GPGPU-Sim PTX:    immediate post dominator      @  PC=0x6960 (stream_fma_v6_v2_m4_c128_cta512.1.sm_70.ptx:4341) add.f32 %f338, %f455, %f465;
GPGPU-Sim PTX: 46 (potential) branch divergence @  PC=0x6858 (stream_fma_v6_v2_m4_c128_cta512.1.sm_70.ptx:4297) @%p75 bra $L__BB6_73;
GPGPU-Sim PTX:    immediate post dominator      @  PC=0x68f8 (stream_fma_v6_v2_m4_c128_cta512.1.sm_70.ptx:4322) setp.eq.s32 %p77, %r187, 0;
GPGPU-Sim PTX: 47 (potential) branch divergence @  PC=0x68f0 (stream_fma_v6_v2_m4_c128_cta512.1.sm_70.ptx:4319) @%p76 bra $L__BB6_72;
GPGPU-Sim PTX:    immediate post dominator      @  PC=0x68f8 (stream_fma_v6_v2_m4_c128_cta512.1.sm_70.ptx:4322) setp.eq.s32 %p77, %r187, 0;
GPGPU-Sim PTX: 48 (potential) branch divergence @  PC=0x6900 (stream_fma_v6_v2_m4_c128_cta512.1.sm_70.ptx:4323) @%p77 bra $L__BB6_76;
GPGPU-Sim PTX:    immediate post dominator      @  PC=0x6960 (stream_fma_v6_v2_m4_c128_cta512.1.sm_70.ptx:4341) add.f32 %f338, %f455, %f465;
GPGPU-Sim PTX: 49 (potential) branch divergence @  PC=0x6958 (stream_fma_v6_v2_m4_c128_cta512.1.sm_70.ptx:4338) @%p78 bra $L__BB6_75;
GPGPU-Sim PTX:    immediate post dominator      @  PC=0x6960 (stream_fma_v6_v2_m4_c128_cta512.1.sm_70.ptx:4341) add.f32 %f338, %f455, %f465;
GPGPU-Sim PTX: 50 (potential) branch divergence @  PC=0x6990 (stream_fma_v6_v2_m4_c128_cta512.1.sm_70.ptx:4349) @%p81 bra $L__BB6_79;
GPGPU-Sim PTX:    immediate post dominator      @  PC=0x6a20 (stream_fma_v6_v2_m4_c128_cta512.1.sm_70.ptx:4370) bar.sync 0;
GPGPU-Sim PTX: 51 (potential) branch divergence @  PC=0x6a30 (stream_fma_v6_v2_m4_c128_cta512.1.sm_70.ptx:4372) @%p84 bra $L__BB6_88;
GPGPU-Sim PTX:    immediate post dominator      @  PC=0x6bd0 (stream_fma_v6_v2_m4_c128_cta512.1.sm_70.ptx:4439) ret;
GPGPU-Sim PTX: 52 (potential) branch divergence @  PC=0x6a90 (stream_fma_v6_v2_m4_c128_cta512.1.sm_70.ptx:4385) @%p85 bra $L__BB6_87;
GPGPU-Sim PTX:    immediate post dominator      @  PC=0x6bb8 (stream_fma_v6_v2_m4_c128_cta512.1.sm_70.ptx:4434) add.f32 %f359, %f470, %f480;
GPGPU-Sim PTX: 53 (potential) branch divergence @  PC=0x6ab0 (stream_fma_v6_v2_m4_c128_cta512.1.sm_70.ptx:4390) @%p86 bra $L__BB6_84;
GPGPU-Sim PTX:    immediate post dominator      @  PC=0x6b50 (stream_fma_v6_v2_m4_c128_cta512.1.sm_70.ptx:4415) setp.eq.s32 %p88, %r189, 0;
GPGPU-Sim PTX: 54 (potential) branch divergence @  PC=0x6b48 (stream_fma_v6_v2_m4_c128_cta512.1.sm_70.ptx:4412) @%p87 bra $L__BB6_83;
GPGPU-Sim PTX:    immediate post dominator      @  PC=0x6b50 (stream_fma_v6_v2_m4_c128_cta512.1.sm_70.ptx:4415) setp.eq.s32 %p88, %r189, 0;
GPGPU-Sim PTX: 55 (potential) branch divergence @  PC=0x6b58 (stream_fma_v6_v2_m4_c128_cta512.1.sm_70.ptx:4416) @%p88 bra $L__BB6_87;
GPGPU-Sim PTX:    immediate post dominator      @  PC=0x6bb8 (stream_fma_v6_v2_m4_c128_cta512.1.sm_70.ptx:4434) add.f32 %f359, %f470, %f480;
GPGPU-Sim PTX: 56 (potential) branch divergence @  PC=0x6bb0 (stream_fma_v6_v2_m4_c128_cta512.1.sm_70.ptx:4431) @%p89 bra $L__BB6_86;
GPGPU-Sim PTX:    immediate post dominator      @  PC=0x6bb8 (stream_fma_v6_v2_m4_c128_cta512.1.sm_70.ptx:4434) add.f32 %f359, %f470, %f480;
GPGPU-Sim PTX: ... end of reconvergence points for stream_fma_v6_v3_m4_kernel
GPGPU-Sim PTX: ... done pre-decoding instructions for 'stream_fma_v6_v3_m4_kernel'.
GPGPU-Sim PTX: pushing kernel 'stream_fma_v6_v3_m4_kernel' to stream 0, gridDim= (512,1,1) blockDim = (256,1,1) 
GPGPU-Sim uArch: Shader 0 bind to kernel 1 'stream_fma_v6_v3_m4_kernel'
GPGPU-Sim uArch: CTA/core = 8, limited by: threads
GPGPU-Sim: Reconfigure L1 cache to 192KB
GPGPU-Sim uArch: Shader 1 bind to kernel 1 'stream_fma_v6_v3_m4_kernel'
GPGPU-Sim uArch: Shader 2 bind to kernel 1 'stream_fma_v6_v3_m4_kernel'
GPGPU-Sim uArch: Shader 3 bind to kernel 1 'stream_fma_v6_v3_m4_kernel'
GPGPU-Sim uArch: Shader 4 bind to kernel 1 'stream_fma_v6_v3_m4_kernel'
GPGPU-Sim uArch: Shader 5 bind to kernel 1 'stream_fma_v6_v3_m4_kernel'
GPGPU-Sim uArch: Shader 6 bind to kernel 1 'stream_fma_v6_v3_m4_kernel'
GPGPU-Sim uArch: Shader 7 bind to kernel 1 'stream_fma_v6_v3_m4_kernel'
GPGPU-Sim uArch: Shader 8 bind to kernel 1 'stream_fma_v6_v3_m4_kernel'
GPGPU-Sim uArch: Shader 9 bind to kernel 1 'stream_fma_v6_v3_m4_kernel'
GPGPU-Sim uArch: Shader 10 bind to kernel 1 'stream_fma_v6_v3_m4_kernel'
GPGPU-Sim uArch: Shader 11 bind to kernel 1 'stream_fma_v6_v3_m4_kernel'
GPGPU-Sim uArch: Shader 12 bind to kernel 1 'stream_fma_v6_v3_m4_kernel'
GPGPU-Sim uArch: Shader 13 bind to kernel 1 'stream_fma_v6_v3_m4_kernel'
GPGPU-Sim uArch: Shader 14 bind to kernel 1 'stream_fma_v6_v3_m4_kernel'
GPGPU-Sim uArch: Shader 15 bind to kernel 1 'stream_fma_v6_v3_m4_kernel'
GPGPU-Sim uArch: Shader 16 bind to kernel 1 'stream_fma_v6_v3_m4_kernel'
GPGPU-Sim uArch: Shader 17 bind to kernel 1 'stream_fma_v6_v3_m4_kernel'
GPGPU-Sim uArch: Shader 18 bind to kernel 1 'stream_fma_v6_v3_m4_kernel'
GPGPU-Sim uArch: Shader 19 bind to kernel 1 'stream_fma_v6_v3_m4_kernel'
GPGPU-Sim uArch: Shader 20 bind to kernel 1 'stream_fma_v6_v3_m4_kernel'
GPGPU-Sim uArch: Shader 21 bind to kernel 1 'stream_fma_v6_v3_m4_kernel'
GPGPU-Sim uArch: Shader 22 bind to kernel 1 'stream_fma_v6_v3_m4_kernel'
GPGPU-Sim uArch: Shader 23 bind to kernel 1 'stream_fma_v6_v3_m4_kernel'
GPGPU-Sim uArch: Shader 24 bind to kernel 1 'stream_fma_v6_v3_m4_kernel'
GPGPU-Sim uArch: Shader 25 bind to kernel 1 'stream_fma_v6_v3_m4_kernel'
GPGPU-Sim uArch: Shader 26 bind to kernel 1 'stream_fma_v6_v3_m4_kernel'
GPGPU-Sim uArch: Shader 27 bind to kernel 1 'stream_fma_v6_v3_m4_kernel'
GPGPU-Sim uArch: Shader 28 bind to kernel 1 'stream_fma_v6_v3_m4_kernel'
GPGPU-Sim uArch: Shader 29 bind to kernel 1 'stream_fma_v6_v3_m4_kernel'
GPGPU-Sim uArch: Shader 30 bind to kernel 1 'stream_fma_v6_v3_m4_kernel'
GPGPU-Sim uArch: Shader 31 bind to kernel 1 'stream_fma_v6_v3_m4_kernel'
GPGPU-Sim uArch: Shader 32 bind to kernel 1 'stream_fma_v6_v3_m4_kernel'
GPGPU-Sim uArch: Shader 33 bind to kernel 1 'stream_fma_v6_v3_m4_kernel'
GPGPU-Sim uArch: Shader 34 bind to kernel 1 'stream_fma_v6_v3_m4_kernel'
GPGPU-Sim uArch: Shader 35 bind to kernel 1 'stream_fma_v6_v3_m4_kernel'
GPGPU-Sim uArch: Shader 36 bind to kernel 1 'stream_fma_v6_v3_m4_kernel'
GPGPU-Sim uArch: Shader 37 bind to kernel 1 'stream_fma_v6_v3_m4_kernel'
GPGPU-Sim uArch: Shader 38 bind to kernel 1 'stream_fma_v6_v3_m4_kernel'
GPGPU-Sim uArch: Shader 39 bind to kernel 1 'stream_fma_v6_v3_m4_kernel'
GPGPU-Sim uArch: Shader 40 bind to kernel 1 'stream_fma_v6_v3_m4_kernel'
GPGPU-Sim uArch: Shader 41 bind to kernel 1 'stream_fma_v6_v3_m4_kernel'
GPGPU-Sim uArch: Shader 42 bind to kernel 1 'stream_fma_v6_v3_m4_kernel'
GPGPU-Sim uArch: Shader 43 bind to kernel 1 'stream_fma_v6_v3_m4_kernel'
GPGPU-Sim uArch: Shader 44 bind to kernel 1 'stream_fma_v6_v3_m4_kernel'
GPGPU-Sim uArch: Shader 45 bind to kernel 1 'stream_fma_v6_v3_m4_kernel'
GPGPU-Sim uArch: Shader 46 bind to kernel 1 'stream_fma_v6_v3_m4_kernel'
GPGPU-Sim uArch: Shader 47 bind to kernel 1 'stream_fma_v6_v3_m4_kernel'
GPGPU-Sim uArch: Shader 48 bind to kernel 1 'stream_fma_v6_v3_m4_kernel'
GPGPU-Sim uArch: Shader 49 bind to kernel 1 'stream_fma_v6_v3_m4_kernel'
GPGPU-Sim uArch: Shader 50 bind to kernel 1 'stream_fma_v6_v3_m4_kernel'
GPGPU-Sim uArch: Shader 51 bind to kernel 1 'stream_fma_v6_v3_m4_kernel'
GPGPU-Sim uArch: Shader 52 bind to kernel 1 'stream_fma_v6_v3_m4_kernel'
GPGPU-Sim uArch: Shader 53 bind to kernel 1 'stream_fma_v6_v3_m4_kernel'
GPGPU-Sim uArch: Shader 54 bind to kernel 1 'stream_fma_v6_v3_m4_kernel'
GPGPU-Sim uArch: Shader 55 bind to kernel 1 'stream_fma_v6_v3_m4_kernel'
GPGPU-Sim uArch: Shader 56 bind to kernel 1 'stream_fma_v6_v3_m4_kernel'
GPGPU-Sim uArch: Shader 57 bind to kernel 1 'stream_fma_v6_v3_m4_kernel'
GPGPU-Sim uArch: Shader 58 bind to kernel 1 'stream_fma_v6_v3_m4_kernel'
GPGPU-Sim uArch: Shader 59 bind to kernel 1 'stream_fma_v6_v3_m4_kernel'
GPGPU-Sim uArch: Shader 60 bind to kernel 1 'stream_fma_v6_v3_m4_kernel'
GPGPU-Sim uArch: Shader 61 bind to kernel 1 'stream_fma_v6_v3_m4_kernel'
GPGPU-Sim uArch: Shader 62 bind to kernel 1 'stream_fma_v6_v3_m4_kernel'
GPGPU-Sim uArch: Shader 63 bind to kernel 1 'stream_fma_v6_v3_m4_kernel'
GPGPU-Sim uArch: Shader 64 bind to kernel 1 'stream_fma_v6_v3_m4_kernel'
GPGPU-Sim uArch: Shader 65 bind to kernel 1 'stream_fma_v6_v3_m4_kernel'
GPGPU-Sim uArch: Shader 66 bind to kernel 1 'stream_fma_v6_v3_m4_kernel'
GPGPU-Sim uArch: Shader 67 bind to kernel 1 'stream_fma_v6_v3_m4_kernel'
GPGPU-Sim uArch: Shader 68 bind to kernel 1 'stream_fma_v6_v3_m4_kernel'
GPGPU-Sim uArch: Shader 69 bind to kernel 1 'stream_fma_v6_v3_m4_kernel'
GPGPU-Sim uArch: Shader 70 bind to kernel 1 'stream_fma_v6_v3_m4_kernel'
GPGPU-Sim uArch: Shader 71 bind to kernel 1 'stream_fma_v6_v3_m4_kernel'
GPGPU-Sim uArch: Shader 72 bind to kernel 1 'stream_fma_v6_v3_m4_kernel'
GPGPU-Sim uArch: Shader 73 bind to kernel 1 'stream_fma_v6_v3_m4_kernel'
GPGPU-Sim uArch: Shader 74 bind to kernel 1 'stream_fma_v6_v3_m4_kernel'
GPGPU-Sim uArch: Shader 75 bind to kernel 1 'stream_fma_v6_v3_m4_kernel'
GPGPU-Sim uArch: Shader 76 bind to kernel 1 'stream_fma_v6_v3_m4_kernel'
GPGPU-Sim uArch: Shader 77 bind to kernel 1 'stream_fma_v6_v3_m4_kernel'
GPGPU-Sim uArch: Shader 78 bind to kernel 1 'stream_fma_v6_v3_m4_kernel'
GPGPU-Sim uArch: Shader 79 bind to kernel 1 'stream_fma_v6_v3_m4_kernel'
GPGPU-Sim uArch: Shader 80 bind to kernel 1 'stream_fma_v6_v3_m4_kernel'
GPGPU-Sim uArch: Shader 81 bind to kernel 1 'stream_fma_v6_v3_m4_kernel'
GPGPU-Sim uArch: Shader 82 bind to kernel 1 'stream_fma_v6_v3_m4_kernel'
GPGPU-Sim uArch: Shader 83 bind to kernel 1 'stream_fma_v6_v3_m4_kernel'
GPGPU-Sim uArch: Shader 84 bind to kernel 1 'stream_fma_v6_v3_m4_kernel'
GPGPU-Sim uArch: Shader 85 bind to kernel 1 'stream_fma_v6_v3_m4_kernel'
GPGPU-Sim uArch: Shader 86 bind to kernel 1 'stream_fma_v6_v3_m4_kernel'
GPGPU-Sim uArch: Shader 87 bind to kernel 1 'stream_fma_v6_v3_m4_kernel'
GPGPU-Sim uArch: Shader 88 bind to kernel 1 'stream_fma_v6_v3_m4_kernel'
GPGPU-Sim uArch: Shader 89 bind to kernel 1 'stream_fma_v6_v3_m4_kernel'
GPGPU-Sim uArch: Shader 90 bind to kernel 1 'stream_fma_v6_v3_m4_kernel'
GPGPU-Sim uArch: Shader 91 bind to kernel 1 'stream_fma_v6_v3_m4_kernel'
GPGPU-Sim uArch: Shader 92 bind to kernel 1 'stream_fma_v6_v3_m4_kernel'
GPGPU-Sim uArch: Shader 93 bind to kernel 1 'stream_fma_v6_v3_m4_kernel'
GPGPU-Sim uArch: Shader 94 bind to kernel 1 'stream_fma_v6_v3_m4_kernel'
GPGPU-Sim uArch: Shader 95 bind to kernel 1 'stream_fma_v6_v3_m4_kernel'
GPGPU-Sim uArch: Shader 96 bind to kernel 1 'stream_fma_v6_v3_m4_kernel'
GPGPU-Sim uArch: Shader 97 bind to kernel 1 'stream_fma_v6_v3_m4_kernel'
GPGPU-Sim uArch: Shader 98 bind to kernel 1 'stream_fma_v6_v3_m4_kernel'
GPGPU-Sim uArch: Shader 99 bind to kernel 1 'stream_fma_v6_v3_m4_kernel'
GPGPU-Sim uArch: Shader 100 bind to kernel 1 'stream_fma_v6_v3_m4_kernel'
GPGPU-Sim uArch: Shader 101 bind to kernel 1 'stream_fma_v6_v3_m4_kernel'
GPGPU-Sim uArch: Shader 102 bind to kernel 1 'stream_fma_v6_v3_m4_kernel'
GPGPU-Sim uArch: Shader 103 bind to kernel 1 'stream_fma_v6_v3_m4_kernel'
GPGPU-Sim uArch: Shader 104 bind to kernel 1 'stream_fma_v6_v3_m4_kernel'
GPGPU-Sim uArch: Shader 105 bind to kernel 1 'stream_fma_v6_v3_m4_kernel'
GPGPU-Sim uArch: Shader 106 bind to kernel 1 'stream_fma_v6_v3_m4_kernel'
GPGPU-Sim uArch: Shader 107 bind to kernel 1 'stream_fma_v6_v3_m4_kernel'
GPGPU-Sim uArch: Shader 108 bind to kernel 1 'stream_fma_v6_v3_m4_kernel'
GPGPU-Sim uArch: Shader 109 bind to kernel 1 'stream_fma_v6_v3_m4_kernel'
GPGPU-Sim uArch: Shader 110 bind to kernel 1 'stream_fma_v6_v3_m4_kernel'
GPGPU-Sim uArch: Shader 111 bind to kernel 1 'stream_fma_v6_v3_m4_kernel'
GPGPU-Sim uArch: Shader 112 bind to kernel 1 'stream_fma_v6_v3_m4_kernel'
GPGPU-Sim uArch: Shader 113 bind to kernel 1 'stream_fma_v6_v3_m4_kernel'
GPGPU-Sim uArch: Shader 114 bind to kernel 1 'stream_fma_v6_v3_m4_kernel'
GPGPU-Sim uArch: Shader 115 bind to kernel 1 'stream_fma_v6_v3_m4_kernel'
GPGPU-Sim uArch: Shader 116 bind to kernel 1 'stream_fma_v6_v3_m4_kernel'
GPGPU-Sim uArch: Shader 117 bind to kernel 1 'stream_fma_v6_v3_m4_kernel'
GPGPU-Sim uArch: Shader 118 bind to kernel 1 'stream_fma_v6_v3_m4_kernel'
GPGPU-Sim uArch: Shader 119 bind to kernel 1 'stream_fma_v6_v3_m4_kernel'
GPGPU-Sim uArch: Shader 120 bind to kernel 1 'stream_fma_v6_v3_m4_kernel'
GPGPU-Sim uArch: Shader 121 bind to kernel 1 'stream_fma_v6_v3_m4_kernel'
GPGPU-Sim uArch: Shader 122 bind to kernel 1 'stream_fma_v6_v3_m4_kernel'
GPGPU-Sim uArch: Shader 123 bind to kernel 1 'stream_fma_v6_v3_m4_kernel'
GPGPU-Sim uArch: Shader 124 bind to kernel 1 'stream_fma_v6_v3_m4_kernel'
GPGPU-Sim uArch: Shader 125 bind to kernel 1 'stream_fma_v6_v3_m4_kernel'
GPGPU-Sim uArch: Shader 126 bind to kernel 1 'stream_fma_v6_v3_m4_kernel'
GPGPU-Sim uArch: Shader 127 bind to kernel 1 'stream_fma_v6_v3_m4_kernel'
GPGPU-Sim uArch: Shader 128 bind to kernel 1 'stream_fma_v6_v3_m4_kernel'
GPGPU-Sim uArch: Shader 129 bind to kernel 1 'stream_fma_v6_v3_m4_kernel'
GPGPU-Sim uArch: Shader 130 bind to kernel 1 'stream_fma_v6_v3_m4_kernel'
GPGPU-Sim uArch: Shader 131 bind to kernel 1 'stream_fma_v6_v3_m4_kernel'
Destroy streams for kernel 1: size 0
kernel_name = stream_fma_v6_v3_m4_kernel 
kernel_launch_uid = 1 
kernel_stream_id = 0
gpu_sim_cycle = 59165
gpu_sim_insn = 281149440
gpu_ipc =    4751.9556
gpu_tot_sim_cycle = 59165
gpu_tot_sim_insn = 281149440
gpu_tot_ipc =    4751.9556
gpu_tot_issued_cta = 512
gpu_occupancy = 37.2108% 
gpu_tot_occupancy = 37.2108% 
max_total_param_size = 0
gpu_stall_dramfull = 99469
gpu_stall_icnt2sh    = 0
partiton_level_parallism =       4.4307
partiton_level_parallism_total  =       4.4307
partiton_level_parallism_util =       5.6782
partiton_level_parallism_util_total  =       5.6782
L2_BW  =     280.7309 GB/Sec
L2_BW_total  =     280.7309 GB/Sec
gpu_total_sim_rate=722749

========= Core cache stats =========
L1I_cache:
	L1I_total_cache_accesses = 0
	L1I_total_cache_misses = 0
	L1I_total_cache_pending_hits = 0
	L1I_total_cache_reservation_fails = 0
L1D_cache:
	L1D_cache_core[0]: Access = 2048, Miss = 2048, Miss_rate = 1.000, Pending_hits = 0, Reservation_fails = 0
	L1D_cache_core[1]: Access = 2048, Miss = 2048, Miss_rate = 1.000, Pending_hits = 0, Reservation_fails = 0
	L1D_cache_core[2]: Access = 2048, Miss = 2048, Miss_rate = 1.000, Pending_hits = 0, Reservation_fails = 0
	L1D_cache_core[3]: Access = 2048, Miss = 2048, Miss_rate = 1.000, Pending_hits = 0, Reservation_fails = 0
	L1D_cache_core[4]: Access = 2048, Miss = 2048, Miss_rate = 1.000, Pending_hits = 0, Reservation_fails = 0
	L1D_cache_core[5]: Access = 2048, Miss = 2048, Miss_rate = 1.000, Pending_hits = 0, Reservation_fails = 0
	L1D_cache_core[6]: Access = 2048, Miss = 2048, Miss_rate = 1.000, Pending_hits = 0, Reservation_fails = 0
	L1D_cache_core[7]: Access = 2048, Miss = 2048, Miss_rate = 1.000, Pending_hits = 0, Reservation_fails = 0
	L1D_cache_core[8]: Access = 2048, Miss = 2048, Miss_rate = 1.000, Pending_hits = 0, Reservation_fails = 0
	L1D_cache_core[9]: Access = 2048, Miss = 2048, Miss_rate = 1.000, Pending_hits = 0, Reservation_fails = 0
	L1D_cache_core[10]: Access = 2048, Miss = 2048, Miss_rate = 1.000, Pending_hits = 0, Reservation_fails = 0
	L1D_cache_core[11]: Access = 2048, Miss = 2048, Miss_rate = 1.000, Pending_hits = 0, Reservation_fails = 0
	L1D_cache_core[12]: Access = 2048, Miss = 2048, Miss_rate = 1.000, Pending_hits = 0, Reservation_fails = 0
	L1D_cache_core[13]: Access = 2048, Miss = 2048, Miss_rate = 1.000, Pending_hits = 0, Reservation_fails = 0
	L1D_cache_core[14]: Access = 2048, Miss = 2048, Miss_rate = 1.000, Pending_hits = 0, Reservation_fails = 0
	L1D_cache_core[15]: Access = 2048, Miss = 2048, Miss_rate = 1.000, Pending_hits = 0, Reservation_fails = 0
	L1D_cache_core[16]: Access = 2048, Miss = 2048, Miss_rate = 1.000, Pending_hits = 0, Reservation_fails = 0
	L1D_cache_core[17]: Access = 2048, Miss = 2048, Miss_rate = 1.000, Pending_hits = 0, Reservation_fails = 0
	L1D_cache_core[18]: Access = 2048, Miss = 2048, Miss_rate = 1.000, Pending_hits = 0, Reservation_fails = 0
	L1D_cache_core[19]: Access = 2048, Miss = 2048, Miss_rate = 1.000, Pending_hits = 0, Reservation_fails = 0
	L1D_cache_core[20]: Access = 2048, Miss = 2048, Miss_rate = 1.000, Pending_hits = 0, Reservation_fails = 0
	L1D_cache_core[21]: Access = 2048, Miss = 2048, Miss_rate = 1.000, Pending_hits = 0, Reservation_fails = 0
	L1D_cache_core[22]: Access = 2048, Miss = 2048, Miss_rate = 1.000, Pending_hits = 0, Reservation_fails = 0
	L1D_cache_core[23]: Access = 2048, Miss = 2048, Miss_rate = 1.000, Pending_hits = 0, Reservation_fails = 0
	L1D_cache_core[24]: Access = 2048, Miss = 2048, Miss_rate = 1.000, Pending_hits = 0, Reservation_fails = 0
	L1D_cache_core[25]: Access = 2048, Miss = 2048, Miss_rate = 1.000, Pending_hits = 0, Reservation_fails = 0
	L1D_cache_core[26]: Access = 2048, Miss = 2048, Miss_rate = 1.000, Pending_hits = 0, Reservation_fails = 0
	L1D_cache_core[27]: Access = 2048, Miss = 2048, Miss_rate = 1.000, Pending_hits = 0, Reservation_fails = 0
	L1D_cache_core[28]: Access = 2048, Miss = 2048, Miss_rate = 1.000, Pending_hits = 0, Reservation_fails = 0
	L1D_cache_core[29]: Access = 2048, Miss = 2048, Miss_rate = 1.000, Pending_hits = 0, Reservation_fails = 0
	L1D_cache_core[30]: Access = 2048, Miss = 2048, Miss_rate = 1.000, Pending_hits = 0, Reservation_fails = 0
	L1D_cache_core[31]: Access = 2048, Miss = 2048, Miss_rate = 1.000, Pending_hits = 0, Reservation_fails = 0
	L1D_cache_core[32]: Access = 2048, Miss = 2048, Miss_rate = 1.000, Pending_hits = 0, Reservation_fails = 0
	L1D_cache_core[33]: Access = 2048, Miss = 2048, Miss_rate = 1.000, Pending_hits = 0, Reservation_fails = 0
	L1D_cache_core[34]: Access = 2048, Miss = 2048, Miss_rate = 1.000, Pending_hits = 0, Reservation_fails = 0
	L1D_cache_core[35]: Access = 2048, Miss = 2048, Miss_rate = 1.000, Pending_hits = 0, Reservation_fails = 0
	L1D_cache_core[36]: Access = 2048, Miss = 2048, Miss_rate = 1.000, Pending_hits = 0, Reservation_fails = 0
	L1D_cache_core[37]: Access = 2048, Miss = 2048, Miss_rate = 1.000, Pending_hits = 0, Reservation_fails = 0
	L1D_cache_core[38]: Access = 2048, Miss = 2048, Miss_rate = 1.000, Pending_hits = 0, Reservation_fails = 0
	L1D_cache_core[39]: Access = 2048, Miss = 2048, Miss_rate = 1.000, Pending_hits = 0, Reservation_fails = 0
	L1D_cache_core[40]: Access = 2048, Miss = 2048, Miss_rate = 1.000, Pending_hits = 0, Reservation_fails = 0
	L1D_cache_core[41]: Access = 2048, Miss = 2048, Miss_rate = 1.000, Pending_hits = 0, Reservation_fails = 0
	L1D_cache_core[42]: Access = 2048, Miss = 2048, Miss_rate = 1.000, Pending_hits = 0, Reservation_fails = 0
	L1D_cache_core[43]: Access = 2048, Miss = 2048, Miss_rate = 1.000, Pending_hits = 0, Reservation_fails = 0
	L1D_cache_core[44]: Access = 2048, Miss = 2048, Miss_rate = 1.000, Pending_hits = 0, Reservation_fails = 0
	L1D_cache_core[45]: Access = 2048, Miss = 2048, Miss_rate = 1.000, Pending_hits = 0, Reservation_fails = 0
	L1D_cache_core[46]: Access = 2048, Miss = 2048, Miss_rate = 1.000, Pending_hits = 0, Reservation_fails = 0
	L1D_cache_core[47]: Access = 2048, Miss = 2048, Miss_rate = 1.000, Pending_hits = 0, Reservation_fails = 0
	L1D_cache_core[48]: Access = 2048, Miss = 2048, Miss_rate = 1.000, Pending_hits = 0, Reservation_fails = 0
	L1D_cache_core[49]: Access = 2048, Miss = 2048, Miss_rate = 1.000, Pending_hits = 0, Reservation_fails = 0
	L1D_cache_core[50]: Access = 2048, Miss = 2048, Miss_rate = 1.000, Pending_hits = 0, Reservation_fails = 0
	L1D_cache_core[51]: Access = 2048, Miss = 2048, Miss_rate = 1.000, Pending_hits = 0, Reservation_fails = 0
	L1D_cache_core[52]: Access = 2048, Miss = 2048, Miss_rate = 1.000, Pending_hits = 0, Reservation_fails = 0
	L1D_cache_core[53]: Access = 2048, Miss = 2048, Miss_rate = 1.000, Pending_hits = 0, Reservation_fails = 0
	L1D_cache_core[54]: Access = 2048, Miss = 2048, Miss_rate = 1.000, Pending_hits = 0, Reservation_fails = 0
	L1D_cache_core[55]: Access = 2048, Miss = 2048, Miss_rate = 1.000, Pending_hits = 0, Reservation_fails = 0
	L1D_cache_core[56]: Access = 2048, Miss = 2048, Miss_rate = 1.000, Pending_hits = 0, Reservation_fails = 0
	L1D_cache_core[57]: Access = 2048, Miss = 2048, Miss_rate = 1.000, Pending_hits = 0, Reservation_fails = 0
	L1D_cache_core[58]: Access = 2048, Miss = 2048, Miss_rate = 1.000, Pending_hits = 0, Reservation_fails = 0
	L1D_cache_core[59]: Access = 2048, Miss = 2048, Miss_rate = 1.000, Pending_hits = 0, Reservation_fails = 0
	L1D_cache_core[60]: Access = 2048, Miss = 2048, Miss_rate = 1.000, Pending_hits = 0, Reservation_fails = 0
	L1D_cache_core[61]: Access = 2048, Miss = 2048, Miss_rate = 1.000, Pending_hits = 0, Reservation_fails = 0
	L1D_cache_core[62]: Access = 2048, Miss = 2048, Miss_rate = 1.000, Pending_hits = 0, Reservation_fails = 0
	L1D_cache_core[63]: Access = 2048, Miss = 2048, Miss_rate = 1.000, Pending_hits = 0, Reservation_fails = 0
	L1D_cache_core[64]: Access = 2048, Miss = 2048, Miss_rate = 1.000, Pending_hits = 0, Reservation_fails = 0
	L1D_cache_core[65]: Access = 2048, Miss = 2048, Miss_rate = 1.000, Pending_hits = 0, Reservation_fails = 0
	L1D_cache_core[66]: Access = 2048, Miss = 2048, Miss_rate = 1.000, Pending_hits = 0, Reservation_fails = 0
	L1D_cache_core[67]: Access = 2048, Miss = 2048, Miss_rate = 1.000, Pending_hits = 0, Reservation_fails = 0
	L1D_cache_core[68]: Access = 2048, Miss = 2048, Miss_rate = 1.000, Pending_hits = 0, Reservation_fails = 0
	L1D_cache_core[69]: Access = 2048, Miss = 2048, Miss_rate = 1.000, Pending_hits = 0, Reservation_fails = 0
	L1D_cache_core[70]: Access = 2048, Miss = 2048, Miss_rate = 1.000, Pending_hits = 0, Reservation_fails = 0
	L1D_cache_core[71]: Access = 2048, Miss = 2048, Miss_rate = 1.000, Pending_hits = 0, Reservation_fails = 0
	L1D_cache_core[72]: Access = 2048, Miss = 2048, Miss_rate = 1.000, Pending_hits = 0, Reservation_fails = 0
	L1D_cache_core[73]: Access = 2048, Miss = 2048, Miss_rate = 1.000, Pending_hits = 0, Reservation_fails = 0
	L1D_cache_core[74]: Access = 2048, Miss = 2048, Miss_rate = 1.000, Pending_hits = 0, Reservation_fails = 0
	L1D_cache_core[75]: Access = 2048, Miss = 2048, Miss_rate = 1.000, Pending_hits = 0, Reservation_fails = 0
	L1D_cache_core[76]: Access = 2048, Miss = 2048, Miss_rate = 1.000, Pending_hits = 0, Reservation_fails = 0
	L1D_cache_core[77]: Access = 2048, Miss = 2048, Miss_rate = 1.000, Pending_hits = 0, Reservation_fails = 0
	L1D_cache_core[78]: Access = 2048, Miss = 2048, Miss_rate = 1.000, Pending_hits = 0, Reservation_fails = 0
	L1D_cache_core[79]: Access = 2048, Miss = 2048, Miss_rate = 1.000, Pending_hits = 0, Reservation_fails = 0
	L1D_cache_core[80]: Access = 2048, Miss = 2048, Miss_rate = 1.000, Pending_hits = 0, Reservation_fails = 0
	L1D_cache_core[81]: Access = 2048, Miss = 2048, Miss_rate = 1.000, Pending_hits = 0, Reservation_fails = 0
	L1D_cache_core[82]: Access = 2048, Miss = 2048, Miss_rate = 1.000, Pending_hits = 0, Reservation_fails = 0
	L1D_cache_core[83]: Access = 2048, Miss = 2048, Miss_rate = 1.000, Pending_hits = 0, Reservation_fails = 0
	L1D_cache_core[84]: Access = 2048, Miss = 2048, Miss_rate = 1.000, Pending_hits = 0, Reservation_fails = 0
	L1D_cache_core[85]: Access = 2048, Miss = 2048, Miss_rate = 1.000, Pending_hits = 0, Reservation_fails = 0
	L1D_cache_core[86]: Access = 2048, Miss = 2048, Miss_rate = 1.000, Pending_hits = 0, Reservation_fails = 0
	L1D_cache_core[87]: Access = 2048, Miss = 2048, Miss_rate = 1.000, Pending_hits = 0, Reservation_fails = 0
	L1D_cache_core[88]: Access = 2048, Miss = 2048, Miss_rate = 1.000, Pending_hits = 0, Reservation_fails = 0
	L1D_cache_core[89]: Access = 2048, Miss = 2048, Miss_rate = 1.000, Pending_hits = 0, Reservation_fails = 0
	L1D_cache_core[90]: Access = 2048, Miss = 2048, Miss_rate = 1.000, Pending_hits = 0, Reservation_fails = 0
	L1D_cache_core[91]: Access = 2048, Miss = 2048, Miss_rate = 1.000, Pending_hits = 0, Reservation_fails = 0
	L1D_cache_core[92]: Access = 2048, Miss = 2048, Miss_rate = 1.000, Pending_hits = 0, Reservation_fails = 0
	L1D_cache_core[93]: Access = 2048, Miss = 2048, Miss_rate = 1.000, Pending_hits = 0, Reservation_fails = 0
	L1D_cache_core[94]: Access = 2048, Miss = 2048, Miss_rate = 1.000, Pending_hits = 0, Reservation_fails = 0
	L1D_cache_core[95]: Access = 2048, Miss = 2048, Miss_rate = 1.000, Pending_hits = 0, Reservation_fails = 0
	L1D_cache_core[96]: Access = 2048, Miss = 2048, Miss_rate = 1.000, Pending_hits = 0, Reservation_fails = 0
	L1D_cache_core[97]: Access = 2048, Miss = 2048, Miss_rate = 1.000, Pending_hits = 0, Reservation_fails = 0
	L1D_cache_core[98]: Access = 2048, Miss = 2048, Miss_rate = 1.000, Pending_hits = 0, Reservation_fails = 0
	L1D_cache_core[99]: Access = 2048, Miss = 2048, Miss_rate = 1.000, Pending_hits = 0, Reservation_fails = 0
	L1D_cache_core[100]: Access = 2048, Miss = 2048, Miss_rate = 1.000, Pending_hits = 0, Reservation_fails = 0
	L1D_cache_core[101]: Access = 2048, Miss = 2048, Miss_rate = 1.000, Pending_hits = 0, Reservation_fails = 0
	L1D_cache_core[102]: Access = 2048, Miss = 2048, Miss_rate = 1.000, Pending_hits = 0, Reservation_fails = 0
	L1D_cache_core[103]: Access = 2048, Miss = 2048, Miss_rate = 1.000, Pending_hits = 0, Reservation_fails = 0
	L1D_cache_core[104]: Access = 2048, Miss = 2048, Miss_rate = 1.000, Pending_hits = 0, Reservation_fails = 0
	L1D_cache_core[105]: Access = 2048, Miss = 2048, Miss_rate = 1.000, Pending_hits = 0, Reservation_fails = 0
	L1D_cache_core[106]: Access = 2048, Miss = 2048, Miss_rate = 1.000, Pending_hits = 0, Reservation_fails = 0
	L1D_cache_core[107]: Access = 2048, Miss = 2048, Miss_rate = 1.000, Pending_hits = 0, Reservation_fails = 0
	L1D_cache_core[108]: Access = 2048, Miss = 2048, Miss_rate = 1.000, Pending_hits = 0, Reservation_fails = 0
	L1D_cache_core[109]: Access = 2048, Miss = 2048, Miss_rate = 1.000, Pending_hits = 0, Reservation_fails = 0
	L1D_cache_core[110]: Access = 2048, Miss = 2048, Miss_rate = 1.000, Pending_hits = 0, Reservation_fails = 0
	L1D_cache_core[111]: Access = 2048, Miss = 2048, Miss_rate = 1.000, Pending_hits = 0, Reservation_fails = 0
	L1D_cache_core[112]: Access = 2048, Miss = 2048, Miss_rate = 1.000, Pending_hits = 0, Reservation_fails = 0
	L1D_cache_core[113]: Access = 2048, Miss = 2048, Miss_rate = 1.000, Pending_hits = 0, Reservation_fails = 0
	L1D_cache_core[114]: Access = 2048, Miss = 2048, Miss_rate = 1.000, Pending_hits = 0, Reservation_fails = 0
	L1D_cache_core[115]: Access = 2048, Miss = 2048, Miss_rate = 1.000, Pending_hits = 0, Reservation_fails = 0
	L1D_cache_core[116]: Access = 1536, Miss = 1536, Miss_rate = 1.000, Pending_hits = 0, Reservation_fails = 0
	L1D_cache_core[117]: Access = 1536, Miss = 1536, Miss_rate = 1.000, Pending_hits = 0, Reservation_fails = 0
	L1D_cache_core[118]: Access = 1536, Miss = 1536, Miss_rate = 1.000, Pending_hits = 0, Reservation_fails = 0
	L1D_cache_core[119]: Access = 1536, Miss = 1536, Miss_rate = 1.000, Pending_hits = 0, Reservation_fails = 0
	L1D_cache_core[120]: Access = 1536, Miss = 1536, Miss_rate = 1.000, Pending_hits = 0, Reservation_fails = 0
	L1D_cache_core[121]: Access = 1536, Miss = 1536, Miss_rate = 1.000, Pending_hits = 0, Reservation_fails = 0
	L1D_cache_core[122]: Access = 1536, Miss = 1536, Miss_rate = 1.000, Pending_hits = 0, Reservation_fails = 0
	L1D_cache_core[123]: Access = 1536, Miss = 1536, Miss_rate = 1.000, Pending_hits = 0, Reservation_fails = 0
	L1D_cache_core[124]: Access = 1536, Miss = 1536, Miss_rate = 1.000, Pending_hits = 0, Reservation_fails = 0
	L1D_cache_core[125]: Access = 1536, Miss = 1536, Miss_rate = 1.000, Pending_hits = 0, Reservation_fails = 0
	L1D_cache_core[126]: Access = 1536, Miss = 1536, Miss_rate = 1.000, Pending_hits = 0, Reservation_fails = 0
	L1D_cache_core[127]: Access = 1536, Miss = 1536, Miss_rate = 1.000, Pending_hits = 0, Reservation_fails = 0
	L1D_cache_core[128]: Access = 1536, Miss = 1536, Miss_rate = 1.000, Pending_hits = 0, Reservation_fails = 0
	L1D_cache_core[129]: Access = 1536, Miss = 1536, Miss_rate = 1.000, Pending_hits = 0, Reservation_fails = 0
	L1D_cache_core[130]: Access = 1536, Miss = 1536, Miss_rate = 1.000, Pending_hits = 0, Reservation_fails = 0
	L1D_cache_core[131]: Access = 1536, Miss = 1536, Miss_rate = 1.000, Pending_hits = 0, Reservation_fails = 0
	L1D_total_cache_accesses = 262144
	L1D_total_cache_misses = 262144
	L1D_total_cache_miss_rate = 1.0000
	L1D_total_cache_pending_hits = 0
	L1D_total_cache_reservation_fails = 0
	L1D_cache_data_port_util = 0.000
	L1D_cache_fill_port_util = 0.031
L1C_cache:
	L1C_total_cache_accesses = 0
	L1C_total_cache_misses = 0
	L1C_total_cache_pending_hits = 0
	L1C_total_cache_reservation_fails = 0
L1T_cache:
	L1T_total_cache_accesses = 0
	L1T_total_cache_misses = 0
	L1T_total_cache_pending_hits = 0
	L1T_total_cache_reservation_fails = 0

Total_core_cache_stats:
	Total_core_cache_stats_breakdown[GLOBAL_ACC_R][HIT] = 0
	Total_core_cache_stats_breakdown[GLOBAL_ACC_R][HIT_RESERVED] = 0
	Total_core_cache_stats_breakdown[GLOBAL_ACC_R][MISS] = 49152
	Total_core_cache_stats_breakdown[GLOBAL_ACC_R][RESERVATION_FAIL] = 0
	Total_core_cache_stats_breakdown[GLOBAL_ACC_R][SECTOR_MISS] = 147456
	Total_core_cache_stats_breakdown[GLOBAL_ACC_R][MSHR_HIT] = 0
	Total_core_cache_stats_breakdown[LOCAL_ACC_R][HIT] = 0
	Total_core_cache_stats_breakdown[LOCAL_ACC_R][HIT_RESERVED] = 0
	Total_core_cache_stats_breakdown[LOCAL_ACC_R][MISS] = 0
	Total_core_cache_stats_breakdown[LOCAL_ACC_R][RESERVATION_FAIL] = 0
	Total_core_cache_stats_breakdown[LOCAL_ACC_R][SECTOR_MISS] = 0
	Total_core_cache_stats_breakdown[LOCAL_ACC_R][MSHR_HIT] = 0
	Total_core_cache_stats_breakdown[CONST_ACC_R][HIT] = 0
	Total_core_cache_stats_breakdown[CONST_ACC_R][HIT_RESERVED] = 0
	Total_core_cache_stats_breakdown[CONST_ACC_R][MISS] = 0
	Total_core_cache_stats_breakdown[CONST_ACC_R][RESERVATION_FAIL] = 0
	Total_core_cache_stats_breakdown[CONST_ACC_R][SECTOR_MISS] = 0
	Total_core_cache_stats_breakdown[CONST_ACC_R][MSHR_HIT] = 0
	Total_core_cache_stats_breakdown[TEXTURE_ACC_R][HIT] = 0
	Total_core_cache_stats_breakdown[TEXTURE_ACC_R][HIT_RESERVED] = 0
	Total_core_cache_stats_breakdown[TEXTURE_ACC_R][MISS] = 0
	Total_core_cache_stats_breakdown[TEXTURE_ACC_R][RESERVATION_FAIL] = 0
	Total_core_cache_stats_breakdown[TEXTURE_ACC_R][SECTOR_MISS] = 0
	Total_core_cache_stats_breakdown[TEXTURE_ACC_R][MSHR_HIT] = 0
	Total_core_cache_stats_breakdown[GLOBAL_ACC_W][HIT] = 0
	Total_core_cache_stats_breakdown[GLOBAL_ACC_W][HIT_RESERVED] = 0
	Total_core_cache_stats_breakdown[GLOBAL_ACC_W][MISS] = 16384
	Total_core_cache_stats_breakdown[GLOBAL_ACC_W][RESERVATION_FAIL] = 0
	Total_core_cache_stats_breakdown[GLOBAL_ACC_W][SECTOR_MISS] = 49152
	Total_core_cache_stats_breakdown[GLOBAL_ACC_W][MSHR_HIT] = 0
	Total_core_cache_stats_breakdown[LOCAL_ACC_W][HIT] = 0
	Total_core_cache_stats_breakdown[LOCAL_ACC_W][HIT_RESERVED] = 0
	Total_core_cache_stats_breakdown[LOCAL_ACC_W][MISS] = 0
	Total_core_cache_stats_breakdown[LOCAL_ACC_W][RESERVATION_FAIL] = 0
	Total_core_cache_stats_breakdown[LOCAL_ACC_W][SECTOR_MISS] = 0
	Total_core_cache_stats_breakdown[LOCAL_ACC_W][MSHR_HIT] = 0
	Total_core_cache_stats_breakdown[L1_WRBK_ACC][HIT] = 0
	Total_core_cache_stats_breakdown[L1_WRBK_ACC][HIT_RESERVED] = 0
	Total_core_cache_stats_breakdown[L1_WRBK_ACC][MISS] = 0
	Total_core_cache_stats_breakdown[L1_WRBK_ACC][RESERVATION_FAIL] = 0
	Total_core_cache_stats_breakdown[L1_WRBK_ACC][SECTOR_MISS] = 0
	Total_core_cache_stats_breakdown[L1_WRBK_ACC][MSHR_HIT] = 0
	Total_core_cache_stats_breakdown[L2_WRBK_ACC][HIT] = 0
	Total_core_cache_stats_breakdown[L2_WRBK_ACC][HIT_RESERVED] = 0
	Total_core_cache_stats_breakdown[L2_WRBK_ACC][MISS] = 0
	Total_core_cache_stats_breakdown[L2_WRBK_ACC][RESERVATION_FAIL] = 0
	Total_core_cache_stats_breakdown[L2_WRBK_ACC][SECTOR_MISS] = 0
	Total_core_cache_stats_breakdown[L2_WRBK_ACC][MSHR_HIT] = 0
	Total_core_cache_stats_breakdown[INST_ACC_R][HIT] = 0
	Total_core_cache_stats_breakdown[INST_ACC_R][HIT_RESERVED] = 0
	Total_core_cache_stats_breakdown[INST_ACC_R][MISS] = 0
	Total_core_cache_stats_breakdown[INST_ACC_R][RESERVATION_FAIL] = 0
	Total_core_cache_stats_breakdown[INST_ACC_R][SECTOR_MISS] = 0
	Total_core_cache_stats_breakdown[INST_ACC_R][MSHR_HIT] = 0
	Total_core_cache_stats_breakdown[L1_WR_ALLOC_R][HIT] = 0
	Total_core_cache_stats_breakdown[L1_WR_ALLOC_R][HIT_RESERVED] = 0
	Total_core_cache_stats_breakdown[L1_WR_ALLOC_R][MISS] = 0
	Total_core_cache_stats_breakdown[L1_WR_ALLOC_R][RESERVATION_FAIL] = 0
	Total_core_cache_stats_breakdown[L1_WR_ALLOC_R][SECTOR_MISS] = 0
	Total_core_cache_stats_breakdown[L1_WR_ALLOC_R][MSHR_HIT] = 0
	Total_core_cache_stats_breakdown[L2_WR_ALLOC_R][HIT] = 0
	Total_core_cache_stats_breakdown[L2_WR_ALLOC_R][HIT_RESERVED] = 0
	Total_core_cache_stats_breakdown[L2_WR_ALLOC_R][MISS] = 0
	Total_core_cache_stats_breakdown[L2_WR_ALLOC_R][RESERVATION_FAIL] = 0
	Total_core_cache_stats_breakdown[L2_WR_ALLOC_R][SECTOR_MISS] = 0
	Total_core_cache_stats_breakdown[L2_WR_ALLOC_R][MSHR_HIT] = 0
	Total_core_cache_stats_breakdown[GLOBAL_ACC_R][TOTAL_ACCESS] = 196608
	Total_core_cache_stats_breakdown[GLOBAL_ACC_W][TOTAL_ACCESS] = 65536

Total_core_cache_fail_stats:
ctas_completed 512, Shader 0 warp_id issue ditsribution:
warp_id:
0, 1, 2, 3, 4, 5, 6, 7, 8, 9, 10, 11, 12, 13, 14, 15, 16, 17, 18, 19, 20, 21, 22, 23, 24, 25, 26, 27, 28, 29, 30, 31, 
distro:
213, 213, 213, 213, 4117, 4117, 4117, 4117, 213, 213, 213, 213, 4117, 4117, 4117, 4117, 213, 213, 213, 213, 4117, 4117, 4117, 4117, 213, 213, 213, 213, 4117, 4117, 4117, 4117, 
gpgpu_n_tot_thrd_icount = 281149440
gpgpu_n_tot_w_icount = 8867840
gpgpu_n_stall_shd_mem = 0
gpgpu_n_mem_read_local = 0
gpgpu_n_mem_write_local = 0
gpgpu_n_mem_read_global = 196608
gpgpu_n_mem_write_global = 65536
gpgpu_n_mem_texture = 0
gpgpu_n_mem_const = 0
gpgpu_n_load_insn  = 1572864
gpgpu_n_store_insn = 524288
gpgpu_n_shmem_insn = 3145728
gpgpu_n_sstarr_insn = 0
gpgpu_n_tex_insn = 0
gpgpu_n_const_mem_insn = 0
gpgpu_n_param_mem_insn = 786432
gpgpu_n_shmem_bkconflict = 0
gpgpu_n_l1cache_bkconflict = 0
gpgpu_n_intrawarp_mshr_merge = 0
gpgpu_n_cmem_portconflict = 0
gpgpu_stall_shd_mem[c_mem][resource_stall] = 0
gpgpu_stall_shd_mem[s_mem][bk_conf] = 0
gpgpu_stall_shd_mem[gl_mem][resource_stall] = 0
gpgpu_stall_shd_mem[gl_mem][coal_stall] = 0
gpgpu_stall_shd_mem[gl_mem][data_port_stall] = 0
gpu_reg_bank_conflict_stalls = 0
Warp Occupancy Distribution:
Stall:108568	W0_Idle:979943	W0_Scoreboard:15739671	W1:0	W2:0	W3:0	W4:0	W5:0	W6:0	W7:0	W8:0	W9:0	W10:0	W11:0	W12:0	W13:0	W14:0	W15:0	W16:0	W17:0	W18:0	W19:0	W20:0	W21:0	W22:0	W23:0	W24:0	W25:0	W26:0	W27:0	W28:0	W29:0	W30:0	W31:0	W32:8867840
single_issue_nums: WS0:2116532	WS1:2122824	WS2:2128810	WS3:2122286	
dual_issue_nums: WS0:50214	WS1:47068	WS2:44075	WS3:47337	
pc_pair_attempts = 25507328
pc_pair_success = 188694
pc_pair_diag_success_exec_type[NONE][NONE] = 0
pc_pair_diag_success_exec_type[NONE][SP] = 0
pc_pair_diag_success_exec_type[NONE][SFU] = 0
pc_pair_diag_success_exec_type[NONE][MEM] = 0
pc_pair_diag_success_exec_type[NONE][DP] = 0
pc_pair_diag_success_exec_type[NONE][INT] = 0
pc_pair_diag_success_exec_type[NONE][TENSOR] = 0
pc_pair_diag_success_exec_type[NONE][SPECIALIZED] = 0
pc_pair_diag_success_exec_type[SP][NONE] = 0
pc_pair_diag_success_exec_type[SP][SP] = 0
pc_pair_diag_success_exec_type[SP][SFU] = 0
pc_pair_diag_success_exec_type[SP][MEM] = 0
pc_pair_diag_success_exec_type[SP][DP] = 0
pc_pair_diag_success_exec_type[SP][INT] = 0
pc_pair_diag_success_exec_type[SP][TENSOR] = 0
pc_pair_diag_success_exec_type[SP][SPECIALIZED] = 0
pc_pair_diag_success_exec_type[SFU][NONE] = 0
pc_pair_diag_success_exec_type[SFU][SP] = 0
pc_pair_diag_success_exec_type[SFU][SFU] = 0
pc_pair_diag_success_exec_type[SFU][MEM] = 0
pc_pair_diag_success_exec_type[SFU][DP] = 0
pc_pair_diag_success_exec_type[SFU][INT] = 0
pc_pair_diag_success_exec_type[SFU][TENSOR] = 0
pc_pair_diag_success_exec_type[SFU][SPECIALIZED] = 0
pc_pair_diag_success_exec_type[MEM][NONE] = 0
pc_pair_diag_success_exec_type[MEM][SP] = 10412
pc_pair_diag_success_exec_type[MEM][SFU] = 0
pc_pair_diag_success_exec_type[MEM][MEM] = 2928
pc_pair_diag_success_exec_type[MEM][DP] = 0
pc_pair_diag_success_exec_type[MEM][INT] = 4956
pc_pair_diag_success_exec_type[MEM][TENSOR] = 0
pc_pair_diag_success_exec_type[MEM][SPECIALIZED] = 0
pc_pair_diag_success_exec_type[DP][NONE] = 0
pc_pair_diag_success_exec_type[DP][SP] = 0
pc_pair_diag_success_exec_type[DP][SFU] = 0
pc_pair_diag_success_exec_type[DP][MEM] = 0
pc_pair_diag_success_exec_type[DP][DP] = 0
pc_pair_diag_success_exec_type[DP][INT] = 0
pc_pair_diag_success_exec_type[DP][TENSOR] = 0
pc_pair_diag_success_exec_type[DP][SPECIALIZED] = 0
pc_pair_diag_success_exec_type[INT][NONE] = 0
pc_pair_diag_success_exec_type[INT][SP] = 95852
pc_pair_diag_success_exec_type[INT][SFU] = 0
pc_pair_diag_success_exec_type[INT][MEM] = 1291
pc_pair_diag_success_exec_type[INT][DP] = 0
pc_pair_diag_success_exec_type[INT][INT] = 73255
pc_pair_diag_success_exec_type[INT][TENSOR] = 0
pc_pair_diag_success_exec_type[INT][SPECIALIZED] = 0
pc_pair_diag_success_exec_type[TENSOR][NONE] = 0
pc_pair_diag_success_exec_type[TENSOR][SP] = 0
pc_pair_diag_success_exec_type[TENSOR][SFU] = 0
pc_pair_diag_success_exec_type[TENSOR][MEM] = 0
pc_pair_diag_success_exec_type[TENSOR][DP] = 0
pc_pair_diag_success_exec_type[TENSOR][INT] = 0
pc_pair_diag_success_exec_type[TENSOR][TENSOR] = 0
pc_pair_diag_success_exec_type[TENSOR][SPECIALIZED] = 0
pc_pair_diag_success_exec_type[SPECIALIZED][NONE] = 0
pc_pair_diag_success_exec_type[SPECIALIZED][SP] = 0
pc_pair_diag_success_exec_type[SPECIALIZED][SFU] = 0
pc_pair_diag_success_exec_type[SPECIALIZED][MEM] = 0
pc_pair_diag_success_exec_type[SPECIALIZED][DP] = 0
pc_pair_diag_success_exec_type[SPECIALIZED][INT] = 0
pc_pair_diag_success_exec_type[SPECIALIZED][TENSOR] = 0
pc_pair_diag_success_exec_type[SPECIALIZED][SPECIALIZED] = 0
pc_pair_diag_success_region[producer_load][consumer_ffma] = 18296
pc_pair_diag_success_region[producer_int][consumer_ffma] = 170398
pc_pair_diag_success_producer_pc_top[0] = pc=0x58a8 ptx_line=3682 count=2048
pc_pair_diag_success_producer_pc_top[1] = pc=0x58b8 ptx_line=3684 count=2048
pc_pair_diag_success_producer_pc_top[2] = pc=0x59a8 ptx_line=3717 count=2048
pc_pair_diag_success_producer_pc_top[3] = pc=0x58b0 ptx_line=3683 count=2032
pc_pair_diag_success_producer_pc_top[4] = pc=0x59b0 ptx_line=3718 count=1989
pc_pair_diag_success_producer_pc_top[5] = pc=0x5c18 ptx_line=3813 count=1938
pc_pair_diag_success_producer_pc_top[6] = pc=0x5dc0 ptx_line=3881 count=1820
pc_pair_diag_success_producer_pc_top[7] = pc=0x58c8 ptx_line=3686 count=1784
pc_pair_diag_success_producer_pc_top[8] = pc=0x59c0 ptx_line=3720 count=1742
pc_pair_diag_success_producer_pc_top[9] = pc=0x5b68 ptx_line=3788 count=1687
pc_pair_diag_success_producer_pc_top[10] = pc=0x58c0 ptx_line=3685 count=1668
pc_pair_diag_success_producer_pc_top[11] = pc=0x5c20 ptx_line=3814 count=1638
pc_pair_diag_success_producer_pc_top[12] = pc=0x5e70 ptx_line=3906 count=1578
pc_pair_diag_success_producer_pc_top[13] = pc=0x58d0 ptx_line=3687 count=1536
pc_pair_diag_success_producer_pc_top[14] = pc=0x58e8 ptx_line=3690 count=1488
pc_pair_diag_success_producer_pc_top[15] = pc=0x6548 ptx_line=4177 count=1428
pc_pair_diag_success_consumer_pc_top[0] = pc=0x58a0 ptx_line=3681 count=2048
pc_pair_diag_success_consumer_pc_top[1] = pc=0x58a8 ptx_line=3682 count=2048
pc_pair_diag_success_consumer_pc_top[2] = pc=0x58b8 ptx_line=3684 count=2048
pc_pair_diag_success_consumer_pc_top[3] = pc=0x58c0 ptx_line=3685 count=2048
pc_pair_diag_success_consumer_pc_top[4] = pc=0x58b0 ptx_line=3683 count=2032
pc_pair_diag_success_consumer_pc_top[5] = pc=0x58c8 ptx_line=3686 count=2032
pc_pair_diag_success_consumer_pc_top[6] = pc=0x59a8 ptx_line=3717 count=2029
pc_pair_diag_success_consumer_pc_top[7] = pc=0x5f30 ptx_line=3935 count=1938
pc_pair_diag_success_consumer_pc_top[8] = pc=0x6180 ptx_line=4027 count=1927
pc_pair_diag_success_consumer_pc_top[9] = pc=0x6188 ptx_line=4028 count=1922
pc_pair_diag_success_consumer_pc_top[10] = pc=0x5f40 ptx_line=3937 count=1919
pc_pair_diag_success_consumer_pc_top[11] = pc=0x6198 ptx_line=4030 count=1891
pc_pair_diag_success_consumer_pc_top[12] = pc=0x61d8 ptx_line=4038 count=1877
pc_pair_diag_success_consumer_pc_top[13] = pc=0x5f70 ptx_line=3943 count=1872
pc_pair_diag_success_consumer_pc_top[14] = pc=0x5f28 ptx_line=3934 count=1870
pc_pair_diag_success_consumer_pc_top[15] = pc=0x5f58 ptx_line=3940 count=1863
pc_pair_diag_success_pc_pair_top[0] = producer_pc=0x59a8 producer_line=3717 consumer_pc=0x59a8 consumer_line=3717 count=1849
pc_pair_diag_success_pc_pair_top[1] = producer_pc=0x5c18 producer_line=3813 consumer_pc=0x5c18 consumer_line=3813 count=1552
pc_pair_diag_success_pc_pair_top[2] = producer_pc=0x58a8 producer_line=3682 consumer_pc=0x58a8 consumer_line=3682 count=1520
pc_pair_diag_success_pc_pair_top[3] = producer_pc=0x58b0 producer_line=3683 consumer_pc=0x58b0 consumer_line=3683 count=1504
pc_pair_diag_success_pc_pair_top[4] = producer_pc=0x58b8 producer_line=3684 consumer_pc=0x58b8 consumer_line=3684 count=1388
pc_pair_diag_success_pc_pair_top[5] = producer_pc=0x58a0 producer_line=3681 consumer_pc=0x58a0 consumer_line=3681 count=1256
pc_pair_diag_success_pc_pair_top[6] = producer_pc=0x5c20 producer_line=3814 consumer_pc=0x5c20 consumer_line=3814 count=1178
pc_pair_diag_success_pc_pair_top[7] = producer_pc=0x59b0 producer_line=3718 consumer_pc=0x59b0 consumer_line=3718 count=1172
pc_pair_diag_success_pc_pair_top[8] = producer_pc=0x58c0 producer_line=3685 consumer_pc=0x58c0 consumer_line=3685 count=1140
pc_pair_diag_success_pc_pair_top[9] = producer_pc=0x5e70 producer_line=3906 consumer_pc=0x5e70 consumer_line=3906 count=929
pc_pair_diag_success_pc_pair_top[10] = producer_pc=0x59b8 producer_line=3719 consumer_pc=0x59b8 consumer_line=3719 count=919
pc_pair_diag_success_pc_pair_top[11] = producer_pc=0x58c8 producer_line=3686 consumer_pc=0x58c8 consumer_line=3686 count=892
pc_pair_diag_success_pc_pair_top[12] = producer_pc=0x58d0 producer_line=3687 consumer_pc=0x58c8 consumer_line=3686 count=892
pc_pair_diag_success_pc_pair_top[13] = producer_pc=0x5878 producer_line=3676 consumer_pc=0x5870 consumer_line=3675 count=792
pc_pair_diag_success_pc_pair_top[14] = producer_pc=0x5870 producer_line=3675 consumer_pc=0x5870 consumer_line=3675 count=776
pc_pair_diag_success_pc_pair_top[15] = producer_pc=0x59c0 producer_line=3720 consumer_pc=0x59c0 consumer_line=3720 count=767
pc_pair_diag_success_producer_pc_bucket[0] = 612
pc_pair_diag_success_consumer_pc_bucket[0] = 2831
pc_pair_diag_success_producer_pc_bucket[1] = 4297
pc_pair_diag_success_consumer_pc_bucket[1] = 4469
pc_pair_diag_success_producer_pc_bucket[2] = 3508
pc_pair_diag_success_consumer_pc_bucket[2] = 4749
pc_pair_diag_success_producer_pc_bucket[3] = 2096
pc_pair_diag_success_consumer_pc_bucket[3] = 3418
pc_pair_diag_success_producer_pc_bucket[4] = 1828
pc_pair_diag_success_consumer_pc_bucket[4] = 2307
pc_pair_diag_success_producer_pc_bucket[5] = 1961
pc_pair_diag_success_consumer_pc_bucket[5] = 706
pc_pair_diag_success_producer_pc_bucket[6] = 1003
pc_pair_diag_success_consumer_pc_bucket[6] = 1300
pc_pair_diag_success_producer_pc_bucket[7] = 4138
pc_pair_diag_success_consumer_pc_bucket[7] = 2494
pc_pair_diag_success_producer_pc_bucket[8] = 2068
pc_pair_diag_success_consumer_pc_bucket[8] = 694
pc_pair_diag_success_producer_pc_bucket[9] = 1864
pc_pair_diag_success_consumer_pc_bucket[9] = 1218
pc_pair_diag_success_producer_pc_bucket[10] = 4890
pc_pair_diag_success_consumer_pc_bucket[10] = 4782
pc_pair_diag_success_producer_pc_bucket[11] = 5001
pc_pair_diag_success_consumer_pc_bucket[11] = 4816
pc_pair_diag_success_producer_pc_bucket[12] = 6748
pc_pair_diag_success_consumer_pc_bucket[12] = 6760
pc_pair_diag_success_producer_pc_bucket[13] = 6012
pc_pair_diag_success_consumer_pc_bucket[13] = 7612
pc_pair_diag_success_producer_pc_bucket[14] = 5049
pc_pair_diag_success_consumer_pc_bucket[14] = 6522
pc_pair_diag_success_producer_pc_bucket[15] = 4564
pc_pair_diag_success_consumer_pc_bucket[15] = 5501
pc_pair_diag_success_producer_pc_bucket[16] = 3997
pc_pair_diag_success_consumer_pc_bucket[16] = 5488
pc_pair_diag_success_producer_pc_bucket[17] = 2496
pc_pair_diag_success_consumer_pc_bucket[17] = 4772
pc_pair_diag_success_producer_pc_bucket[18] = 3292
pc_pair_diag_success_consumer_pc_bucket[18] = 3359
pc_pair_diag_success_producer_pc_bucket[19] = 3163
pc_pair_diag_success_consumer_pc_bucket[19] = 2815
pc_pair_diag_success_producer_pc_bucket[20] = 1428
pc_pair_diag_success_consumer_pc_bucket[20] = 181
pc_pair_diag_success_producer_pc_bucket[21] = 1699
pc_pair_diag_success_consumer_pc_bucket[21] = 94
pc_pair_diag_success_producer_pc_bucket[22] = 1041
pc_pair_diag_success_consumer_pc_bucket[22] = 125
pc_pair_diag_success_producer_pc_bucket[23] = 3377
pc_pair_diag_success_consumer_pc_bucket[23] = 1915
pc_pair_diag_success_producer_pc_bucket[24] = 3179
pc_pair_diag_success_consumer_pc_bucket[24] = 3945
pc_pair_diag_success_producer_pc_bucket[25] = 2191
pc_pair_diag_success_consumer_pc_bucket[25] = 3765
pc_pair_diag_success_producer_pc_bucket[26] = 4865
pc_pair_diag_success_consumer_pc_bucket[26] = 6961
pc_pair_diag_success_producer_pc_bucket[27] = 5506
pc_pair_diag_success_consumer_pc_bucket[27] = 6517
pc_pair_diag_success_producer_pc_bucket[28] = 6473
pc_pair_diag_success_consumer_pc_bucket[28] = 5996
pc_pair_diag_success_producer_pc_bucket[29] = 4384
pc_pair_diag_success_consumer_pc_bucket[29] = 4622
pc_pair_diag_success_producer_pc_bucket[30] = 4377
pc_pair_diag_success_consumer_pc_bucket[30] = 3367
pc_pair_diag_success_producer_pc_bucket[31] = 3312
pc_pair_diag_success_consumer_pc_bucket[31] = 1501
pc_pair_diag_success_producer_pc_bucket[32] = 3589
pc_pair_diag_success_consumer_pc_bucket[32] = 1155
pc_pair_diag_success_producer_pc_bucket[33] = 2323
pc_pair_diag_success_consumer_pc_bucket[33] = 386
pc_pair_diag_success_producer_pc_bucket[34] = 4148
pc_pair_diag_success_consumer_pc_bucket[34] = 865
pc_pair_diag_success_producer_pc_bucket[35] = 1951
pc_pair_diag_success_consumer_pc_bucket[35] = 1621
pc_pair_diag_success_producer_pc_bucket[36] = 1611
pc_pair_diag_success_consumer_pc_bucket[36] = 1604
pc_pair_diag_success_producer_pc_bucket[37] = 1713
pc_pair_diag_success_consumer_pc_bucket[37] = 1576
pc_pair_diag_success_producer_pc_bucket[38] = 1094
pc_pair_diag_success_consumer_pc_bucket[38] = 1578
pc_pair_diag_success_producer_pc_bucket[39] = 4754
pc_pair_diag_success_consumer_pc_bucket[39] = 5481
pc_pair_diag_success_producer_pc_bucket[40] = 2022
pc_pair_diag_success_consumer_pc_bucket[40] = 4387
pc_pair_diag_success_producer_pc_bucket[41] = 2125
pc_pair_diag_success_consumer_pc_bucket[41] = 3601
pc_pair_diag_success_producer_pc_bucket[42] = 1990
pc_pair_diag_success_consumer_pc_bucket[42] = 2955
pc_pair_diag_success_producer_pc_bucket[43] = 2070
pc_pair_diag_success_consumer_pc_bucket[43] = 2737
pc_pair_diag_success_producer_pc_bucket[44] = 1345
pc_pair_diag_success_consumer_pc_bucket[44] = 2700
pc_pair_diag_success_producer_pc_bucket[45] = 1621
pc_pair_diag_success_consumer_pc_bucket[45] = 2302
pc_pair_diag_success_producer_pc_bucket[46] = 1017
pc_pair_diag_success_consumer_pc_bucket[46] = 1504
pc_pair_diag_success_producer_pc_bucket[47] = 1992
pc_pair_diag_success_consumer_pc_bucket[47] = 368
pc_pair_diag_success_producer_pc_bucket[48] = 2041
pc_pair_diag_success_consumer_pc_bucket[48] = 375
pc_pair_diag_success_producer_pc_bucket[49] = 1365
pc_pair_diag_success_consumer_pc_bucket[49] = 432
pc_pair_diag_success_producer_pc_bucket[50] = 4021
pc_pair_diag_success_consumer_pc_bucket[50] = 4020
pc_pair_diag_success_producer_pc_bucket[51] = 2067
pc_pair_diag_success_consumer_pc_bucket[51] = 4017
pc_pair_diag_success_producer_pc_bucket[52] = 2215
pc_pair_diag_success_consumer_pc_bucket[52] = 3894
pc_pair_diag_success_producer_pc_bucket[53] = 2141
pc_pair_diag_success_consumer_pc_bucket[53] = 3822
pc_pair_diag_success_producer_pc_bucket[54] = 3853
pc_pair_diag_success_consumer_pc_bucket[54] = 3723
pc_pair_diag_success_producer_pc_bucket[55] = 2975
pc_pair_diag_success_consumer_pc_bucket[55] = 3745
pc_pair_diag_success_producer_pc_bucket[56] = 3465
pc_pair_diag_success_consumer_pc_bucket[56] = 3359
pc_pair_diag_success_producer_pc_bucket[57] = 2982
pc_pair_diag_success_consumer_pc_bucket[57] = 1921
pc_pair_diag_success_producer_pc_bucket[58] = 3453
pc_pair_diag_success_consumer_pc_bucket[58] = 149
pc_pair_diag_success_producer_pc_bucket[59] = 2810
pc_pair_diag_success_consumer_pc_bucket[59] = 117
pc_pair_diag_success_producer_pc_bucket[60] = 2952
pc_pair_diag_success_consumer_pc_bucket[60] = 128
pc_pair_diag_success_producer_pc_bucket[61] = 4559
pc_pair_diag_success_consumer_pc_bucket[61] = 2901
pc_pair_diag_success_producer_pc_bucket[62] = 935
pc_pair_diag_success_consumer_pc_bucket[62] = 2875
pc_pair_diag_success_producer_pc_bucket[63] = 1076
pc_pair_diag_success_consumer_pc_bucket[63] = 2794
pc_pair_diag_success_pc_pair_bucket[0][0] = 1
pc_pair_diag_success_pc_pair_bucket[0][1] = 1
pc_pair_diag_success_pc_pair_bucket[0][2] = 2
pc_pair_diag_success_pc_pair_bucket[0][3] = 1
pc_pair_diag_success_pc_pair_bucket[0][8] = 2
pc_pair_diag_success_pc_pair_bucket[0][10] = 1
pc_pair_diag_success_pc_pair_bucket[0][11] = 1
pc_pair_diag_success_pc_pair_bucket[0][12] = 16
pc_pair_diag_success_pc_pair_bucket[0][13] = 20
pc_pair_diag_success_pc_pair_bucket[0][14] = 20
pc_pair_diag_success_pc_pair_bucket[0][15] = 17
pc_pair_diag_success_pc_pair_bucket[0][16] = 26
pc_pair_diag_success_pc_pair_bucket[0][17] = 22
pc_pair_diag_success_pc_pair_bucket[0][18] = 22
pc_pair_diag_success_pc_pair_bucket[0][19] = 2
pc_pair_diag_success_pc_pair_bucket[0][20] = 1
pc_pair_diag_success_pc_pair_bucket[0][23] = 2
pc_pair_diag_success_pc_pair_bucket[0][24] = 5
pc_pair_diag_success_pc_pair_bucket[0][25] = 10
pc_pair_diag_success_pc_pair_bucket[0][26] = 6
pc_pair_diag_success_pc_pair_bucket[0][27] = 6
pc_pair_diag_success_pc_pair_bucket[0][28] = 4
pc_pair_diag_success_pc_pair_bucket[0][29] = 6
pc_pair_diag_success_pc_pair_bucket[0][30] = 1
pc_pair_diag_success_pc_pair_bucket[0][31] = 1
pc_pair_diag_success_pc_pair_bucket[0][34] = 1
pc_pair_diag_success_pc_pair_bucket[0][35] = 2
pc_pair_diag_success_pc_pair_bucket[0][36] = 2
pc_pair_diag_success_pc_pair_bucket[0][37] = 3
pc_pair_diag_success_pc_pair_bucket[0][38] = 2
pc_pair_diag_success_pc_pair_bucket[0][39] = 54
pc_pair_diag_success_pc_pair_bucket[0][40] = 51
pc_pair_diag_success_pc_pair_bucket[0][41] = 42
pc_pair_diag_success_pc_pair_bucket[0][42] = 39
pc_pair_diag_success_pc_pair_bucket[0][43] = 57
pc_pair_diag_success_pc_pair_bucket[0][44] = 37
pc_pair_diag_success_pc_pair_bucket[0][45] = 34
pc_pair_diag_success_pc_pair_bucket[0][46] = 3
pc_pair_diag_success_pc_pair_bucket[0][48] = 1
pc_pair_diag_success_pc_pair_bucket[0][50] = 9
pc_pair_diag_success_pc_pair_bucket[0][51] = 15
pc_pair_diag_success_pc_pair_bucket[0][52] = 11
pc_pair_diag_success_pc_pair_bucket[0][53] = 16
pc_pair_diag_success_pc_pair_bucket[0][54] = 14
pc_pair_diag_success_pc_pair_bucket[0][55] = 12
pc_pair_diag_success_pc_pair_bucket[0][56] = 7
pc_pair_diag_success_pc_pair_bucket[0][57] = 2
pc_pair_diag_success_pc_pair_bucket[0][61] = 2
pc_pair_diag_success_pc_pair_bucket[1][0] = 25
pc_pair_diag_success_pc_pair_bucket[1][1] = 1567
pc_pair_diag_success_pc_pair_bucket[1][2] = 12
pc_pair_diag_success_pc_pair_bucket[1][3] = 22
pc_pair_diag_success_pc_pair_bucket[1][4] = 17
pc_pair_diag_success_pc_pair_bucket[1][5] = 1
pc_pair_diag_success_pc_pair_bucket[1][6] = 2
pc_pair_diag_success_pc_pair_bucket[1][7] = 3
pc_pair_diag_success_pc_pair_bucket[1][8] = 4
pc_pair_diag_success_pc_pair_bucket[1][9] = 3
pc_pair_diag_success_pc_pair_bucket[1][10] = 6
pc_pair_diag_success_pc_pair_bucket[1][11] = 10
pc_pair_diag_success_pc_pair_bucket[1][12] = 47
pc_pair_diag_success_pc_pair_bucket[1][13] = 84
pc_pair_diag_success_pc_pair_bucket[1][14] = 76
pc_pair_diag_success_pc_pair_bucket[1][15] = 80
pc_pair_diag_success_pc_pair_bucket[1][16] = 78
pc_pair_diag_success_pc_pair_bucket[1][17] = 85
pc_pair_diag_success_pc_pair_bucket[1][18] = 80
pc_pair_diag_success_pc_pair_bucket[1][19] = 90
pc_pair_diag_success_pc_pair_bucket[1][20] = 8
pc_pair_diag_success_pc_pair_bucket[1][21] = 1
pc_pair_diag_success_pc_pair_bucket[1][23] = 25
pc_pair_diag_success_pc_pair_bucket[1][24] = 35
pc_pair_diag_success_pc_pair_bucket[1][25] = 39
pc_pair_diag_success_pc_pair_bucket[1][26] = 43
pc_pair_diag_success_pc_pair_bucket[1][27] = 38
pc_pair_diag_success_pc_pair_bucket[1][28] = 37
pc_pair_diag_success_pc_pair_bucket[1][29] = 42
pc_pair_diag_success_pc_pair_bucket[1][30] = 49
pc_pair_diag_success_pc_pair_bucket[1][31] = 2
pc_pair_diag_success_pc_pair_bucket[1][33] = 3
pc_pair_diag_success_pc_pair_bucket[1][34] = 2
pc_pair_diag_success_pc_pair_bucket[1][35] = 3
pc_pair_diag_success_pc_pair_bucket[1][36] = 8
pc_pair_diag_success_pc_pair_bucket[1][37] = 7
pc_pair_diag_success_pc_pair_bucket[1][38] = 7
pc_pair_diag_success_pc_pair_bucket[1][39] = 122
pc_pair_diag_success_pc_pair_bucket[1][40] = 765
pc_pair_diag_success_pc_pair_bucket[1][41] = 71
pc_pair_diag_success_pc_pair_bucket[1][42] = 37
pc_pair_diag_success_pc_pair_bucket[1][43] = 62
pc_pair_diag_success_pc_pair_bucket[1][44] = 70
pc_pair_diag_success_pc_pair_bucket[1][45] = 69
pc_pair_diag_success_pc_pair_bucket[1][46] = 46
pc_pair_diag_success_pc_pair_bucket[1][47] = 1
pc_pair_diag_success_pc_pair_bucket[1][49] = 6
pc_pair_diag_success_pc_pair_bucket[1][50] = 48
pc_pair_diag_success_pc_pair_bucket[1][51] = 36
pc_pair_diag_success_pc_pair_bucket[1][52] = 53
pc_pair_diag_success_pc_pair_bucket[1][53] = 53
pc_pair_diag_success_pc_pair_bucket[1][54] = 38
pc_pair_diag_success_pc_pair_bucket[1][55] = 53
pc_pair_diag_success_pc_pair_bucket[1][56] = 55
pc_pair_diag_success_pc_pair_bucket[1][57] = 36
pc_pair_diag_success_pc_pair_bucket[1][58] = 1
pc_pair_diag_success_pc_pair_bucket[1][60] = 2
pc_pair_diag_success_pc_pair_bucket[1][61] = 10
pc_pair_diag_success_pc_pair_bucket[1][62] = 12
pc_pair_diag_success_pc_pair_bucket[1][63] = 10
pc_pair_diag_success_pc_pair_bucket[2][0] = 26
pc_pair_diag_success_pc_pair_bucket[2][1] = 28
pc_pair_diag_success_pc_pair_bucket[2][2] = 1248
pc_pair_diag_success_pc_pair_bucket[2][3] = 35
pc_pair_diag_success_pc_pair_bucket[2][4] = 8
pc_pair_diag_success_pc_pair_bucket[2][6] = 1
pc_pair_diag_success_pc_pair_bucket[2][7] = 2
pc_pair_diag_success_pc_pair_bucket[2][8] = 3
pc_pair_diag_success_pc_pair_bucket[2][9] = 8
pc_pair_diag_success_pc_pair_bucket[2][10] = 5
pc_pair_diag_success_pc_pair_bucket[2][11] = 2
pc_pair_diag_success_pc_pair_bucket[2][12] = 51
pc_pair_diag_success_pc_pair_bucket[2][13] = 90
pc_pair_diag_success_pc_pair_bucket[2][14] = 81
pc_pair_diag_success_pc_pair_bucket[2][15] = 110
pc_pair_diag_success_pc_pair_bucket[2][16] = 85
pc_pair_diag_success_pc_pair_bucket[2][17] = 114
pc_pair_diag_success_pc_pair_bucket[2][18] = 97
pc_pair_diag_success_pc_pair_bucket[2][19] = 56
pc_pair_diag_success_pc_pair_bucket[2][20] = 2
pc_pair_diag_success_pc_pair_bucket[2][21] = 1
pc_pair_diag_success_pc_pair_bucket[2][23] = 9
pc_pair_diag_success_pc_pair_bucket[2][24] = 36
pc_pair_diag_success_pc_pair_bucket[2][25] = 37
pc_pair_diag_success_pc_pair_bucket[2][26] = 36
pc_pair_diag_success_pc_pair_bucket[2][27] = 45
pc_pair_diag_success_pc_pair_bucket[2][28] = 25
pc_pair_diag_success_pc_pair_bucket[2][29] = 36
pc_pair_diag_success_pc_pair_bucket[2][30] = 19
pc_pair_diag_success_pc_pair_bucket[2][31] = 2
pc_pair_diag_success_pc_pair_bucket[2][33] = 1
pc_pair_diag_success_pc_pair_bucket[2][34] = 6
pc_pair_diag_success_pc_pair_bucket[2][35] = 19
pc_pair_diag_success_pc_pair_bucket[2][36] = 15
pc_pair_diag_success_pc_pair_bucket[2][37] = 21
pc_pair_diag_success_pc_pair_bucket[2][38] = 27
pc_pair_diag_success_pc_pair_bucket[2][39] = 54
pc_pair_diag_success_pc_pair_bucket[2][40] = 61
pc_pair_diag_success_pc_pair_bucket[2][41] = 124
pc_pair_diag_success_pc_pair_bucket[2][42] = 294
pc_pair_diag_success_pc_pair_bucket[2][43] = 36
pc_pair_diag_success_pc_pair_bucket[2][44] = 44
pc_pair_diag_success_pc_pair_bucket[2][45] = 38
pc_pair_diag_success_pc_pair_bucket[2][46] = 21
pc_pair_diag_success_pc_pair_bucket[2][47] = 2
pc_pair_diag_success_pc_pair_bucket[2][48] = 7
pc_pair_diag_success_pc_pair_bucket[2][49] = 2
pc_pair_diag_success_pc_pair_bucket[2][50] = 30
pc_pair_diag_success_pc_pair_bucket[2][51] = 56
pc_pair_diag_success_pc_pair_bucket[2][52] = 63
pc_pair_diag_success_pc_pair_bucket[2][53] = 57
pc_pair_diag_success_pc_pair_bucket[2][54] = 49
pc_pair_diag_success_pc_pair_bucket[2][55] = 48
pc_pair_diag_success_pc_pair_bucket[2][56] = 47
pc_pair_diag_success_pc_pair_bucket[2][57] = 22
pc_pair_diag_success_pc_pair_bucket[2][58] = 2
pc_pair_diag_success_pc_pair_bucket[2][60] = 2
pc_pair_diag_success_pc_pair_bucket[2][61] = 18
pc_pair_diag_success_pc_pair_bucket[2][62] = 24
pc_pair_diag_success_pc_pair_bucket[2][63] = 20
pc_pair_diag_success_pc_pair_bucket[3][0] = 18
pc_pair_diag_success_pc_pair_bucket[3][1] = 21
pc_pair_diag_success_pc_pair_bucket[3][2] = 23
pc_pair_diag_success_pc_pair_bucket[3][3] = 29
pc_pair_diag_success_pc_pair_bucket[3][4] = 12
pc_pair_diag_success_pc_pair_bucket[3][5] = 1
pc_pair_diag_success_pc_pair_bucket[3][6] = 3
pc_pair_diag_success_pc_pair_bucket[3][7] = 1
pc_pair_diag_success_pc_pair_bucket[3][8] = 12
pc_pair_diag_success_pc_pair_bucket[3][9] = 6
pc_pair_diag_success_pc_pair_bucket[3][10] = 3
pc_pair_diag_success_pc_pair_bucket[3][11] = 2
pc_pair_diag_success_pc_pair_bucket[3][12] = 53
pc_pair_diag_success_pc_pair_bucket[3][13] = 86
pc_pair_diag_success_pc_pair_bucket[3][14] = 74
pc_pair_diag_success_pc_pair_bucket[3][15] = 71
pc_pair_diag_success_pc_pair_bucket[3][16] = 91
pc_pair_diag_success_pc_pair_bucket[3][17] = 80
pc_pair_diag_success_pc_pair_bucket[3][18] = 63
pc_pair_diag_success_pc_pair_bucket[3][19] = 72
pc_pair_diag_success_pc_pair_bucket[3][20] = 5
pc_pair_diag_success_pc_pair_bucket[3][21] = 1
pc_pair_diag_success_pc_pair_bucket[3][22] = 3
pc_pair_diag_success_pc_pair_bucket[3][23] = 21
pc_pair_diag_success_pc_pair_bucket[3][24] = 43
pc_pair_diag_success_pc_pair_bucket[3][25] = 20
pc_pair_diag_success_pc_pair_bucket[3][26] = 22
pc_pair_diag_success_pc_pair_bucket[3][27] = 31
pc_pair_diag_success_pc_pair_bucket[3][28] = 42
pc_pair_diag_success_pc_pair_bucket[3][29] = 19
pc_pair_diag_success_pc_pair_bucket[3][30] = 16
pc_pair_diag_success_pc_pair_bucket[3][31] = 2
pc_pair_diag_success_pc_pair_bucket[3][32] = 1
pc_pair_diag_success_pc_pair_bucket[3][34] = 7
pc_pair_diag_success_pc_pair_bucket[3][35] = 14
pc_pair_diag_success_pc_pair_bucket[3][36] = 9
pc_pair_diag_success_pc_pair_bucket[3][37] = 7
pc_pair_diag_success_pc_pair_bucket[3][38] = 17
pc_pair_diag_success_pc_pair_bucket[3][39] = 54
pc_pair_diag_success_pc_pair_bucket[3][40] = 43
pc_pair_diag_success_pc_pair_bucket[3][41] = 70
pc_pair_diag_success_pc_pair_bucket[3][42] = 510
pc_pair_diag_success_pc_pair_bucket[3][43] = 25
pc_pair_diag_success_pc_pair_bucket[3][44] = 25
pc_pair_diag_success_pc_pair_bucket[3][45] = 21
pc_pair_diag_success_pc_pair_bucket[3][46] = 8
pc_pair_diag_success_pc_pair_bucket[3][47] = 3
pc_pair_diag_success_pc_pair_bucket[3][48] = 4
pc_pair_diag_success_pc_pair_bucket[3][50] = 50
pc_pair_diag_success_pc_pair_bucket[3][51] = 30
pc_pair_diag_success_pc_pair_bucket[3][52] = 32
pc_pair_diag_success_pc_pair_bucket[3][53] = 41
pc_pair_diag_success_pc_pair_bucket[3][54] = 34
pc_pair_diag_success_pc_pair_bucket[3][55] = 36
pc_pair_diag_success_pc_pair_bucket[3][56] = 21
pc_pair_diag_success_pc_pair_bucket[3][57] = 18
pc_pair_diag_success_pc_pair_bucket[3][59] = 2
pc_pair_diag_success_pc_pair_bucket[3][60] = 1
pc_pair_diag_success_pc_pair_bucket[3][61] = 38
pc_pair_diag_success_pc_pair_bucket[3][62] = 14
pc_pair_diag_success_pc_pair_bucket[3][63] = 15
pc_pair_diag_success_pc_pair_bucket[4][0] = 23
pc_pair_diag_success_pc_pair_bucket[4][1] = 31
pc_pair_diag_success_pc_pair_bucket[4][2] = 22
pc_pair_diag_success_pc_pair_bucket[4][3] = 26
pc_pair_diag_success_pc_pair_bucket[4][4] = 15
pc_pair_diag_success_pc_pair_bucket[4][5] = 1
pc_pair_diag_success_pc_pair_bucket[4][6] = 1
pc_pair_diag_success_pc_pair_bucket[4][7] = 2
pc_pair_diag_success_pc_pair_bucket[4][8] = 2
pc_pair_diag_success_pc_pair_bucket[4][9] = 5
pc_pair_diag_success_pc_pair_bucket[4][10] = 5
pc_pair_diag_success_pc_pair_bucket[4][11] = 7
pc_pair_diag_success_pc_pair_bucket[4][12] = 35
pc_pair_diag_success_pc_pair_bucket[4][13] = 78
pc_pair_diag_success_pc_pair_bucket[4][14] = 71
pc_pair_diag_success_pc_pair_bucket[4][15] = 79
pc_pair_diag_success_pc_pair_bucket[4][16] = 62
pc_pair_diag_success_pc_pair_bucket[4][17] = 78
pc_pair_diag_success_pc_pair_bucket[4][18] = 61
pc_pair_diag_success_pc_pair_bucket[4][19] = 37
pc_pair_diag_success_pc_pair_bucket[4][20] = 2
pc_pair_diag_success_pc_pair_bucket[4][21] = 1
pc_pair_diag_success_pc_pair_bucket[4][22] = 2
pc_pair_diag_success_pc_pair_bucket[4][23] = 8
pc_pair_diag_success_pc_pair_bucket[4][24] = 27
pc_pair_diag_success_pc_pair_bucket[4][25] = 28
pc_pair_diag_success_pc_pair_bucket[4][26] = 31
pc_pair_diag_success_pc_pair_bucket[4][27] = 24
pc_pair_diag_success_pc_pair_bucket[4][28] = 24
pc_pair_diag_success_pc_pair_bucket[4][29] = 40
pc_pair_diag_success_pc_pair_bucket[4][30] = 24
pc_pair_diag_success_pc_pair_bucket[4][32] = 1
pc_pair_diag_success_pc_pair_bucket[4][33] = 3
pc_pair_diag_success_pc_pair_bucket[4][34] = 8
pc_pair_diag_success_pc_pair_bucket[4][35] = 14
pc_pair_diag_success_pc_pair_bucket[4][36] = 13
pc_pair_diag_success_pc_pair_bucket[4][37] = 23
pc_pair_diag_success_pc_pair_bucket[4][38] = 15
pc_pair_diag_success_pc_pair_bucket[4][39] = 40
pc_pair_diag_success_pc_pair_bucket[4][40] = 39
pc_pair_diag_success_pc_pair_bucket[4][41] = 36
pc_pair_diag_success_pc_pair_bucket[4][42] = 57
pc_pair_diag_success_pc_pair_bucket[4][43] = 304
pc_pair_diag_success_pc_pair_bucket[4][44] = 38
pc_pair_diag_success_pc_pair_bucket[4][45] = 15
pc_pair_diag_success_pc_pair_bucket[4][46] = 9
pc_pair_diag_success_pc_pair_bucket[4][48] = 2
pc_pair_diag_success_pc_pair_bucket[4][49] = 1
pc_pair_diag_success_pc_pair_bucket[4][50] = 37
pc_pair_diag_success_pc_pair_bucket[4][51] = 36
pc_pair_diag_success_pc_pair_bucket[4][52] = 27
pc_pair_diag_success_pc_pair_bucket[4][53] = 47
pc_pair_diag_success_pc_pair_bucket[4][54] = 48
pc_pair_diag_success_pc_pair_bucket[4][55] = 50
pc_pair_diag_success_pc_pair_bucket[4][56] = 25
pc_pair_diag_success_pc_pair_bucket[4][57] = 12
pc_pair_diag_success_pc_pair_bucket[4][58] = 1
pc_pair_diag_success_pc_pair_bucket[4][61] = 19
pc_pair_diag_success_pc_pair_bucket[4][62] = 22
pc_pair_diag_success_pc_pair_bucket[4][63] = 34
pc_pair_diag_success_pc_pair_bucket[5][0] = 21
pc_pair_diag_success_pc_pair_bucket[5][1] = 19
pc_pair_diag_success_pc_pair_bucket[5][2] = 15
pc_pair_diag_success_pc_pair_bucket[5][3] = 25
pc_pair_diag_success_pc_pair_bucket[5][4] = 12
pc_pair_diag_success_pc_pair_bucket[5][5] = 5
pc_pair_diag_success_pc_pair_bucket[5][6] = 2
pc_pair_diag_success_pc_pair_bucket[5][7] = 1
pc_pair_diag_success_pc_pair_bucket[5][8] = 1
pc_pair_diag_success_pc_pair_bucket[5][9] = 1
pc_pair_diag_success_pc_pair_bucket[5][10] = 6
pc_pair_diag_success_pc_pair_bucket[5][11] = 6
pc_pair_diag_success_pc_pair_bucket[5][12] = 13
pc_pair_diag_success_pc_pair_bucket[5][13] = 80
pc_pair_diag_success_pc_pair_bucket[5][14] = 67
pc_pair_diag_success_pc_pair_bucket[5][15] = 56
pc_pair_diag_success_pc_pair_bucket[5][16] = 75
pc_pair_diag_success_pc_pair_bucket[5][17] = 73
pc_pair_diag_success_pc_pair_bucket[5][18] = 59
pc_pair_diag_success_pc_pair_bucket[5][19] = 99
pc_pair_diag_success_pc_pair_bucket[5][20] = 7
pc_pair_diag_success_pc_pair_bucket[5][22] = 1
pc_pair_diag_success_pc_pair_bucket[5][23] = 4
pc_pair_diag_success_pc_pair_bucket[5][24] = 29
pc_pair_diag_success_pc_pair_bucket[5][25] = 24
pc_pair_diag_success_pc_pair_bucket[5][26] = 28
pc_pair_diag_success_pc_pair_bucket[5][27] = 26
pc_pair_diag_success_pc_pair_bucket[5][28] = 21
pc_pair_diag_success_pc_pair_bucket[5][29] = 30
pc_pair_diag_success_pc_pair_bucket[5][30] = 35
pc_pair_diag_success_pc_pair_bucket[5][31] = 2
pc_pair_diag_success_pc_pair_bucket[5][33] = 1
pc_pair_diag_success_pc_pair_bucket[5][34] = 8
pc_pair_diag_success_pc_pair_bucket[5][35] = 12
pc_pair_diag_success_pc_pair_bucket[5][36] = 11
pc_pair_diag_success_pc_pair_bucket[5][37] = 12
pc_pair_diag_success_pc_pair_bucket[5][38] = 9
pc_pair_diag_success_pc_pair_bucket[5][39] = 34
pc_pair_diag_success_pc_pair_bucket[5][40] = 34
pc_pair_diag_success_pc_pair_bucket[5][41] = 46
pc_pair_diag_success_pc_pair_bucket[5][42] = 24
pc_pair_diag_success_pc_pair_bucket[5][43] = 148
pc_pair_diag_success_pc_pair_bucket[5][44] = 412
pc_pair_diag_success_pc_pair_bucket[5][45] = 20
pc_pair_diag_success_pc_pair_bucket[5][46] = 17
pc_pair_diag_success_pc_pair_bucket[5][47] = 2
pc_pair_diag_success_pc_pair_bucket[5][48] = 3
pc_pair_diag_success_pc_pair_bucket[5][49] = 2
pc_pair_diag_success_pc_pair_bucket[5][50] = 22
pc_pair_diag_success_pc_pair_bucket[5][51] = 41
pc_pair_diag_success_pc_pair_bucket[5][52] = 35
pc_pair_diag_success_pc_pair_bucket[5][53] = 32
pc_pair_diag_success_pc_pair_bucket[5][54] = 35
pc_pair_diag_success_pc_pair_bucket[5][55] = 32
pc_pair_diag_success_pc_pair_bucket[5][56] = 41
pc_pair_diag_success_pc_pair_bucket[5][57] = 29
pc_pair_diag_success_pc_pair_bucket[5][58] = 1
pc_pair_diag_success_pc_pair_bucket[5][59] = 2
pc_pair_diag_success_pc_pair_bucket[5][60] = 1
pc_pair_diag_success_pc_pair_bucket[5][61] = 14
pc_pair_diag_success_pc_pair_bucket[5][62] = 23
pc_pair_diag_success_pc_pair_bucket[5][63] = 15
pc_pair_diag_success_pc_pair_bucket[6][0] = 17
pc_pair_diag_success_pc_pair_bucket[6][1] = 17
pc_pair_diag_success_pc_pair_bucket[6][2] = 17
pc_pair_diag_success_pc_pair_bucket[6][3] = 3
pc_pair_diag_success_pc_pair_bucket[6][4] = 5
pc_pair_diag_success_pc_pair_bucket[6][6] = 3
pc_pair_diag_success_pc_pair_bucket[6][8] = 2
pc_pair_diag_success_pc_pair_bucket[6][9] = 2
pc_pair_diag_success_pc_pair_bucket[6][10] = 2
pc_pair_diag_success_pc_pair_bucket[6][11] = 8
pc_pair_diag_success_pc_pair_bucket[6][12] = 20
pc_pair_diag_success_pc_pair_bucket[6][13] = 55
pc_pair_diag_success_pc_pair_bucket[6][14] = 51
pc_pair_diag_success_pc_pair_bucket[6][15] = 48
pc_pair_diag_success_pc_pair_bucket[6][16] = 35
pc_pair_diag_success_pc_pair_bucket[6][17] = 30
pc_pair_diag_success_pc_pair_bucket[6][18] = 44
pc_pair_diag_success_pc_pair_bucket[6][19] = 26
pc_pair_diag_success_pc_pair_bucket[6][20] = 5
pc_pair_diag_success_pc_pair_bucket[6][21] = 1
pc_pair_diag_success_pc_pair_bucket[6][23] = 7
pc_pair_diag_success_pc_pair_bucket[6][24] = 13
pc_pair_diag_success_pc_pair_bucket[6][25] = 14
pc_pair_diag_success_pc_pair_bucket[6][26] = 18
pc_pair_diag_success_pc_pair_bucket[6][27] = 22
pc_pair_diag_success_pc_pair_bucket[6][28] = 23
pc_pair_diag_success_pc_pair_bucket[6][29] = 17
pc_pair_diag_success_pc_pair_bucket[6][30] = 12
pc_pair_diag_success_pc_pair_bucket[6][33] = 1
pc_pair_diag_success_pc_pair_bucket[6][34] = 5
pc_pair_diag_success_pc_pair_bucket[6][35] = 9
pc_pair_diag_success_pc_pair_bucket[6][36] = 9
pc_pair_diag_success_pc_pair_bucket[6][37] = 11
pc_pair_diag_success_pc_pair_bucket[6][38] = 18
pc_pair_diag_success_pc_pair_bucket[6][39] = 21
pc_pair_diag_success_pc_pair_bucket[6][40] = 37
pc_pair_diag_success_pc_pair_bucket[6][41] = 20
pc_pair_diag_success_pc_pair_bucket[6][42] = 11
pc_pair_diag_success_pc_pair_bucket[6][43] = 15
pc_pair_diag_success_pc_pair_bucket[6][44] = 37
pc_pair_diag_success_pc_pair_bucket[6][45] = 77
pc_pair_diag_success_pc_pair_bucket[6][46] = 5
pc_pair_diag_success_pc_pair_bucket[6][48] = 1
pc_pair_diag_success_pc_pair_bucket[6][49] = 1
pc_pair_diag_success_pc_pair_bucket[6][50] = 20
pc_pair_diag_success_pc_pair_bucket[6][51] = 20
pc_pair_diag_success_pc_pair_bucket[6][52] = 20
pc_pair_diag_success_pc_pair_bucket[6][53] = 24
pc_pair_diag_success_pc_pair_bucket[6][54] = 16
pc_pair_diag_success_pc_pair_bucket[6][55] = 21
pc_pair_diag_success_pc_pair_bucket[6][56] = 21
pc_pair_diag_success_pc_pair_bucket[6][57] = 10
pc_pair_diag_success_pc_pair_bucket[6][58] = 2
pc_pair_diag_success_pc_pair_bucket[6][61] = 17
pc_pair_diag_success_pc_pair_bucket[6][62] = 21
pc_pair_diag_success_pc_pair_bucket[6][63] = 16
pc_pair_diag_success_pc_pair_bucket[7][0] = 20
pc_pair_diag_success_pc_pair_bucket[7][1] = 16
pc_pair_diag_success_pc_pair_bucket[7][2] = 16
pc_pair_diag_success_pc_pair_bucket[7][3] = 24
pc_pair_diag_success_pc_pair_bucket[7][4] = 10
pc_pair_diag_success_pc_pair_bucket[7][6] = 2
pc_pair_diag_success_pc_pair_bucket[7][7] = 2113
pc_pair_diag_success_pc_pair_bucket[7][8] = 3
pc_pair_diag_success_pc_pair_bucket[7][9] = 2
pc_pair_diag_success_pc_pair_bucket[7][10] = 3
pc_pair_diag_success_pc_pair_bucket[7][11] = 8
pc_pair_diag_success_pc_pair_bucket[7][12] = 33
pc_pair_diag_success_pc_pair_bucket[7][13] = 80
pc_pair_diag_success_pc_pair_bucket[7][14] = 114
pc_pair_diag_success_pc_pair_bucket[7][15] = 71
pc_pair_diag_success_pc_pair_bucket[7][16] = 65
pc_pair_diag_success_pc_pair_bucket[7][17] = 77
pc_pair_diag_success_pc_pair_bucket[7][18] = 74
pc_pair_diag_success_pc_pair_bucket[7][19] = 59
pc_pair_diag_success_pc_pair_bucket[7][22] = 1
pc_pair_diag_success_pc_pair_bucket[7][23] = 9
pc_pair_diag_success_pc_pair_bucket[7][24] = 30
pc_pair_diag_success_pc_pair_bucket[7][25] = 21
pc_pair_diag_success_pc_pair_bucket[7][26] = 14
pc_pair_diag_success_pc_pair_bucket[7][27] = 20
pc_pair_diag_success_pc_pair_bucket[7][28] = 21
pc_pair_diag_success_pc_pair_bucket[7][29] = 33
pc_pair_diag_success_pc_pair_bucket[7][30] = 15
pc_pair_diag_success_pc_pair_bucket[7][32] = 1
pc_pair_diag_success_pc_pair_bucket[7][33] = 1
pc_pair_diag_success_pc_pair_bucket[7][34] = 4
pc_pair_diag_success_pc_pair_bucket[7][35] = 17
pc_pair_diag_success_pc_pair_bucket[7][36] = 15
pc_pair_diag_success_pc_pair_bucket[7][37] = 28
pc_pair_diag_success_pc_pair_bucket[7][38] = 20
pc_pair_diag_success_pc_pair_bucket[7][39] = 27
pc_pair_diag_success_pc_pair_bucket[7][40] = 36
pc_pair_diag_success_pc_pair_bucket[7][41] = 37
pc_pair_diag_success_pc_pair_bucket[7][42] = 10
pc_pair_diag_success_pc_pair_bucket[7][43] = 18
pc_pair_diag_success_pc_pair_bucket[7][44] = 18
pc_pair_diag_success_pc_pair_bucket[7][45] = 16
pc_pair_diag_success_pc_pair_bucket[7][46] = 15
pc_pair_diag_success_pc_pair_bucket[7][47] = 4
pc_pair_diag_success_pc_pair_bucket[7][48] = 4
pc_pair_diag_success_pc_pair_bucket[7][49] = 5
pc_pair_diag_success_pc_pair_bucket[7][50] = 93
pc_pair_diag_success_pc_pair_bucket[7][51] = 94
pc_pair_diag_success_pc_pair_bucket[7][52] = 140
pc_pair_diag_success_pc_pair_bucket[7][53] = 109
pc_pair_diag_success_pc_pair_bucket[7][54] = 131
pc_pair_diag_success_pc_pair_bucket[7][55] = 96
pc_pair_diag_success_pc_pair_bucket[7][56] = 142
pc_pair_diag_success_pc_pair_bucket[7][57] = 46
pc_pair_diag_success_pc_pair_bucket[7][59] = 1
pc_pair_diag_success_pc_pair_bucket[7][60] = 1
pc_pair_diag_success_pc_pair_bucket[7][61] = 10
pc_pair_diag_success_pc_pair_bucket[7][62] = 18
pc_pair_diag_success_pc_pair_bucket[7][63] = 27
pc_pair_diag_success_pc_pair_bucket[8][0] = 22
pc_pair_diag_success_pc_pair_bucket[8][1] = 37
pc_pair_diag_success_pc_pair_bucket[8][2] = 31
pc_pair_diag_success_pc_pair_bucket[8][3] = 15
pc_pair_diag_success_pc_pair_bucket[8][4] = 15
pc_pair_diag_success_pc_pair_bucket[8][5] = 1
pc_pair_diag_success_pc_pair_bucket[8][6] = 1
pc_pair_diag_success_pc_pair_bucket[8][7] = 133
pc_pair_diag_success_pc_pair_bucket[8][8] = 6
pc_pair_diag_success_pc_pair_bucket[8][9] = 3
pc_pair_diag_success_pc_pair_bucket[8][10] = 6
pc_pair_diag_success_pc_pair_bucket[8][11] = 6
pc_pair_diag_success_pc_pair_bucket[8][12] = 62
pc_pair_diag_success_pc_pair_bucket[8][13] = 67
pc_pair_diag_success_pc_pair_bucket[8][14] = 56
pc_pair_diag_success_pc_pair_bucket[8][15] = 70
pc_pair_diag_success_pc_pair_bucket[8][16] = 87
pc_pair_diag_success_pc_pair_bucket[8][17] = 83
pc_pair_diag_success_pc_pair_bucket[8][18] = 59
pc_pair_diag_success_pc_pair_bucket[8][19] = 41
pc_pair_diag_success_pc_pair_bucket[8][20] = 3
pc_pair_diag_success_pc_pair_bucket[8][23] = 17
pc_pair_diag_success_pc_pair_bucket[8][24] = 30
pc_pair_diag_success_pc_pair_bucket[8][25] = 28
pc_pair_diag_success_pc_pair_bucket[8][26] = 32
pc_pair_diag_success_pc_pair_bucket[8][27] = 28
pc_pair_diag_success_pc_pair_bucket[8][28] = 22
pc_pair_diag_success_pc_pair_bucket[8][29] = 28
pc_pair_diag_success_pc_pair_bucket[8][30] = 14
pc_pair_diag_success_pc_pair_bucket[8][31] = 1
pc_pair_diag_success_pc_pair_bucket[8][34] = 11
pc_pair_diag_success_pc_pair_bucket[8][35] = 14
pc_pair_diag_success_pc_pair_bucket[8][36] = 20
pc_pair_diag_success_pc_pair_bucket[8][37] = 16
pc_pair_diag_success_pc_pair_bucket[8][38] = 13
pc_pair_diag_success_pc_pair_bucket[8][39] = 46
pc_pair_diag_success_pc_pair_bucket[8][40] = 29
pc_pair_diag_success_pc_pair_bucket[8][41] = 33
pc_pair_diag_success_pc_pair_bucket[8][42] = 25
pc_pair_diag_success_pc_pair_bucket[8][43] = 20
pc_pair_diag_success_pc_pair_bucket[8][44] = 8
pc_pair_diag_success_pc_pair_bucket[8][45] = 10
pc_pair_diag_success_pc_pair_bucket[8][46] = 12
pc_pair_diag_success_pc_pair_bucket[8][47] = 4
pc_pair_diag_success_pc_pair_bucket[8][48] = 1
pc_pair_diag_success_pc_pair_bucket[8][49] = 5
pc_pair_diag_success_pc_pair_bucket[8][50] = 133
pc_pair_diag_success_pc_pair_bucket[8][51] = 54
pc_pair_diag_success_pc_pair_bucket[8][52] = 86
pc_pair_diag_success_pc_pair_bucket[8][53] = 155
pc_pair_diag_success_pc_pair_bucket[8][54] = 70
pc_pair_diag_success_pc_pair_bucket[8][55] = 135
pc_pair_diag_success_pc_pair_bucket[8][56] = 50
pc_pair_diag_success_pc_pair_bucket[8][57] = 49
pc_pair_diag_success_pc_pair_bucket[8][58] = 1
pc_pair_diag_success_pc_pair_bucket[8][59] = 3
pc_pair_diag_success_pc_pair_bucket[8][60] = 2
pc_pair_diag_success_pc_pair_bucket[8][61] = 33
pc_pair_diag_success_pc_pair_bucket[8][62] = 12
pc_pair_diag_success_pc_pair_bucket[8][63] = 14
pc_pair_diag_success_pc_pair_bucket[9][0] = 12
pc_pair_diag_success_pc_pair_bucket[9][1] = 19
pc_pair_diag_success_pc_pair_bucket[9][2] = 13
pc_pair_diag_success_pc_pair_bucket[9][3] = 13
pc_pair_diag_success_pc_pair_bucket[9][4] = 5
pc_pair_diag_success_pc_pair_bucket[9][6] = 1
pc_pair_diag_success_pc_pair_bucket[9][8] = 5
pc_pair_diag_success_pc_pair_bucket[9][9] = 533
pc_pair_diag_success_pc_pair_bucket[9][10] = 4
pc_pair_diag_success_pc_pair_bucket[9][11] = 6
pc_pair_diag_success_pc_pair_bucket[9][12] = 26
pc_pair_diag_success_pc_pair_bucket[9][13] = 48
pc_pair_diag_success_pc_pair_bucket[9][14] = 44
pc_pair_diag_success_pc_pair_bucket[9][15] = 44
pc_pair_diag_success_pc_pair_bucket[9][16] = 44
pc_pair_diag_success_pc_pair_bucket[9][17] = 28
pc_pair_diag_success_pc_pair_bucket[9][18] = 44
pc_pair_diag_success_pc_pair_bucket[9][19] = 29
pc_pair_diag_success_pc_pair_bucket[9][20] = 1
pc_pair_diag_success_pc_pair_bucket[9][22] = 1
pc_pair_diag_success_pc_pair_bucket[9][23] = 7
pc_pair_diag_success_pc_pair_bucket[9][24] = 15
pc_pair_diag_success_pc_pair_bucket[9][25] = 13
pc_pair_diag_success_pc_pair_bucket[9][26] = 21
pc_pair_diag_success_pc_pair_bucket[9][27] = 15
pc_pair_diag_success_pc_pair_bucket[9][28] = 20
pc_pair_diag_success_pc_pair_bucket[9][29] = 18
pc_pair_diag_success_pc_pair_bucket[9][30] = 17
pc_pair_diag_success_pc_pair_bucket[9][32] = 1
pc_pair_diag_success_pc_pair_bucket[9][34] = 6
pc_pair_diag_success_pc_pair_bucket[9][35] = 4
pc_pair_diag_success_pc_pair_bucket[9][36] = 7
pc_pair_diag_success_pc_pair_bucket[9][37] = 6
pc_pair_diag_success_pc_pair_bucket[9][38] = 11
pc_pair_diag_success_pc_pair_bucket[9][39] = 22
pc_pair_diag_success_pc_pair_bucket[9][40] = 15
pc_pair_diag_success_pc_pair_bucket[9][41] = 22
pc_pair_diag_success_pc_pair_bucket[9][42] = 7
pc_pair_diag_success_pc_pair_bucket[9][43] = 10
pc_pair_diag_success_pc_pair_bucket[9][44] = 12
pc_pair_diag_success_pc_pair_bucket[9][45] = 5
pc_pair_diag_success_pc_pair_bucket[9][46] = 2
pc_pair_diag_success_pc_pair_bucket[9][47] = 4
pc_pair_diag_success_pc_pair_bucket[9][48] = 1
pc_pair_diag_success_pc_pair_bucket[9][49] = 1
pc_pair_diag_success_pc_pair_bucket[9][50] = 97
pc_pair_diag_success_pc_pair_bucket[9][51] = 96
pc_pair_diag_success_pc_pair_bucket[9][52] = 56
pc_pair_diag_success_pc_pair_bucket[9][53] = 103
pc_pair_diag_success_pc_pair_bucket[9][54] = 75
pc_pair_diag_success_pc_pair_bucket[9][55] = 60
pc_pair_diag_success_pc_pair_bucket[9][56] = 94
pc_pair_diag_success_pc_pair_bucket[9][57] = 64
pc_pair_diag_success_pc_pair_bucket[9][58] = 1
pc_pair_diag_success_pc_pair_bucket[9][61] = 7
pc_pair_diag_success_pc_pair_bucket[9][62] = 15
pc_pair_diag_success_pc_pair_bucket[9][63] = 14
pc_pair_diag_success_pc_pair_bucket[10][0] = 14
pc_pair_diag_success_pc_pair_bucket[10][1] = 13
pc_pair_diag_success_pc_pair_bucket[10][2] = 25
pc_pair_diag_success_pc_pair_bucket[10][3] = 13
pc_pair_diag_success_pc_pair_bucket[10][4] = 8
pc_pair_diag_success_pc_pair_bucket[10][6] = 1
pc_pair_diag_success_pc_pair_bucket[10][7] = 1
pc_pair_diag_success_pc_pair_bucket[10][8] = 14
pc_pair_diag_success_pc_pair_bucket[10][9] = 4
pc_pair_diag_success_pc_pair_bucket[10][10] = 3309
pc_pair_diag_success_pc_pair_bucket[10][11] = 5
pc_pair_diag_success_pc_pair_bucket[10][12] = 31
pc_pair_diag_success_pc_pair_bucket[10][13] = 53
pc_pair_diag_success_pc_pair_bucket[10][14] = 59
pc_pair_diag_success_pc_pair_bucket[10][15] = 42
pc_pair_diag_success_pc_pair_bucket[10][16] = 44
pc_pair_diag_success_pc_pair_bucket[10][17] = 52
pc_pair_diag_success_pc_pair_bucket[10][18] = 38
pc_pair_diag_success_pc_pair_bucket[10][19] = 52
pc_pair_diag_success_pc_pair_bucket[10][20] = 3
pc_pair_diag_success_pc_pair_bucket[10][21] = 1
pc_pair_diag_success_pc_pair_bucket[10][22] = 3
pc_pair_diag_success_pc_pair_bucket[10][23] = 15
pc_pair_diag_success_pc_pair_bucket[10][24] = 28
pc_pair_diag_success_pc_pair_bucket[10][25] = 27
pc_pair_diag_success_pc_pair_bucket[10][26] = 17
pc_pair_diag_success_pc_pair_bucket[10][27] = 22
pc_pair_diag_success_pc_pair_bucket[10][28] = 18
pc_pair_diag_success_pc_pair_bucket[10][29] = 25
pc_pair_diag_success_pc_pair_bucket[10][30] = 20
pc_pair_diag_success_pc_pair_bucket[10][31] = 1
pc_pair_diag_success_pc_pair_bucket[10][34] = 5
pc_pair_diag_success_pc_pair_bucket[10][35] = 16
pc_pair_diag_success_pc_pair_bucket[10][36] = 17
pc_pair_diag_success_pc_pair_bucket[10][37] = 11
pc_pair_diag_success_pc_pair_bucket[10][38] = 12
pc_pair_diag_success_pc_pair_bucket[10][39] = 30
pc_pair_diag_success_pc_pair_bucket[10][40] = 30
pc_pair_diag_success_pc_pair_bucket[10][41] = 28
pc_pair_diag_success_pc_pair_bucket[10][42] = 14
pc_pair_diag_success_pc_pair_bucket[10][43] = 8
pc_pair_diag_success_pc_pair_bucket[10][44] = 15
pc_pair_diag_success_pc_pair_bucket[10][45] = 12
pc_pair_diag_success_pc_pair_bucket[10][46] = 10
pc_pair_diag_success_pc_pair_bucket[10][47] = 4
pc_pair_diag_success_pc_pair_bucket[10][48] = 4
pc_pair_diag_success_pc_pair_bucket[10][49] = 4
pc_pair_diag_success_pc_pair_bucket[10][50] = 109
pc_pair_diag_success_pc_pair_bucket[10][51] = 67
pc_pair_diag_success_pc_pair_bucket[10][52] = 112
pc_pair_diag_success_pc_pair_bucket[10][53] = 61
pc_pair_diag_success_pc_pair_bucket[10][54] = 101
pc_pair_diag_success_pc_pair_bucket[10][55] = 78
pc_pair_diag_success_pc_pair_bucket[10][56] = 81
pc_pair_diag_success_pc_pair_bucket[10][57] = 47
pc_pair_diag_success_pc_pair_bucket[10][58] = 2
pc_pair_diag_success_pc_pair_bucket[10][61] = 16
pc_pair_diag_success_pc_pair_bucket[10][62] = 19
pc_pair_diag_success_pc_pair_bucket[10][63] = 19
pc_pair_diag_success_pc_pair_bucket[11][0] = 12
pc_pair_diag_success_pc_pair_bucket[11][1] = 14
pc_pair_diag_success_pc_pair_bucket[11][2] = 21
pc_pair_diag_success_pc_pair_bucket[11][3] = 10
pc_pair_diag_success_pc_pair_bucket[11][4] = 2
pc_pair_diag_success_pc_pair_bucket[11][7] = 1
pc_pair_diag_success_pc_pair_bucket[11][8] = 3
pc_pair_diag_success_pc_pair_bucket[11][9] = 11
pc_pair_diag_success_pc_pair_bucket[11][10] = 793
pc_pair_diag_success_pc_pair_bucket[11][11] = 3290
pc_pair_diag_success_pc_pair_bucket[11][12] = 19
pc_pair_diag_success_pc_pair_bucket[11][13] = 29
pc_pair_diag_success_pc_pair_bucket[11][14] = 36
pc_pair_diag_success_pc_pair_bucket[11][15] = 21
pc_pair_diag_success_pc_pair_bucket[11][16] = 26
pc_pair_diag_success_pc_pair_bucket[11][17] = 29
pc_pair_diag_success_pc_pair_bucket[11][18] = 35
pc_pair_diag_success_pc_pair_bucket[11][19] = 7
pc_pair_diag_success_pc_pair_bucket[11][20] = 1
pc_pair_diag_success_pc_pair_bucket[11][23] = 10
pc_pair_diag_success_pc_pair_bucket[11][24] = 11
pc_pair_diag_success_pc_pair_bucket[11][25] = 10
pc_pair_diag_success_pc_pair_bucket[11][26] = 15
pc_pair_diag_success_pc_pair_bucket[11][27] = 25
pc_pair_diag_success_pc_pair_bucket[11][28] = 14
pc_pair_diag_success_pc_pair_bucket[11][29] = 22
pc_pair_diag_success_pc_pair_bucket[11][30] = 8
pc_pair_diag_success_pc_pair_bucket[11][31] = 1
pc_pair_diag_success_pc_pair_bucket[11][34] = 5
pc_pair_diag_success_pc_pair_bucket[11][35] = 10
pc_pair_diag_success_pc_pair_bucket[11][36] = 10
pc_pair_diag_success_pc_pair_bucket[11][37] = 12
pc_pair_diag_success_pc_pair_bucket[11][38] = 6
pc_pair_diag_success_pc_pair_bucket[11][39] = 16
pc_pair_diag_success_pc_pair_bucket[11][40] = 12
pc_pair_diag_success_pc_pair_bucket[11][41] = 9
pc_pair_diag_success_pc_pair_bucket[11][42] = 4
pc_pair_diag_success_pc_pair_bucket[11][43] = 5
pc_pair_diag_success_pc_pair_bucket[11][44] = 9
pc_pair_diag_success_pc_pair_bucket[11][45] = 5
pc_pair_diag_success_pc_pair_bucket[11][46] = 2
pc_pair_diag_success_pc_pair_bucket[11][47] = 1
pc_pair_diag_success_pc_pair_bucket[11][48] = 3
pc_pair_diag_success_pc_pair_bucket[11][49] = 3
pc_pair_diag_success_pc_pair_bucket[11][50] = 45
pc_pair_diag_success_pc_pair_bucket[11][51] = 71
pc_pair_diag_success_pc_pair_bucket[11][52] = 54
pc_pair_diag_success_pc_pair_bucket[11][53] = 61
pc_pair_diag_success_pc_pair_bucket[11][54] = 54
pc_pair_diag_success_pc_pair_bucket[11][55] = 57
pc_pair_diag_success_pc_pair_bucket[11][56] = 28
pc_pair_diag_success_pc_pair_bucket[11][57] = 6
pc_pair_diag_success_pc_pair_bucket[11][59] = 1
pc_pair_diag_success_pc_pair_bucket[11][60] = 1
pc_pair_diag_success_pc_pair_bucket[11][61] = 16
pc_pair_diag_success_pc_pair_bucket[11][62] = 9
pc_pair_diag_success_pc_pair_bucket[11][63] = 10
pc_pair_diag_success_pc_pair_bucket[12][0] = 24
pc_pair_diag_success_pc_pair_bucket[12][1] = 33
pc_pair_diag_success_pc_pair_bucket[12][2] = 52
pc_pair_diag_success_pc_pair_bucket[12][3] = 40
pc_pair_diag_success_pc_pair_bucket[12][4] = 21
pc_pair_diag_success_pc_pair_bucket[12][5] = 1
pc_pair_diag_success_pc_pair_bucket[12][6] = 3
pc_pair_diag_success_pc_pair_bucket[12][7] = 1
pc_pair_diag_success_pc_pair_bucket[12][8] = 11
pc_pair_diag_success_pc_pair_bucket[12][9] = 15
pc_pair_diag_success_pc_pair_bucket[12][10] = 10
pc_pair_diag_success_pc_pair_bucket[12][11] = 801
pc_pair_diag_success_pc_pair_bucket[12][12] = 3068
pc_pair_diag_success_pc_pair_bucket[12][13] = 72
pc_pair_diag_success_pc_pair_bucket[12][14] = 91
pc_pair_diag_success_pc_pair_bucket[12][15] = 92
pc_pair_diag_success_pc_pair_bucket[12][16] = 76
pc_pair_diag_success_pc_pair_bucket[12][17] = 75
pc_pair_diag_success_pc_pair_bucket[12][18] = 84
pc_pair_diag_success_pc_pair_bucket[12][19] = 85
pc_pair_diag_success_pc_pair_bucket[12][20] = 7
pc_pair_diag_success_pc_pair_bucket[12][21] = 1
pc_pair_diag_success_pc_pair_bucket[12][22] = 3
pc_pair_diag_success_pc_pair_bucket[12][23] = 31
pc_pair_diag_success_pc_pair_bucket[12][24] = 65
pc_pair_diag_success_pc_pair_bucket[12][25] = 76
pc_pair_diag_success_pc_pair_bucket[12][26] = 40
pc_pair_diag_success_pc_pair_bucket[12][27] = 51
pc_pair_diag_success_pc_pair_bucket[12][28] = 54
pc_pair_diag_success_pc_pair_bucket[12][29] = 56
pc_pair_diag_success_pc_pair_bucket[12][30] = 79
pc_pair_diag_success_pc_pair_bucket[12][31] = 1
pc_pair_diag_success_pc_pair_bucket[12][34] = 10
pc_pair_diag_success_pc_pair_bucket[12][35] = 26
pc_pair_diag_success_pc_pair_bucket[12][36] = 27
pc_pair_diag_success_pc_pair_bucket[12][37] = 18
pc_pair_diag_success_pc_pair_bucket[12][38] = 24
pc_pair_diag_success_pc_pair_bucket[12][39] = 33
pc_pair_diag_success_pc_pair_bucket[12][40] = 33
pc_pair_diag_success_pc_pair_bucket[12][41] = 46
pc_pair_diag_success_pc_pair_bucket[12][42] = 15
pc_pair_diag_success_pc_pair_bucket[12][43] = 12
pc_pair_diag_success_pc_pair_bucket[12][44] = 7
pc_pair_diag_success_pc_pair_bucket[12][45] = 15
pc_pair_diag_success_pc_pair_bucket[12][46] = 10
pc_pair_diag_success_pc_pair_bucket[12][47] = 9
pc_pair_diag_success_pc_pair_bucket[12][48] = 10
pc_pair_diag_success_pc_pair_bucket[12][49] = 8
pc_pair_diag_success_pc_pair_bucket[12][50] = 154
pc_pair_diag_success_pc_pair_bucket[12][51] = 166
pc_pair_diag_success_pc_pair_bucket[12][52] = 153
pc_pair_diag_success_pc_pair_bucket[12][53] = 129
pc_pair_diag_success_pc_pair_bucket[12][54] = 167
pc_pair_diag_success_pc_pair_bucket[12][55] = 162
pc_pair_diag_success_pc_pair_bucket[12][56] = 187
pc_pair_diag_success_pc_pair_bucket[12][57] = 95
pc_pair_diag_success_pc_pair_bucket[12][58] = 5
pc_pair_diag_success_pc_pair_bucket[12][59] = 1
pc_pair_diag_success_pc_pair_bucket[12][60] = 2
pc_pair_diag_success_pc_pair_bucket[12][61] = 40
pc_pair_diag_success_pc_pair_bucket[12][62] = 31
pc_pair_diag_success_pc_pair_bucket[12][63] = 34
pc_pair_diag_success_pc_pair_bucket[13][0] = 48
pc_pair_diag_success_pc_pair_bucket[13][1] = 54
pc_pair_diag_success_pc_pair_bucket[13][2] = 56
pc_pair_diag_success_pc_pair_bucket[13][3] = 35
pc_pair_diag_success_pc_pair_bucket[13][4] = 14
pc_pair_diag_success_pc_pair_bucket[13][5] = 5
pc_pair_diag_success_pc_pair_bucket[13][6] = 2
pc_pair_diag_success_pc_pair_bucket[13][7] = 3
pc_pair_diag_success_pc_pair_bucket[13][8] = 14
pc_pair_diag_success_pc_pair_bucket[13][9] = 17
pc_pair_diag_success_pc_pair_bucket[13][10] = 16
pc_pair_diag_success_pc_pair_bucket[13][11] = 14
pc_pair_diag_success_pc_pair_bucket[13][12] = 1428
pc_pair_diag_success_pc_pair_bucket[13][13] = 1603
pc_pair_diag_success_pc_pair_bucket[13][14] = 237
pc_pair_diag_success_pc_pair_bucket[13][15] = 113
pc_pair_diag_success_pc_pair_bucket[13][16] = 79
pc_pair_diag_success_pc_pair_bucket[13][17] = 86
pc_pair_diag_success_pc_pair_bucket[13][18] = 72
pc_pair_diag_success_pc_pair_bucket[13][19] = 47
pc_pair_diag_success_pc_pair_bucket[13][20] = 11
pc_pair_diag_success_pc_pair_bucket[13][21] = 5
pc_pair_diag_success_pc_pair_bucket[13][22] = 3
pc_pair_diag_success_pc_pair_bucket[13][23] = 55
pc_pair_diag_success_pc_pair_bucket[13][24] = 104
pc_pair_diag_success_pc_pair_bucket[13][25] = 90
pc_pair_diag_success_pc_pair_bucket[13][26] = 97
pc_pair_diag_success_pc_pair_bucket[13][27] = 79
pc_pair_diag_success_pc_pair_bucket[13][28] = 78
pc_pair_diag_success_pc_pair_bucket[13][29] = 78
pc_pair_diag_success_pc_pair_bucket[13][30] = 41
pc_pair_diag_success_pc_pair_bucket[13][31] = 3
pc_pair_diag_success_pc_pair_bucket[13][34] = 8
pc_pair_diag_success_pc_pair_bucket[13][35] = 21
pc_pair_diag_success_pc_pair_bucket[13][36] = 43
pc_pair_diag_success_pc_pair_bucket[13][37] = 34
pc_pair_diag_success_pc_pair_bucket[13][38] = 26
pc_pair_diag_success_pc_pair_bucket[13][39] = 41
pc_pair_diag_success_pc_pair_bucket[13][40] = 37
pc_pair_diag_success_pc_pair_bucket[13][41] = 24
pc_pair_diag_success_pc_pair_bucket[13][42] = 10
pc_pair_diag_success_pc_pair_bucket[13][43] = 10
pc_pair_diag_success_pc_pair_bucket[13][44] = 10
pc_pair_diag_success_pc_pair_bucket[13][45] = 3
pc_pair_diag_success_pc_pair_bucket[13][46] = 12
pc_pair_diag_success_pc_pair_bucket[13][47] = 11
pc_pair_diag_success_pc_pair_bucket[13][48] = 5
pc_pair_diag_success_pc_pair_bucket[13][49] = 7
pc_pair_diag_success_pc_pair_bucket[13][50] = 140
pc_pair_diag_success_pc_pair_bucket[13][51] = 139
pc_pair_diag_success_pc_pair_bucket[13][52] = 115
pc_pair_diag_success_pc_pair_bucket[13][53] = 142
pc_pair_diag_success_pc_pair_bucket[13][54] = 147
pc_pair_diag_success_pc_pair_bucket[13][55] = 145
pc_pair_diag_success_pc_pair_bucket[13][56] = 92
pc_pair_diag_success_pc_pair_bucket[13][57] = 56
pc_pair_diag_success_pc_pair_bucket[13][58] = 7
pc_pair_diag_success_pc_pair_bucket[13][59] = 4
pc_pair_diag_success_pc_pair_bucket[13][60] = 3
pc_pair_diag_success_pc_pair_bucket[13][61] = 36
pc_pair_diag_success_pc_pair_bucket[13][62] = 48
pc_pair_diag_success_pc_pair_bucket[13][63] = 49
pc_pair_diag_success_pc_pair_bucket[14][0] = 32
pc_pair_diag_success_pc_pair_bucket[14][1] = 29
pc_pair_diag_success_pc_pair_bucket[14][2] = 36
pc_pair_diag_success_pc_pair_bucket[14][3] = 31
pc_pair_diag_success_pc_pair_bucket[14][4] = 11
pc_pair_diag_success_pc_pair_bucket[14][5] = 1
pc_pair_diag_success_pc_pair_bucket[14][6] = 2
pc_pair_diag_success_pc_pair_bucket[14][7] = 3
pc_pair_diag_success_pc_pair_bucket[14][8] = 12
pc_pair_diag_success_pc_pair_bucket[14][9] = 6
pc_pair_diag_success_pc_pair_bucket[14][10] = 19
pc_pair_diag_success_pc_pair_bucket[14][11] = 14
pc_pair_diag_success_pc_pair_bucket[14][12] = 38
pc_pair_diag_success_pc_pair_bucket[14][13] = 1520
pc_pair_diag_success_pc_pair_bucket[14][14] = 994
pc_pair_diag_success_pc_pair_bucket[14][15] = 66
pc_pair_diag_success_pc_pair_bucket[14][16] = 400
pc_pair_diag_success_pc_pair_bucket[14][17] = 168
pc_pair_diag_success_pc_pair_bucket[14][18] = 53
pc_pair_diag_success_pc_pair_bucket[14][19] = 31
pc_pair_diag_success_pc_pair_bucket[14][20] = 8
pc_pair_diag_success_pc_pair_bucket[14][21] = 4
pc_pair_diag_success_pc_pair_bucket[14][22] = 9
pc_pair_diag_success_pc_pair_bucket[14][23] = 57
pc_pair_diag_success_pc_pair_bucket[14][24] = 92
pc_pair_diag_success_pc_pair_bucket[14][25] = 80
pc_pair_diag_success_pc_pair_bucket[14][26] = 90
pc_pair_diag_success_pc_pair_bucket[14][27] = 88
pc_pair_diag_success_pc_pair_bucket[14][28] = 86
pc_pair_diag_success_pc_pair_bucket[14][29] = 72
pc_pair_diag_success_pc_pair_bucket[14][30] = 67
pc_pair_diag_success_pc_pair_bucket[14][31] = 1
pc_pair_diag_success_pc_pair_bucket[14][32] = 2
pc_pair_diag_success_pc_pair_bucket[14][33] = 1
pc_pair_diag_success_pc_pair_bucket[14][34] = 15
pc_pair_diag_success_pc_pair_bucket[14][35] = 20
pc_pair_diag_success_pc_pair_bucket[14][36] = 12
pc_pair_diag_success_pc_pair_bucket[14][37] = 20
pc_pair_diag_success_pc_pair_bucket[14][38] = 17
pc_pair_diag_success_pc_pair_bucket[14][39] = 17
pc_pair_diag_success_pc_pair_bucket[14][40] = 25
pc_pair_diag_success_pc_pair_bucket[14][41] = 18
pc_pair_diag_success_pc_pair_bucket[14][42] = 6
pc_pair_diag_success_pc_pair_bucket[14][43] = 2
pc_pair_diag_success_pc_pair_bucket[14][44] = 3
pc_pair_diag_success_pc_pair_bucket[14][45] = 2
pc_pair_diag_success_pc_pair_bucket[14][46] = 4
pc_pair_diag_success_pc_pair_bucket[14][47] = 5
pc_pair_diag_success_pc_pair_bucket[14][48] = 6
pc_pair_diag_success_pc_pair_bucket[14][49] = 6
pc_pair_diag_success_pc_pair_bucket[14][50] = 125
pc_pair_diag_success_pc_pair_bucket[14][51] = 99
pc_pair_diag_success_pc_pair_bucket[14][52] = 75
pc_pair_diag_success_pc_pair_bucket[14][53] = 70
pc_pair_diag_success_pc_pair_bucket[14][54] = 70
pc_pair_diag_success_pc_pair_bucket[14][55] = 96
pc_pair_diag_success_pc_pair_bucket[14][56] = 69
pc_pair_diag_success_pc_pair_bucket[14][57] = 41
pc_pair_diag_success_pc_pair_bucket[14][58] = 4
pc_pair_diag_success_pc_pair_bucket[14][59] = 5
pc_pair_diag_success_pc_pair_bucket[14][60] = 1
pc_pair_diag_success_pc_pair_bucket[14][61] = 45
pc_pair_diag_success_pc_pair_bucket[14][62] = 30
pc_pair_diag_success_pc_pair_bucket[14][63] = 18
pc_pair_diag_success_pc_pair_bucket[15][0] = 37
pc_pair_diag_success_pc_pair_bucket[15][1] = 29
pc_pair_diag_success_pc_pair_bucket[15][2] = 35
pc_pair_diag_success_pc_pair_bucket[15][3] = 25
pc_pair_diag_success_pc_pair_bucket[15][4] = 11
pc_pair_diag_success_pc_pair_bucket[15][6] = 3
pc_pair_diag_success_pc_pair_bucket[15][7] = 2
pc_pair_diag_success_pc_pair_bucket[15][8] = 15
pc_pair_diag_success_pc_pair_bucket[15][9] = 9
pc_pair_diag_success_pc_pair_bucket[15][10] = 20
pc_pair_diag_success_pc_pair_bucket[15][11] = 15
pc_pair_diag_success_pc_pair_bucket[15][12] = 56
pc_pair_diag_success_pc_pair_bucket[15][13] = 340
pc_pair_diag_success_pc_pair_bucket[15][14] = 1373
pc_pair_diag_success_pc_pair_bucket[15][15] = 845
pc_pair_diag_success_pc_pair_bucket[15][16] = 49
pc_pair_diag_success_pc_pair_bucket[15][17] = 54
pc_pair_diag_success_pc_pair_bucket[15][18] = 57
pc_pair_diag_success_pc_pair_bucket[15][19] = 21
pc_pair_diag_success_pc_pair_bucket[15][20] = 2
pc_pair_diag_success_pc_pair_bucket[15][21] = 6
pc_pair_diag_success_pc_pair_bucket[15][22] = 7
pc_pair_diag_success_pc_pair_bucket[15][23] = 37
pc_pair_diag_success_pc_pair_bucket[15][24] = 67
pc_pair_diag_success_pc_pair_bucket[15][25] = 75
pc_pair_diag_success_pc_pair_bucket[15][26] = 200
pc_pair_diag_success_pc_pair_bucket[15][27] = 71
pc_pair_diag_success_pc_pair_bucket[15][28] = 95
pc_pair_diag_success_pc_pair_bucket[15][29] = 81
pc_pair_diag_success_pc_pair_bucket[15][30] = 38
pc_pair_diag_success_pc_pair_bucket[15][32] = 1
pc_pair_diag_success_pc_pair_bucket[15][34] = 6
pc_pair_diag_success_pc_pair_bucket[15][35] = 22
pc_pair_diag_success_pc_pair_bucket[15][36] = 14
pc_pair_diag_success_pc_pair_bucket[15][37] = 23
pc_pair_diag_success_pc_pair_bucket[15][38] = 20
pc_pair_diag_success_pc_pair_bucket[15][39] = 34
pc_pair_diag_success_pc_pair_bucket[15][40] = 24
pc_pair_diag_success_pc_pair_bucket[15][41] = 10
pc_pair_diag_success_pc_pair_bucket[15][43] = 5
pc_pair_diag_success_pc_pair_bucket[15][44] = 1
pc_pair_diag_success_pc_pair_bucket[15][45] = 3
pc_pair_diag_success_pc_pair_bucket[15][46] = 1
pc_pair_diag_success_pc_pair_bucket[15][47] = 4
pc_pair_diag_success_pc_pair_bucket[15][48] = 7
pc_pair_diag_success_pc_pair_bucket[15][49] = 6
pc_pair_diag_success_pc_pair_bucket[15][50] = 68
pc_pair_diag_success_pc_pair_bucket[15][51] = 77
pc_pair_diag_success_pc_pair_bucket[15][52] = 97
pc_pair_diag_success_pc_pair_bucket[15][53] = 88
pc_pair_diag_success_pc_pair_bucket[15][54] = 96
pc_pair_diag_success_pc_pair_bucket[15][55] = 101
pc_pair_diag_success_pc_pair_bucket[15][56] = 64
pc_pair_diag_success_pc_pair_bucket[15][57] = 24
pc_pair_diag_success_pc_pair_bucket[15][58] = 3
pc_pair_diag_success_pc_pair_bucket[15][60] = 2
pc_pair_diag_success_pc_pair_bucket[15][61] = 28
pc_pair_diag_success_pc_pair_bucket[15][62] = 30
pc_pair_diag_success_pc_pair_bucket[15][63] = 30
pc_pair_diag_success_pc_pair_bucket[16][0] = 27
pc_pair_diag_success_pc_pair_bucket[16][1] = 33
pc_pair_diag_success_pc_pair_bucket[16][2] = 40
pc_pair_diag_success_pc_pair_bucket[16][3] = 34
pc_pair_diag_success_pc_pair_bucket[16][4] = 25
pc_pair_diag_success_pc_pair_bucket[16][5] = 2
pc_pair_diag_success_pc_pair_bucket[16][6] = 2
pc_pair_diag_success_pc_pair_bucket[16][7] = 2
pc_pair_diag_success_pc_pair_bucket[16][8] = 6
pc_pair_diag_success_pc_pair_bucket[16][9] = 12
pc_pair_diag_success_pc_pair_bucket[16][10] = 12
pc_pair_diag_success_pc_pair_bucket[16][11] = 19
pc_pair_diag_success_pc_pair_bucket[16][12] = 46
pc_pair_diag_success_pc_pair_bucket[16][13] = 94
pc_pair_diag_success_pc_pair_bucket[16][14] = 193
pc_pair_diag_success_pc_pair_bucket[16][15] = 993
pc_pair_diag_success_pc_pair_bucket[16][16] = 826
pc_pair_diag_success_pc_pair_bucket[16][17] = 55
pc_pair_diag_success_pc_pair_bucket[16][18] = 63
pc_pair_diag_success_pc_pair_bucket[16][19] = 61
pc_pair_diag_success_pc_pair_bucket[16][20] = 5
pc_pair_diag_success_pc_pair_bucket[16][21] = 5
pc_pair_diag_success_pc_pair_bucket[16][22] = 3
pc_pair_diag_success_pc_pair_bucket[16][23] = 22
pc_pair_diag_success_pc_pair_bucket[16][24] = 71
pc_pair_diag_success_pc_pair_bucket[16][25] = 68
pc_pair_diag_success_pc_pair_bucket[16][26] = 61
pc_pair_diag_success_pc_pair_bucket[16][27] = 71
pc_pair_diag_success_pc_pair_bucket[16][28] = 82
pc_pair_diag_success_pc_pair_bucket[16][29] = 83
pc_pair_diag_success_pc_pair_bucket[16][30] = 94
pc_pair_diag_success_pc_pair_bucket[16][31] = 4
pc_pair_diag_success_pc_pair_bucket[16][33] = 2
pc_pair_diag_success_pc_pair_bucket[16][34] = 3
pc_pair_diag_success_pc_pair_bucket[16][35] = 23
pc_pair_diag_success_pc_pair_bucket[16][36] = 16
pc_pair_diag_success_pc_pair_bucket[16][37] = 11
pc_pair_diag_success_pc_pair_bucket[16][38] = 31
pc_pair_diag_success_pc_pair_bucket[16][39] = 25
pc_pair_diag_success_pc_pair_bucket[16][40] = 27
pc_pair_diag_success_pc_pair_bucket[16][41] = 29
pc_pair_diag_success_pc_pair_bucket[16][43] = 2
pc_pair_diag_success_pc_pair_bucket[16][44] = 2
pc_pair_diag_success_pc_pair_bucket[16][45] = 2
pc_pair_diag_success_pc_pair_bucket[16][46] = 10
pc_pair_diag_success_pc_pair_bucket[16][47] = 2
pc_pair_diag_success_pc_pair_bucket[16][48] = 2
pc_pair_diag_success_pc_pair_bucket[16][49] = 6
pc_pair_diag_success_pc_pair_bucket[16][50] = 57
pc_pair_diag_success_pc_pair_bucket[16][51] = 89
pc_pair_diag_success_pc_pair_bucket[16][52] = 67
pc_pair_diag_success_pc_pair_bucket[16][53] = 93
pc_pair_diag_success_pc_pair_bucket[16][54] = 69
pc_pair_diag_success_pc_pair_bucket[16][55] = 84
pc_pair_diag_success_pc_pair_bucket[16][56] = 91
pc_pair_diag_success_pc_pair_bucket[16][57] = 58
pc_pair_diag_success_pc_pair_bucket[16][58] = 4
pc_pair_diag_success_pc_pair_bucket[16][61] = 18
pc_pair_diag_success_pc_pair_bucket[16][62] = 33
pc_pair_diag_success_pc_pair_bucket[16][63] = 27
pc_pair_diag_success_pc_pair_bucket[17][0] = 26
pc_pair_diag_success_pc_pair_bucket[17][1] = 17
pc_pair_diag_success_pc_pair_bucket[17][2] = 24
pc_pair_diag_success_pc_pair_bucket[17][3] = 14
pc_pair_diag_success_pc_pair_bucket[17][4] = 7
pc_pair_diag_success_pc_pair_bucket[17][5] = 2
pc_pair_diag_success_pc_pair_bucket[17][7] = 2
pc_pair_diag_success_pc_pair_bucket[17][8] = 2
pc_pair_diag_success_pc_pair_bucket[17][9] = 8
pc_pair_diag_success_pc_pair_bucket[17][10] = 6
pc_pair_diag_success_pc_pair_bucket[17][11] = 9
pc_pair_diag_success_pc_pair_bucket[17][12] = 15
pc_pair_diag_success_pc_pair_bucket[17][13] = 34
pc_pair_diag_success_pc_pair_bucket[17][14] = 46
pc_pair_diag_success_pc_pair_bucket[17][15] = 46
pc_pair_diag_success_pc_pair_bucket[17][16] = 655
pc_pair_diag_success_pc_pair_bucket[17][17] = 616
pc_pair_diag_success_pc_pair_bucket[17][18] = 23
pc_pair_diag_success_pc_pair_bucket[17][19] = 19
pc_pair_diag_success_pc_pair_bucket[17][20] = 4
pc_pair_diag_success_pc_pair_bucket[17][22] = 1
pc_pair_diag_success_pc_pair_bucket[17][23] = 9
pc_pair_diag_success_pc_pair_bucket[17][24] = 69
pc_pair_diag_success_pc_pair_bucket[17][25] = 40
pc_pair_diag_success_pc_pair_bucket[17][26] = 171
pc_pair_diag_success_pc_pair_bucket[17][27] = 51
pc_pair_diag_success_pc_pair_bucket[17][28] = 40
pc_pair_diag_success_pc_pair_bucket[17][29] = 32
pc_pair_diag_success_pc_pair_bucket[17][30] = 28
pc_pair_diag_success_pc_pair_bucket[17][31] = 1
pc_pair_diag_success_pc_pair_bucket[17][34] = 4
pc_pair_diag_success_pc_pair_bucket[17][35] = 13
pc_pair_diag_success_pc_pair_bucket[17][36] = 11
pc_pair_diag_success_pc_pair_bucket[17][37] = 10
pc_pair_diag_success_pc_pair_bucket[17][38] = 4
pc_pair_diag_success_pc_pair_bucket[17][39] = 11
pc_pair_diag_success_pc_pair_bucket[17][40] = 14
pc_pair_diag_success_pc_pair_bucket[17][41] = 8
pc_pair_diag_success_pc_pair_bucket[17][42] = 3
pc_pair_diag_success_pc_pair_bucket[17][43] = 1
pc_pair_diag_success_pc_pair_bucket[17][45] = 1
pc_pair_diag_success_pc_pair_bucket[17][46] = 2
pc_pair_diag_success_pc_pair_bucket[17][47] = 2
pc_pair_diag_success_pc_pair_bucket[17][48] = 1
pc_pair_diag_success_pc_pair_bucket[17][49] = 2
pc_pair_diag_success_pc_pair_bucket[17][50] = 55
pc_pair_diag_success_pc_pair_bucket[17][51] = 45
pc_pair_diag_success_pc_pair_bucket[17][52] = 47
pc_pair_diag_success_pc_pair_bucket[17][53] = 48
pc_pair_diag_success_pc_pair_bucket[17][54] = 37
pc_pair_diag_success_pc_pair_bucket[17][55] = 38
pc_pair_diag_success_pc_pair_bucket[17][56] = 27
pc_pair_diag_success_pc_pair_bucket[17][57] = 33
pc_pair_diag_success_pc_pair_bucket[17][58] = 1
pc_pair_diag_success_pc_pair_bucket[17][59] = 1
pc_pair_diag_success_pc_pair_bucket[17][60] = 1
pc_pair_diag_success_pc_pair_bucket[17][61] = 19
pc_pair_diag_success_pc_pair_bucket[17][62] = 22
pc_pair_diag_success_pc_pair_bucket[17][63] = 18
pc_pair_diag_success_pc_pair_bucket[18][0] = 43
pc_pair_diag_success_pc_pair_bucket[18][1] = 30
pc_pair_diag_success_pc_pair_bucket[18][2] = 18
pc_pair_diag_success_pc_pair_bucket[18][3] = 33
pc_pair_diag_success_pc_pair_bucket[18][4] = 4
pc_pair_diag_success_pc_pair_bucket[18][5] = 1
pc_pair_diag_success_pc_pair_bucket[18][6] = 1
pc_pair_diag_success_pc_pair_bucket[18][7] = 2
pc_pair_diag_success_pc_pair_bucket[18][8] = 6
pc_pair_diag_success_pc_pair_bucket[18][9] = 18
pc_pair_diag_success_pc_pair_bucket[18][10] = 11
pc_pair_diag_success_pc_pair_bucket[18][11] = 13
pc_pair_diag_success_pc_pair_bucket[18][12] = 31
pc_pair_diag_success_pc_pair_bucket[18][13] = 59
pc_pair_diag_success_pc_pair_bucket[18][14] = 64
pc_pair_diag_success_pc_pair_bucket[18][15] = 32
pc_pair_diag_success_pc_pair_bucket[18][16] = 382
pc_pair_diag_success_pc_pair_bucket[18][17] = 299
pc_pair_diag_success_pc_pair_bucket[18][18] = 36
pc_pair_diag_success_pc_pair_bucket[18][19] = 40
pc_pair_diag_success_pc_pair_bucket[18][20] = 6
pc_pair_diag_success_pc_pair_bucket[18][21] = 9
pc_pair_diag_success_pc_pair_bucket[18][22] = 8
pc_pair_diag_success_pc_pair_bucket[18][23] = 74
pc_pair_diag_success_pc_pair_bucket[18][24] = 132
pc_pair_diag_success_pc_pair_bucket[18][25] = 128
pc_pair_diag_success_pc_pair_bucket[18][26] = 618
pc_pair_diag_success_pc_pair_bucket[18][27] = 146
pc_pair_diag_success_pc_pair_bucket[18][28] = 125
pc_pair_diag_success_pc_pair_bucket[18][29] = 126
pc_pair_diag_success_pc_pair_bucket[18][30] = 135
pc_pair_diag_success_pc_pair_bucket[18][31] = 1
pc_pair_diag_success_pc_pair_bucket[18][34] = 9
pc_pair_diag_success_pc_pair_bucket[18][35] = 19
pc_pair_diag_success_pc_pair_bucket[18][36] = 16
pc_pair_diag_success_pc_pair_bucket[18][37] = 12
pc_pair_diag_success_pc_pair_bucket[18][38] = 17
pc_pair_diag_success_pc_pair_bucket[18][39] = 17
pc_pair_diag_success_pc_pair_bucket[18][40] = 16
pc_pair_diag_success_pc_pair_bucket[18][41] = 18
pc_pair_diag_success_pc_pair_bucket[18][42] = 2
pc_pair_diag_success_pc_pair_bucket[18][44] = 1
pc_pair_diag_success_pc_pair_bucket[18][45] = 2
pc_pair_diag_success_pc_pair_bucket[18][46] = 9
pc_pair_diag_success_pc_pair_bucket[18][47] = 7
pc_pair_diag_success_pc_pair_bucket[18][48] = 6
pc_pair_diag_success_pc_pair_bucket[18][49] = 10
pc_pair_diag_success_pc_pair_bucket[18][50] = 39
pc_pair_diag_success_pc_pair_bucket[18][51] = 69
pc_pair_diag_success_pc_pair_bucket[18][52] = 56
pc_pair_diag_success_pc_pair_bucket[18][53] = 42
pc_pair_diag_success_pc_pair_bucket[18][54] = 68
pc_pair_diag_success_pc_pair_bucket[18][55] = 51
pc_pair_diag_success_pc_pair_bucket[18][56] = 65
pc_pair_diag_success_pc_pair_bucket[18][57] = 24
pc_pair_diag_success_pc_pair_bucket[18][58] = 6
pc_pair_diag_success_pc_pair_bucket[18][60] = 2
pc_pair_diag_success_pc_pair_bucket[18][61] = 18
pc_pair_diag_success_pc_pair_bucket[18][62] = 28
pc_pair_diag_success_pc_pair_bucket[18][63] = 32
pc_pair_diag_success_pc_pair_bucket[19][0] = 25
pc_pair_diag_success_pc_pair_bucket[19][1] = 44
pc_pair_diag_success_pc_pair_bucket[19][2] = 41
pc_pair_diag_success_pc_pair_bucket[19][3] = 14
pc_pair_diag_success_pc_pair_bucket[19][4] = 15
pc_pair_diag_success_pc_pair_bucket[19][5] = 2
pc_pair_diag_success_pc_pair_bucket[19][6] = 1
pc_pair_diag_success_pc_pair_bucket[19][7] = 1
pc_pair_diag_success_pc_pair_bucket[19][8] = 18
pc_pair_diag_success_pc_pair_bucket[19][9] = 7
pc_pair_diag_success_pc_pair_bucket[19][10] = 14
pc_pair_diag_success_pc_pair_bucket[19][11] = 10
pc_pair_diag_success_pc_pair_bucket[19][12] = 42
pc_pair_diag_success_pc_pair_bucket[19][13] = 162
pc_pair_diag_success_pc_pair_bucket[19][14] = 33
pc_pair_diag_success_pc_pair_bucket[19][15] = 161
pc_pair_diag_success_pc_pair_bucket[19][16] = 79
pc_pair_diag_success_pc_pair_bucket[19][17] = 304
pc_pair_diag_success_pc_pair_bucket[19][18] = 41
pc_pair_diag_success_pc_pair_bucket[19][19] = 19
pc_pair_diag_success_pc_pair_bucket[19][20] = 9
pc_pair_diag_success_pc_pair_bucket[19][21] = 3
pc_pair_diag_success_pc_pair_bucket[19][22] = 5
pc_pair_diag_success_pc_pair_bucket[19][23] = 85
pc_pair_diag_success_pc_pair_bucket[19][24] = 111
pc_pair_diag_success_pc_pair_bucket[19][25] = 117
pc_pair_diag_success_pc_pair_bucket[19][26] = 729
pc_pair_diag_success_pc_pair_bucket[19][27] = 102
pc_pair_diag_success_pc_pair_bucket[19][28] = 113
pc_pair_diag_success_pc_pair_bucket[19][29] = 91
pc_pair_diag_success_pc_pair_bucket[19][30] = 61
pc_pair_diag_success_pc_pair_bucket[19][31] = 2
pc_pair_diag_success_pc_pair_bucket[19][34] = 12
pc_pair_diag_success_pc_pair_bucket[19][35] = 18
pc_pair_diag_success_pc_pair_bucket[19][36] = 13
pc_pair_diag_success_pc_pair_bucket[19][37] = 22
pc_pair_diag_success_pc_pair_bucket[19][38] = 14
pc_pair_diag_success_pc_pair_bucket[19][39] = 19
pc_pair_diag_success_pc_pair_bucket[19][40] = 21
pc_pair_diag_success_pc_pair_bucket[19][41] = 11
pc_pair_diag_success_pc_pair_bucket[19][42] = 4
pc_pair_diag_success_pc_pair_bucket[19][43] = 5
pc_pair_diag_success_pc_pair_bucket[19][45] = 5
pc_pair_diag_success_pc_pair_bucket[19][46] = 8
pc_pair_diag_success_pc_pair_bucket[19][47] = 5
pc_pair_diag_success_pc_pair_bucket[19][48] = 6
pc_pair_diag_success_pc_pair_bucket[19][49] = 4
pc_pair_diag_success_pc_pair_bucket[19][50] = 73
pc_pair_diag_success_pc_pair_bucket[19][51] = 40
pc_pair_diag_success_pc_pair_bucket[19][52] = 68
pc_pair_diag_success_pc_pair_bucket[19][53] = 74
pc_pair_diag_success_pc_pair_bucket[19][54] = 57
pc_pair_diag_success_pc_pair_bucket[19][55] = 73
pc_pair_diag_success_pc_pair_bucket[19][56] = 28
pc_pair_diag_success_pc_pair_bucket[19][57] = 29
pc_pair_diag_success_pc_pair_bucket[19][58] = 4
pc_pair_diag_success_pc_pair_bucket[19][61] = 46
pc_pair_diag_success_pc_pair_bucket[19][62] = 23
pc_pair_diag_success_pc_pair_bucket[19][63] = 20
pc_pair_diag_success_pc_pair_bucket[20][0] = 19
pc_pair_diag_success_pc_pair_bucket[20][1] = 31
pc_pair_diag_success_pc_pair_bucket[20][2] = 14
pc_pair_diag_success_pc_pair_bucket[20][3] = 21
pc_pair_diag_success_pc_pair_bucket[20][4] = 9
pc_pair_diag_success_pc_pair_bucket[20][6] = 1
pc_pair_diag_success_pc_pair_bucket[20][7] = 1
pc_pair_diag_success_pc_pair_bucket[20][8] = 2
pc_pair_diag_success_pc_pair_bucket[20][9] = 5
pc_pair_diag_success_pc_pair_bucket[20][10] = 5
pc_pair_diag_success_pc_pair_bucket[20][11] = 6
pc_pair_diag_success_pc_pair_bucket[20][12] = 19
pc_pair_diag_success_pc_pair_bucket[20][13] = 15
pc_pair_diag_success_pc_pair_bucket[20][14] = 34
pc_pair_diag_success_pc_pair_bucket[20][15] = 28
pc_pair_diag_success_pc_pair_bucket[20][16] = 23
pc_pair_diag_success_pc_pair_bucket[20][17] = 18
pc_pair_diag_success_pc_pair_bucket[20][18] = 25
pc_pair_diag_success_pc_pair_bucket[20][19] = 12
pc_pair_diag_success_pc_pair_bucket[20][20] = 5
pc_pair_diag_success_pc_pair_bucket[20][21] = 1
pc_pair_diag_success_pc_pair_bucket[20][22] = 1
pc_pair_diag_success_pc_pair_bucket[20][23] = 52
pc_pair_diag_success_pc_pair_bucket[20][24] = 91
pc_pair_diag_success_pc_pair_bucket[20][25] = 109
pc_pair_diag_success_pc_pair_bucket[20][26] = 103
pc_pair_diag_success_pc_pair_bucket[20][27] = 97
pc_pair_diag_success_pc_pair_bucket[20][28] = 72
pc_pair_diag_success_pc_pair_bucket[20][29] = 92
pc_pair_diag_success_pc_pair_bucket[20][30] = 116
pc_pair_diag_success_pc_pair_bucket[20][31] = 1
pc_pair_diag_success_pc_pair_bucket[20][34] = 5
pc_pair_diag_success_pc_pair_bucket[20][35] = 10
pc_pair_diag_success_pc_pair_bucket[20][36] = 17
pc_pair_diag_success_pc_pair_bucket[20][37] = 11
pc_pair_diag_success_pc_pair_bucket[20][38] = 6
pc_pair_diag_success_pc_pair_bucket[20][39] = 12
pc_pair_diag_success_pc_pair_bucket[20][40] = 18
pc_pair_diag_success_pc_pair_bucket[20][41] = 11
pc_pair_diag_success_pc_pair_bucket[20][42] = 2
pc_pair_diag_success_pc_pair_bucket[20][45] = 2
pc_pair_diag_success_pc_pair_bucket[20][46] = 5
pc_pair_diag_success_pc_pair_bucket[20][47] = 5
pc_pair_diag_success_pc_pair_bucket[20][48] = 2
pc_pair_diag_success_pc_pair_bucket[20][49] = 2
pc_pair_diag_success_pc_pair_bucket[20][50] = 33
pc_pair_diag_success_pc_pair_bucket[20][51] = 35
pc_pair_diag_success_pc_pair_bucket[20][52] = 25
pc_pair_diag_success_pc_pair_bucket[20][53] = 28
pc_pair_diag_success_pc_pair_bucket[20][54] = 41
pc_pair_diag_success_pc_pair_bucket[20][55] = 32
pc_pair_diag_success_pc_pair_bucket[20][56] = 29
pc_pair_diag_success_pc_pair_bucket[20][57] = 10
pc_pair_diag_success_pc_pair_bucket[20][58] = 6
pc_pair_diag_success_pc_pair_bucket[20][59] = 2
pc_pair_diag_success_pc_pair_bucket[20][60] = 2
pc_pair_diag_success_pc_pair_bucket[20][61] = 16
pc_pair_diag_success_pc_pair_bucket[20][62] = 15
pc_pair_diag_success_pc_pair_bucket[20][63] = 18
pc_pair_diag_success_pc_pair_bucket[21][0] = 21
pc_pair_diag_success_pc_pair_bucket[21][1] = 22
pc_pair_diag_success_pc_pair_bucket[21][2] = 31
pc_pair_diag_success_pc_pair_bucket[21][3] = 25
pc_pair_diag_success_pc_pair_bucket[21][4] = 20
pc_pair_diag_success_pc_pair_bucket[21][5] = 1
pc_pair_diag_success_pc_pair_bucket[21][7] = 1
pc_pair_diag_success_pc_pair_bucket[21][8] = 5
pc_pair_diag_success_pc_pair_bucket[21][9] = 10
pc_pair_diag_success_pc_pair_bucket[21][10] = 7
pc_pair_diag_success_pc_pair_bucket[21][11] = 9
pc_pair_diag_success_pc_pair_bucket[21][12] = 21
pc_pair_diag_success_pc_pair_bucket[21][13] = 54
pc_pair_diag_success_pc_pair_bucket[21][14] = 42
pc_pair_diag_success_pc_pair_bucket[21][15] = 35
pc_pair_diag_success_pc_pair_bucket[21][16] = 24
pc_pair_diag_success_pc_pair_bucket[21][17] = 22
pc_pair_diag_success_pc_pair_bucket[21][18] = 26
pc_pair_diag_success_pc_pair_bucket[21][19] = 37
pc_pair_diag_success_pc_pair_bucket[21][20] = 3
pc_pair_diag_success_pc_pair_bucket[21][21] = 2
pc_pair_diag_success_pc_pair_bucket[21][22] = 4
pc_pair_diag_success_pc_pair_bucket[21][23] = 61
pc_pair_diag_success_pc_pair_bucket[21][24] = 83
pc_pair_diag_success_pc_pair_bucket[21][25] = 94
pc_pair_diag_success_pc_pair_bucket[21][26] = 111
pc_pair_diag_success_pc_pair_bucket[21][27] = 105
pc_pair_diag_success_pc_pair_bucket[21][28] = 103
pc_pair_diag_success_pc_pair_bucket[21][29] = 80
pc_pair_diag_success_pc_pair_bucket[21][30] = 111
pc_pair_diag_success_pc_pair_bucket[21][34] = 8
pc_pair_diag_success_pc_pair_bucket[21][35] = 15
pc_pair_diag_success_pc_pair_bucket[21][36] = 15
pc_pair_diag_success_pc_pair_bucket[21][37] = 20
pc_pair_diag_success_pc_pair_bucket[21][38] = 18
pc_pair_diag_success_pc_pair_bucket[21][39] = 7
pc_pair_diag_success_pc_pair_bucket[21][40] = 20
pc_pair_diag_success_pc_pair_bucket[21][41] = 28
pc_pair_diag_success_pc_pair_bucket[21][42] = 3
pc_pair_diag_success_pc_pair_bucket[21][43] = 3
pc_pair_diag_success_pc_pair_bucket[21][44] = 1
pc_pair_diag_success_pc_pair_bucket[21][45] = 1
pc_pair_diag_success_pc_pair_bucket[21][46] = 5
pc_pair_diag_success_pc_pair_bucket[21][47] = 2
pc_pair_diag_success_pc_pair_bucket[21][48] = 6
pc_pair_diag_success_pc_pair_bucket[21][49] = 7
pc_pair_diag_success_pc_pair_bucket[21][50] = 37
pc_pair_diag_success_pc_pair_bucket[21][51] = 45
pc_pair_diag_success_pc_pair_bucket[21][52] = 42
pc_pair_diag_success_pc_pair_bucket[21][53] = 23
pc_pair_diag_success_pc_pair_bucket[21][54] = 37
pc_pair_diag_success_pc_pair_bucket[21][55] = 44
pc_pair_diag_success_pc_pair_bucket[21][56] = 37
pc_pair_diag_success_pc_pair_bucket[21][57] = 23
pc_pair_diag_success_pc_pair_bucket[21][58] = 1
pc_pair_diag_success_pc_pair_bucket[21][59] = 6
pc_pair_diag_success_pc_pair_bucket[21][60] = 3
pc_pair_diag_success_pc_pair_bucket[21][61] = 25
pc_pair_diag_success_pc_pair_bucket[21][62] = 21
pc_pair_diag_success_pc_pair_bucket[21][63] = 26
pc_pair_diag_success_pc_pair_bucket[22][0] = 28
pc_pair_diag_success_pc_pair_bucket[22][1] = 20
pc_pair_diag_success_pc_pair_bucket[22][2] = 17
pc_pair_diag_success_pc_pair_bucket[22][3] = 11
pc_pair_diag_success_pc_pair_bucket[22][4] = 7
pc_pair_diag_success_pc_pair_bucket[22][5] = 1
pc_pair_diag_success_pc_pair_bucket[22][7] = 1
pc_pair_diag_success_pc_pair_bucket[22][8] = 7
pc_pair_diag_success_pc_pair_bucket[22][9] = 10
pc_pair_diag_success_pc_pair_bucket[22][10] = 5
pc_pair_diag_success_pc_pair_bucket[22][11] = 7
pc_pair_diag_success_pc_pair_bucket[22][12] = 12
pc_pair_diag_success_pc_pair_bucket[22][13] = 26
pc_pair_diag_success_pc_pair_bucket[22][14] = 22
pc_pair_diag_success_pc_pair_bucket[22][15] = 18
pc_pair_diag_success_pc_pair_bucket[22][16] = 22
pc_pair_diag_success_pc_pair_bucket[22][17] = 18
pc_pair_diag_success_pc_pair_bucket[22][18] = 22
pc_pair_diag_success_pc_pair_bucket[22][19] = 8
pc_pair_diag_success_pc_pair_bucket[22][20] = 4
pc_pair_diag_success_pc_pair_bucket[22][22] = 5
pc_pair_diag_success_pc_pair_bucket[22][23] = 25
pc_pair_diag_success_pc_pair_bucket[22][24] = 65
pc_pair_diag_success_pc_pair_bucket[22][25] = 69
pc_pair_diag_success_pc_pair_bucket[22][26] = 60
pc_pair_diag_success_pc_pair_bucket[22][27] = 66
pc_pair_diag_success_pc_pair_bucket[22][28] = 60
pc_pair_diag_success_pc_pair_bucket[22][29] = 55
pc_pair_diag_success_pc_pair_bucket[22][30] = 13
pc_pair_diag_success_pc_pair_bucket[22][31] = 1
pc_pair_diag_success_pc_pair_bucket[22][34] = 7
pc_pair_diag_success_pc_pair_bucket[22][35] = 13
pc_pair_diag_success_pc_pair_bucket[22][36] = 9
pc_pair_diag_success_pc_pair_bucket[22][37] = 15
pc_pair_diag_success_pc_pair_bucket[22][38] = 13
pc_pair_diag_success_pc_pair_bucket[22][39] = 11
pc_pair_diag_success_pc_pair_bucket[22][40] = 7
pc_pair_diag_success_pc_pair_bucket[22][41] = 1
pc_pair_diag_success_pc_pair_bucket[22][43] = 1
pc_pair_diag_success_pc_pair_bucket[22][44] = 1
pc_pair_diag_success_pc_pair_bucket[22][45] = 2
pc_pair_diag_success_pc_pair_bucket[22][46] = 2
pc_pair_diag_success_pc_pair_bucket[22][47] = 5
pc_pair_diag_success_pc_pair_bucket[22][48] = 4
pc_pair_diag_success_pc_pair_bucket[22][49] = 6
pc_pair_diag_success_pc_pair_bucket[22][50] = 22
pc_pair_diag_success_pc_pair_bucket[22][51] = 36
pc_pair_diag_success_pc_pair_bucket[22][52] = 19
pc_pair_diag_success_pc_pair_bucket[22][53] = 25
pc_pair_diag_success_pc_pair_bucket[22][54] = 33
pc_pair_diag_success_pc_pair_bucket[22][55] = 29
pc_pair_diag_success_pc_pair_bucket[22][56] = 17
pc_pair_diag_success_pc_pair_bucket[22][57] = 4
pc_pair_diag_success_pc_pair_bucket[22][59] = 2
pc_pair_diag_success_pc_pair_bucket[22][60] = 3
pc_pair_diag_success_pc_pair_bucket[22][61] = 24
pc_pair_diag_success_pc_pair_bucket[22][62] = 23
pc_pair_diag_success_pc_pair_bucket[22][63] = 22
pc_pair_diag_success_pc_pair_bucket[23][0] = 64
pc_pair_diag_success_pc_pair_bucket[23][1] = 77
pc_pair_diag_success_pc_pair_bucket[23][2] = 80
pc_pair_diag_success_pc_pair_bucket[23][3] = 126
pc_pair_diag_success_pc_pair_bucket[23][4] = 64
pc_pair_diag_success_pc_pair_bucket[23][5] = 4
pc_pair_diag_success_pc_pair_bucket[23][6] = 1
pc_pair_diag_success_pc_pair_bucket[23][7] = 3
pc_pair_diag_success_pc_pair_bucket[23][8] = 21
pc_pair_diag_success_pc_pair_bucket[23][9] = 20
pc_pair_diag_success_pc_pair_bucket[23][10] = 23
pc_pair_diag_success_pc_pair_bucket[23][11] = 18
pc_pair_diag_success_pc_pair_bucket[23][12] = 28
pc_pair_diag_success_pc_pair_bucket[23][13] = 68
pc_pair_diag_success_pc_pair_bucket[23][14] = 66
pc_pair_diag_success_pc_pair_bucket[23][15] = 53
pc_pair_diag_success_pc_pair_bucket[23][16] = 50
pc_pair_diag_success_pc_pair_bucket[23][17] = 34
pc_pair_diag_success_pc_pair_bucket[23][18] = 38
pc_pair_diag_success_pc_pair_bucket[23][19] = 37
pc_pair_diag_success_pc_pair_bucket[23][20] = 4
pc_pair_diag_success_pc_pair_bucket[23][21] = 3
pc_pair_diag_success_pc_pair_bucket[23][22] = 4
pc_pair_diag_success_pc_pair_bucket[23][23] = 74
pc_pair_diag_success_pc_pair_bucket[23][24] = 151
pc_pair_diag_success_pc_pair_bucket[23][25] = 187
pc_pair_diag_success_pc_pair_bucket[23][26] = 157
pc_pair_diag_success_pc_pair_bucket[23][27] = 178
pc_pair_diag_success_pc_pair_bucket[23][28] = 155
pc_pair_diag_success_pc_pair_bucket[23][29] = 179
pc_pair_diag_success_pc_pair_bucket[23][30] = 183
pc_pair_diag_success_pc_pair_bucket[23][31] = 8
pc_pair_diag_success_pc_pair_bucket[23][32] = 1
pc_pair_diag_success_pc_pair_bucket[23][33] = 6
pc_pair_diag_success_pc_pair_bucket[23][34] = 31
pc_pair_diag_success_pc_pair_bucket[23][35] = 42
pc_pair_diag_success_pc_pair_bucket[23][36] = 37
pc_pair_diag_success_pc_pair_bucket[23][37] = 33
pc_pair_diag_success_pc_pair_bucket[23][38] = 41
pc_pair_diag_success_pc_pair_bucket[23][39] = 42
pc_pair_diag_success_pc_pair_bucket[23][40] = 55
pc_pair_diag_success_pc_pair_bucket[23][41] = 48
pc_pair_diag_success_pc_pair_bucket[23][42] = 4
pc_pair_diag_success_pc_pair_bucket[23][43] = 3
pc_pair_diag_success_pc_pair_bucket[23][44] = 4
pc_pair_diag_success_pc_pair_bucket[23][45] = 4
pc_pair_diag_success_pc_pair_bucket[23][46] = 14
pc_pair_diag_success_pc_pair_bucket[23][47] = 15
pc_pair_diag_success_pc_pair_bucket[23][48] = 8
pc_pair_diag_success_pc_pair_bucket[23][49] = 9
pc_pair_diag_success_pc_pair_bucket[23][50] = 65
pc_pair_diag_success_pc_pair_bucket[23][51] = 99
pc_pair_diag_success_pc_pair_bucket[23][52] = 58
pc_pair_diag_success_pc_pair_bucket[23][53] = 55
pc_pair_diag_success_pc_pair_bucket[23][54] = 63
pc_pair_diag_success_pc_pair_bucket[23][55] = 59
pc_pair_diag_success_pc_pair_bucket[23][56] = 73
pc_pair_diag_success_pc_pair_bucket[23][57] = 25
pc_pair_diag_success_pc_pair_bucket[23][58] = 6
pc_pair_diag_success_pc_pair_bucket[23][59] = 11
pc_pair_diag_success_pc_pair_bucket[23][60] = 3
pc_pair_diag_success_pc_pair_bucket[23][61] = 91
pc_pair_diag_success_pc_pair_bucket[23][62] = 102
pc_pair_diag_success_pc_pair_bucket[23][63] = 112
pc_pair_diag_success_pc_pair_bucket[24][0] = 117
pc_pair_diag_success_pc_pair_bucket[24][1] = 120
pc_pair_diag_success_pc_pair_bucket[24][2] = 108
pc_pair_diag_success_pc_pair_bucket[24][3] = 107
pc_pair_diag_success_pc_pair_bucket[24][4] = 34
pc_pair_diag_success_pc_pair_bucket[24][5] = 1
pc_pair_diag_success_pc_pair_bucket[24][6] = 1
pc_pair_diag_success_pc_pair_bucket[24][7] = 3
pc_pair_diag_success_pc_pair_bucket[24][8] = 31
pc_pair_diag_success_pc_pair_bucket[24][9] = 24
pc_pair_diag_success_pc_pair_bucket[24][10] = 25
pc_pair_diag_success_pc_pair_bucket[24][11] = 25
pc_pair_diag_success_pc_pair_bucket[24][12] = 53
pc_pair_diag_success_pc_pair_bucket[24][13] = 67
pc_pair_diag_success_pc_pair_bucket[24][14] = 61
pc_pair_diag_success_pc_pair_bucket[24][15] = 48
pc_pair_diag_success_pc_pair_bucket[24][16] = 41
pc_pair_diag_success_pc_pair_bucket[24][17] = 42
pc_pair_diag_success_pc_pair_bucket[24][18] = 40
pc_pair_diag_success_pc_pair_bucket[24][19] = 27
pc_pair_diag_success_pc_pair_bucket[24][20] = 2
pc_pair_diag_success_pc_pair_bucket[24][21] = 3
pc_pair_diag_success_pc_pair_bucket[24][22] = 2
pc_pair_diag_success_pc_pair_bucket[24][23] = 44
pc_pair_diag_success_pc_pair_bucket[24][24] = 128
pc_pair_diag_success_pc_pair_bucket[24][25] = 114
pc_pair_diag_success_pc_pair_bucket[24][26] = 119
pc_pair_diag_success_pc_pair_bucket[24][27] = 100
pc_pair_diag_success_pc_pair_bucket[24][28] = 106
pc_pair_diag_success_pc_pair_bucket[24][29] = 113
pc_pair_diag_success_pc_pair_bucket[24][30] = 71
pc_pair_diag_success_pc_pair_bucket[24][31] = 8
pc_pair_diag_success_pc_pair_bucket[24][32] = 1
pc_pair_diag_success_pc_pair_bucket[24][33] = 5
pc_pair_diag_success_pc_pair_bucket[24][34] = 22
pc_pair_diag_success_pc_pair_bucket[24][35] = 68
pc_pair_diag_success_pc_pair_bucket[24][36] = 60
pc_pair_diag_success_pc_pair_bucket[24][37] = 51
pc_pair_diag_success_pc_pair_bucket[24][38] = 58
pc_pair_diag_success_pc_pair_bucket[24][39] = 49
pc_pair_diag_success_pc_pair_bucket[24][40] = 65
pc_pair_diag_success_pc_pair_bucket[24][41] = 42
pc_pair_diag_success_pc_pair_bucket[24][42] = 7
pc_pair_diag_success_pc_pair_bucket[24][43] = 3
pc_pair_diag_success_pc_pair_bucket[24][45] = 10
pc_pair_diag_success_pc_pair_bucket[24][46] = 17
pc_pair_diag_success_pc_pair_bucket[24][47] = 15
pc_pair_diag_success_pc_pair_bucket[24][48] = 24
pc_pair_diag_success_pc_pair_bucket[24][49] = 16
pc_pair_diag_success_pc_pair_bucket[24][50] = 61
pc_pair_diag_success_pc_pair_bucket[24][51] = 72
pc_pair_diag_success_pc_pair_bucket[24][52] = 69
pc_pair_diag_success_pc_pair_bucket[24][53] = 76
pc_pair_diag_success_pc_pair_bucket[24][54] = 63
pc_pair_diag_success_pc_pair_bucket[24][55] = 66
pc_pair_diag_success_pc_pair_bucket[24][56] = 36
pc_pair_diag_success_pc_pair_bucket[24][57] = 27
pc_pair_diag_success_pc_pair_bucket[24][58] = 1
pc_pair_diag_success_pc_pair_bucket[24][59] = 4
pc_pair_diag_success_pc_pair_bucket[24][60] = 6
pc_pair_diag_success_pc_pair_bucket[24][61] = 126
pc_pair_diag_success_pc_pair_bucket[24][62] = 145
pc_pair_diag_success_pc_pair_bucket[24][63] = 129
pc_pair_diag_success_pc_pair_bucket[25][0] = 111
pc_pair_diag_success_pc_pair_bucket[25][1] = 110
pc_pair_diag_success_pc_pair_bucket[25][2] = 113
pc_pair_diag_success_pc_pair_bucket[25][3] = 92
pc_pair_diag_success_pc_pair_bucket[25][4] = 50
pc_pair_diag_success_pc_pair_bucket[25][5] = 1
pc_pair_diag_success_pc_pair_bucket[25][6] = 4
pc_pair_diag_success_pc_pair_bucket[25][7] = 2
pc_pair_diag_success_pc_pair_bucket[25][8] = 16
pc_pair_diag_success_pc_pair_bucket[25][9] = 16
pc_pair_diag_success_pc_pair_bucket[25][10] = 12
pc_pair_diag_success_pc_pair_bucket[25][11] = 18
pc_pair_diag_success_pc_pair_bucket[25][12] = 33
pc_pair_diag_success_pc_pair_bucket[25][13] = 29
pc_pair_diag_success_pc_pair_bucket[25][14] = 24
pc_pair_diag_success_pc_pair_bucket[25][15] = 24
pc_pair_diag_success_pc_pair_bucket[25][16] = 16
pc_pair_diag_success_pc_pair_bucket[25][17] = 14
pc_pair_diag_success_pc_pair_bucket[25][18] = 21
pc_pair_diag_success_pc_pair_bucket[25][19] = 17
pc_pair_diag_success_pc_pair_bucket[25][20] = 1
pc_pair_diag_success_pc_pair_bucket[25][21] = 1
pc_pair_diag_success_pc_pair_bucket[25][22] = 3
pc_pair_diag_success_pc_pair_bucket[25][23] = 44
pc_pair_diag_success_pc_pair_bucket[25][24] = 66
pc_pair_diag_success_pc_pair_bucket[25][25] = 62
pc_pair_diag_success_pc_pair_bucket[25][26] = 45
pc_pair_diag_success_pc_pair_bucket[25][27] = 40
pc_pair_diag_success_pc_pair_bucket[25][28] = 77
pc_pair_diag_success_pc_pair_bucket[25][29] = 62
pc_pair_diag_success_pc_pair_bucket[25][30] = 49
pc_pair_diag_success_pc_pair_bucket[25][31] = 4
pc_pair_diag_success_pc_pair_bucket[25][32] = 6
pc_pair_diag_success_pc_pair_bucket[25][33] = 2
pc_pair_diag_success_pc_pair_bucket[25][34] = 19
pc_pair_diag_success_pc_pair_bucket[25][35] = 50
pc_pair_diag_success_pc_pair_bucket[25][36] = 45
pc_pair_diag_success_pc_pair_bucket[25][37] = 34
pc_pair_diag_success_pc_pair_bucket[25][38] = 32
pc_pair_diag_success_pc_pair_bucket[25][39] = 37
pc_pair_diag_success_pc_pair_bucket[25][40] = 43
pc_pair_diag_success_pc_pair_bucket[25][41] = 35
pc_pair_diag_success_pc_pair_bucket[25][43] = 2
pc_pair_diag_success_pc_pair_bucket[25][44] = 3
pc_pair_diag_success_pc_pair_bucket[25][45] = 10
pc_pair_diag_success_pc_pair_bucket[25][46] = 11
pc_pair_diag_success_pc_pair_bucket[25][47] = 9
pc_pair_diag_success_pc_pair_bucket[25][48] = 6
pc_pair_diag_success_pc_pair_bucket[25][49] = 10
pc_pair_diag_success_pc_pair_bucket[25][50] = 52
pc_pair_diag_success_pc_pair_bucket[25][51] = 41
pc_pair_diag_success_pc_pair_bucket[25][52] = 42
pc_pair_diag_success_pc_pair_bucket[25][53] = 48
pc_pair_diag_success_pc_pair_bucket[25][54] = 21
pc_pair_diag_success_pc_pair_bucket[25][55] = 44
pc_pair_diag_success_pc_pair_bucket[25][56] = 24
pc_pair_diag_success_pc_pair_bucket[25][57] = 16
pc_pair_diag_success_pc_pair_bucket[25][58] = 2
pc_pair_diag_success_pc_pair_bucket[25][59] = 4
pc_pair_diag_success_pc_pair_bucket[25][60] = 10
pc_pair_diag_success_pc_pair_bucket[25][61] = 120
pc_pair_diag_success_pc_pair_bucket[25][62] = 127
pc_pair_diag_success_pc_pair_bucket[25][63] = 109
pc_pair_diag_success_pc_pair_bucket[26][0] = 145
pc_pair_diag_success_pc_pair_bucket[26][1] = 114
pc_pair_diag_success_pc_pair_bucket[26][2] = 89
pc_pair_diag_success_pc_pair_bucket[26][3] = 70
pc_pair_diag_success_pc_pair_bucket[26][4] = 42
pc_pair_diag_success_pc_pair_bucket[26][5] = 2
pc_pair_diag_success_pc_pair_bucket[26][6] = 1
pc_pair_diag_success_pc_pair_bucket[26][7] = 1
pc_pair_diag_success_pc_pair_bucket[26][8] = 19
pc_pair_diag_success_pc_pair_bucket[26][9] = 22
pc_pair_diag_success_pc_pair_bucket[26][10] = 10
pc_pair_diag_success_pc_pair_bucket[26][11] = 14
pc_pair_diag_success_pc_pair_bucket[26][12] = 34
pc_pair_diag_success_pc_pair_bucket[26][13] = 44
pc_pair_diag_success_pc_pair_bucket[26][14] = 44
pc_pair_diag_success_pc_pair_bucket[26][15] = 31
pc_pair_diag_success_pc_pair_bucket[26][16] = 26
pc_pair_diag_success_pc_pair_bucket[26][17] = 31
pc_pair_diag_success_pc_pair_bucket[26][18] = 24
pc_pair_diag_success_pc_pair_bucket[26][19] = 21
pc_pair_diag_success_pc_pair_bucket[26][22] = 3
pc_pair_diag_success_pc_pair_bucket[26][23] = 24
pc_pair_diag_success_pc_pair_bucket[26][24] = 51
pc_pair_diag_success_pc_pair_bucket[26][25] = 39
pc_pair_diag_success_pc_pair_bucket[26][26] = 1903
pc_pair_diag_success_pc_pair_bucket[26][27] = 66
pc_pair_diag_success_pc_pair_bucket[26][28] = 56
pc_pair_diag_success_pc_pair_bucket[26][29] = 55
pc_pair_diag_success_pc_pair_bucket[26][30] = 39
pc_pair_diag_success_pc_pair_bucket[26][31] = 3
pc_pair_diag_success_pc_pair_bucket[26][32] = 5
pc_pair_diag_success_pc_pair_bucket[26][33] = 11
pc_pair_diag_success_pc_pair_bucket[26][34] = 18
pc_pair_diag_success_pc_pair_bucket[26][35] = 46
pc_pair_diag_success_pc_pair_bucket[26][36] = 40
pc_pair_diag_success_pc_pair_bucket[26][37] = 45
pc_pair_diag_success_pc_pair_bucket[26][38] = 43
pc_pair_diag_success_pc_pair_bucket[26][39] = 178
pc_pair_diag_success_pc_pair_bucket[26][40] = 163
pc_pair_diag_success_pc_pair_bucket[26][41] = 129
pc_pair_diag_success_pc_pair_bucket[26][42] = 98
pc_pair_diag_success_pc_pair_bucket[26][43] = 90
pc_pair_diag_success_pc_pair_bucket[26][44] = 114
pc_pair_diag_success_pc_pair_bucket[26][45] = 137
pc_pair_diag_success_pc_pair_bucket[26][46] = 82
pc_pair_diag_success_pc_pair_bucket[26][47] = 13
pc_pair_diag_success_pc_pair_bucket[26][48] = 9
pc_pair_diag_success_pc_pair_bucket[26][49] = 14
pc_pair_diag_success_pc_pair_bucket[26][50] = 32
pc_pair_diag_success_pc_pair_bucket[26][51] = 45
pc_pair_diag_success_pc_pair_bucket[26][52] = 42
pc_pair_diag_success_pc_pair_bucket[26][53] = 49
pc_pair_diag_success_pc_pair_bucket[26][54] = 44
pc_pair_diag_success_pc_pair_bucket[26][55] = 34
pc_pair_diag_success_pc_pair_bucket[26][56] = 32
pc_pair_diag_success_pc_pair_bucket[26][57] = 10
pc_pair_diag_success_pc_pair_bucket[26][58] = 2
pc_pair_diag_success_pc_pair_bucket[26][59] = 2
pc_pair_diag_success_pc_pair_bucket[26][60] = 4
pc_pair_diag_success_pc_pair_bucket[26][61] = 83
pc_pair_diag_success_pc_pair_bucket[26][62] = 105
pc_pair_diag_success_pc_pair_bucket[26][63] = 123
pc_pair_diag_success_pc_pair_bucket[27][0] = 97
pc_pair_diag_success_pc_pair_bucket[27][1] = 120
pc_pair_diag_success_pc_pair_bucket[27][2] = 102
pc_pair_diag_success_pc_pair_bucket[27][3] = 78
pc_pair_diag_success_pc_pair_bucket[27][4] = 79
pc_pair_diag_success_pc_pair_bucket[27][5] = 6
pc_pair_diag_success_pc_pair_bucket[27][6] = 3
pc_pair_diag_success_pc_pair_bucket[27][7] = 1
pc_pair_diag_success_pc_pair_bucket[27][8] = 9
pc_pair_diag_success_pc_pair_bucket[27][9] = 21
pc_pair_diag_success_pc_pair_bucket[27][10] = 30
pc_pair_diag_success_pc_pair_bucket[27][11] = 15
pc_pair_diag_success_pc_pair_bucket[27][12] = 16
pc_pair_diag_success_pc_pair_bucket[27][13] = 49
pc_pair_diag_success_pc_pair_bucket[27][14] = 50
pc_pair_diag_success_pc_pair_bucket[27][15] = 30
pc_pair_diag_success_pc_pair_bucket[27][16] = 34
pc_pair_diag_success_pc_pair_bucket[27][17] = 33
pc_pair_diag_success_pc_pair_bucket[27][18] = 29
pc_pair_diag_success_pc_pair_bucket[27][19] = 29
pc_pair_diag_success_pc_pair_bucket[27][20] = 2
pc_pair_diag_success_pc_pair_bucket[27][23] = 20
pc_pair_diag_success_pc_pair_bucket[27][24] = 54
pc_pair_diag_success_pc_pair_bucket[27][25] = 42
pc_pair_diag_success_pc_pair_bucket[27][26] = 201
pc_pair_diag_success_pc_pair_bucket[27][27] = 2145
pc_pair_diag_success_pc_pair_bucket[27][28] = 138
pc_pair_diag_success_pc_pair_bucket[27][29] = 58
pc_pair_diag_success_pc_pair_bucket[27][30] = 87
pc_pair_diag_success_pc_pair_bucket[27][31] = 7
pc_pair_diag_success_pc_pair_bucket[27][32] = 7
pc_pair_diag_success_pc_pair_bucket[27][33] = 7
pc_pair_diag_success_pc_pair_bucket[27][34] = 10
pc_pair_diag_success_pc_pair_bucket[27][35] = 51
pc_pair_diag_success_pc_pair_bucket[27][36] = 47
pc_pair_diag_success_pc_pair_bucket[27][37] = 36
pc_pair_diag_success_pc_pair_bucket[27][38] = 46
pc_pair_diag_success_pc_pair_bucket[27][39] = 166
pc_pair_diag_success_pc_pair_bucket[27][40] = 177
pc_pair_diag_success_pc_pair_bucket[27][41] = 167
pc_pair_diag_success_pc_pair_bucket[27][42] = 144
pc_pair_diag_success_pc_pair_bucket[27][43] = 125
pc_pair_diag_success_pc_pair_bucket[27][44] = 123
pc_pair_diag_success_pc_pair_bucket[27][45] = 122
pc_pair_diag_success_pc_pair_bucket[27][46] = 101
pc_pair_diag_success_pc_pair_bucket[27][47] = 9
pc_pair_diag_success_pc_pair_bucket[27][48] = 8
pc_pair_diag_success_pc_pair_bucket[27][49] = 15
pc_pair_diag_success_pc_pair_bucket[27][50] = 32
pc_pair_diag_success_pc_pair_bucket[27][51] = 30
pc_pair_diag_success_pc_pair_bucket[27][52] = 42
pc_pair_diag_success_pc_pair_bucket[27][53] = 41
pc_pair_diag_success_pc_pair_bucket[27][54] = 47
pc_pair_diag_success_pc_pair_bucket[27][55] = 40
pc_pair_diag_success_pc_pair_bucket[27][56] = 33
pc_pair_diag_success_pc_pair_bucket[27][57] = 29
pc_pair_diag_success_pc_pair_bucket[27][58] = 1
pc_pair_diag_success_pc_pair_bucket[27][60] = 2
pc_pair_diag_success_pc_pair_bucket[27][61] = 81
pc_pair_diag_success_pc_pair_bucket[27][62] = 101
pc_pair_diag_success_pc_pair_bucket[27][63] = 81
pc_pair_diag_success_pc_pair_bucket[28][0] = 79
pc_pair_diag_success_pc_pair_bucket[28][1] = 70
pc_pair_diag_success_pc_pair_bucket[28][2] = 588
pc_pair_diag_success_pc_pair_bucket[28][3] = 770
pc_pair_diag_success_pc_pair_bucket[28][4] = 21
pc_pair_diag_success_pc_pair_bucket[28][5] = 3
pc_pair_diag_success_pc_pair_bucket[28][6] = 1
pc_pair_diag_success_pc_pair_bucket[28][7] = 5
pc_pair_diag_success_pc_pair_bucket[28][8] = 12
pc_pair_diag_success_pc_pair_bucket[28][9] = 7
pc_pair_diag_success_pc_pair_bucket[28][10] = 12
pc_pair_diag_success_pc_pair_bucket[28][11] = 9
pc_pair_diag_success_pc_pair_bucket[28][12] = 38
pc_pair_diag_success_pc_pair_bucket[28][13] = 67
pc_pair_diag_success_pc_pair_bucket[28][14] = 73
pc_pair_diag_success_pc_pair_bucket[28][15] = 54
pc_pair_diag_success_pc_pair_bucket[28][16] = 48
pc_pair_diag_success_pc_pair_bucket[28][17] = 69
pc_pair_diag_success_pc_pair_bucket[28][18] = 83
pc_pair_diag_success_pc_pair_bucket[28][19] = 58
pc_pair_diag_success_pc_pair_bucket[28][20] = 2
pc_pair_diag_success_pc_pair_bucket[28][21] = 1
pc_pair_diag_success_pc_pair_bucket[28][22] = 2
pc_pair_diag_success_pc_pair_bucket[28][23] = 21
pc_pair_diag_success_pc_pair_bucket[28][24] = 62
pc_pair_diag_success_pc_pair_bucket[28][25] = 46
pc_pair_diag_success_pc_pair_bucket[28][26] = 54
pc_pair_diag_success_pc_pair_bucket[28][27] = 745
pc_pair_diag_success_pc_pair_bucket[28][28] = 1500
pc_pair_diag_success_pc_pair_bucket[28][29] = 159
pc_pair_diag_success_pc_pair_bucket[28][30] = 72
pc_pair_diag_success_pc_pair_bucket[28][31] = 10
pc_pair_diag_success_pc_pair_bucket[28][32] = 1
pc_pair_diag_success_pc_pair_bucket[28][33] = 8
pc_pair_diag_success_pc_pair_bucket[28][34] = 9
pc_pair_diag_success_pc_pair_bucket[28][35] = 27
pc_pair_diag_success_pc_pair_bucket[28][36] = 29
pc_pair_diag_success_pc_pair_bucket[28][37] = 24
pc_pair_diag_success_pc_pair_bucket[28][38] = 37
pc_pair_diag_success_pc_pair_bucket[28][39] = 116
pc_pair_diag_success_pc_pair_bucket[28][40] = 138
pc_pair_diag_success_pc_pair_bucket[28][41] = 136
pc_pair_diag_success_pc_pair_bucket[28][42] = 126
pc_pair_diag_success_pc_pair_bucket[28][43] = 132
pc_pair_diag_success_pc_pair_bucket[28][44] = 120
pc_pair_diag_success_pc_pair_bucket[28][45] = 154
pc_pair_diag_success_pc_pair_bucket[28][46] = 77
pc_pair_diag_success_pc_pair_bucket[28][47] = 10
pc_pair_diag_success_pc_pair_bucket[28][48] = 12
pc_pair_diag_success_pc_pair_bucket[28][49] = 8
pc_pair_diag_success_pc_pair_bucket[28][50] = 53
pc_pair_diag_success_pc_pair_bucket[28][51] = 47
pc_pair_diag_success_pc_pair_bucket[28][52] = 50
pc_pair_diag_success_pc_pair_bucket[28][53] = 61
pc_pair_diag_success_pc_pair_bucket[28][54] = 57
pc_pair_diag_success_pc_pair_bucket[28][55] = 49
pc_pair_diag_success_pc_pair_bucket[28][56] = 44
pc_pair_diag_success_pc_pair_bucket[28][57] = 22
pc_pair_diag_success_pc_pair_bucket[28][58] = 2
pc_pair_diag_success_pc_pair_bucket[28][59] = 1
pc_pair_diag_success_pc_pair_bucket[28][60] = 1
pc_pair_diag_success_pc_pair_bucket[28][61] = 63
pc_pair_diag_success_pc_pair_bucket[28][62] = 56
pc_pair_diag_success_pc_pair_bucket[28][63] = 62
pc_pair_diag_success_pc_pair_bucket[29][0] = 88
pc_pair_diag_success_pc_pair_bucket[29][1] = 107
pc_pair_diag_success_pc_pair_bucket[29][2] = 103
pc_pair_diag_success_pc_pair_bucket[29][3] = 171
pc_pair_diag_success_pc_pair_bucket[29][4] = 807
pc_pair_diag_success_pc_pair_bucket[29][5] = 74
pc_pair_diag_success_pc_pair_bucket[29][6] = 2
pc_pair_diag_success_pc_pair_bucket[29][7] = 4
pc_pair_diag_success_pc_pair_bucket[29][8] = 17
pc_pair_diag_success_pc_pair_bucket[29][9] = 36
pc_pair_diag_success_pc_pair_bucket[29][10] = 18
pc_pair_diag_success_pc_pair_bucket[29][11] = 23
pc_pair_diag_success_pc_pair_bucket[29][12] = 61
pc_pair_diag_success_pc_pair_bucket[29][13] = 111
pc_pair_diag_success_pc_pair_bucket[29][14] = 101
pc_pair_diag_success_pc_pair_bucket[29][15] = 89
pc_pair_diag_success_pc_pair_bucket[29][16] = 77
pc_pair_diag_success_pc_pair_bucket[29][17] = 89
pc_pair_diag_success_pc_pair_bucket[29][18] = 88
pc_pair_diag_success_pc_pair_bucket[29][19] = 28
pc_pair_diag_success_pc_pair_bucket[29][20] = 1
pc_pair_diag_success_pc_pair_bucket[29][21] = 1
pc_pair_diag_success_pc_pair_bucket[29][22] = 5
pc_pair_diag_success_pc_pair_bucket[29][23] = 34
pc_pair_diag_success_pc_pair_bucket[29][24] = 90
pc_pair_diag_success_pc_pair_bucket[29][25] = 79
pc_pair_diag_success_pc_pair_bucket[29][26] = 70
pc_pair_diag_success_pc_pair_bucket[29][27] = 72
pc_pair_diag_success_pc_pair_bucket[29][28] = 82
pc_pair_diag_success_pc_pair_bucket[29][29] = 60
pc_pair_diag_success_pc_pair_bucket[29][30] = 64
pc_pair_diag_success_pc_pair_bucket[29][31] = 7
pc_pair_diag_success_pc_pair_bucket[29][32] = 2
pc_pair_diag_success_pc_pair_bucket[29][33] = 5
pc_pair_diag_success_pc_pair_bucket[29][34] = 27
pc_pair_diag_success_pc_pair_bucket[29][35] = 69
pc_pair_diag_success_pc_pair_bucket[29][36] = 64
pc_pair_diag_success_pc_pair_bucket[29][37] = 73
pc_pair_diag_success_pc_pair_bucket[29][38] = 59
pc_pair_diag_success_pc_pair_bucket[29][39] = 118
pc_pair_diag_success_pc_pair_bucket[29][40] = 123
pc_pair_diag_success_pc_pair_bucket[29][41] = 93
pc_pair_diag_success_pc_pair_bucket[29][42] = 51
pc_pair_diag_success_pc_pair_bucket[29][43] = 51
pc_pair_diag_success_pc_pair_bucket[29][44] = 40
pc_pair_diag_success_pc_pair_bucket[29][45] = 26
pc_pair_diag_success_pc_pair_bucket[29][46] = 37
pc_pair_diag_success_pc_pair_bucket[29][47] = 17
pc_pair_diag_success_pc_pair_bucket[29][48] = 10
pc_pair_diag_success_pc_pair_bucket[29][49] = 15
pc_pair_diag_success_pc_pair_bucket[29][50] = 65
pc_pair_diag_success_pc_pair_bucket[29][51] = 93
pc_pair_diag_success_pc_pair_bucket[29][52] = 72
pc_pair_diag_success_pc_pair_bucket[29][53] = 51
pc_pair_diag_success_pc_pair_bucket[29][54] = 70
pc_pair_diag_success_pc_pair_bucket[29][55] = 58
pc_pair_diag_success_pc_pair_bucket[29][56] = 63
pc_pair_diag_success_pc_pair_bucket[29][57] = 20
pc_pair_diag_success_pc_pair_bucket[29][58] = 3
pc_pair_diag_success_pc_pair_bucket[29][59] = 2
pc_pair_diag_success_pc_pair_bucket[29][60] = 1
pc_pair_diag_success_pc_pair_bucket[29][61] = 120
pc_pair_diag_success_pc_pair_bucket[29][62] = 94
pc_pair_diag_success_pc_pair_bucket[29][63] = 133
pc_pair_diag_success_pc_pair_bucket[30][0] = 116
pc_pair_diag_success_pc_pair_bucket[30][1] = 122
pc_pair_diag_success_pc_pair_bucket[30][2] = 145
pc_pair_diag_success_pc_pair_bucket[30][3] = 56
pc_pair_diag_success_pc_pair_bucket[30][4] = 153
pc_pair_diag_success_pc_pair_bucket[30][5] = 425
pc_pair_diag_success_pc_pair_bucket[30][6] = 412
pc_pair_diag_success_pc_pair_bucket[30][7] = 1
pc_pair_diag_success_pc_pair_bucket[30][8] = 18
pc_pair_diag_success_pc_pair_bucket[30][9] = 11
pc_pair_diag_success_pc_pair_bucket[30][10] = 35
pc_pair_diag_success_pc_pair_bucket[30][11] = 22
pc_pair_diag_success_pc_pair_bucket[30][12] = 75
pc_pair_diag_success_pc_pair_bucket[30][13] = 118
pc_pair_diag_success_pc_pair_bucket[30][14] = 90
pc_pair_diag_success_pc_pair_bucket[30][15] = 77
pc_pair_diag_success_pc_pair_bucket[30][16] = 80
pc_pair_diag_success_pc_pair_bucket[30][17] = 66
pc_pair_diag_success_pc_pair_bucket[30][18] = 83
pc_pair_diag_success_pc_pair_bucket[30][19] = 73
pc_pair_diag_success_pc_pair_bucket[30][20] = 3
pc_pair_diag_success_pc_pair_bucket[30][21] = 1
pc_pair_diag_success_pc_pair_bucket[30][22] = 2
pc_pair_diag_success_pc_pair_bucket[30][23] = 61
pc_pair_diag_success_pc_pair_bucket[30][24] = 78
pc_pair_diag_success_pc_pair_bucket[30][25] = 72
pc_pair_diag_success_pc_pair_bucket[30][26] = 84
pc_pair_diag_success_pc_pair_bucket[30][27] = 68
pc_pair_diag_success_pc_pair_bucket[30][28] = 81
pc_pair_diag_success_pc_pair_bucket[30][29] = 73
pc_pair_diag_success_pc_pair_bucket[30][30] = 54
pc_pair_diag_success_pc_pair_bucket[30][31] = 6
pc_pair_diag_success_pc_pair_bucket[30][32] = 5
pc_pair_diag_success_pc_pair_bucket[30][33] = 4
pc_pair_diag_success_pc_pair_bucket[30][34] = 32
pc_pair_diag_success_pc_pair_bucket[30][35] = 47
pc_pair_diag_success_pc_pair_bucket[30][36] = 45
pc_pair_diag_success_pc_pair_bucket[30][37] = 49
pc_pair_diag_success_pc_pair_bucket[30][38] = 57
pc_pair_diag_success_pc_pair_bucket[30][39] = 98
pc_pair_diag_success_pc_pair_bucket[30][40] = 86
pc_pair_diag_success_pc_pair_bucket[30][41] = 69
pc_pair_diag_success_pc_pair_bucket[30][42] = 44
pc_pair_diag_success_pc_pair_bucket[30][43] = 46
pc_pair_diag_success_pc_pair_bucket[30][44] = 57
pc_pair_diag_success_pc_pair_bucket[30][45] = 57
pc_pair_diag_success_pc_pair_bucket[30][46] = 53
pc_pair_diag_success_pc_pair_bucket[30][47] = 5
pc_pair_diag_success_pc_pair_bucket[30][48] = 25
pc_pair_diag_success_pc_pair_bucket[30][49] = 9
pc_pair_diag_success_pc_pair_bucket[30][50] = 104
pc_pair_diag_success_pc_pair_bucket[30][51] = 63
pc_pair_diag_success_pc_pair_bucket[30][52] = 64
pc_pair_diag_success_pc_pair_bucket[30][53] = 55
pc_pair_diag_success_pc_pair_bucket[30][54] = 44
pc_pair_diag_success_pc_pair_bucket[30][55] = 67
pc_pair_diag_success_pc_pair_bucket[30][56] = 59
pc_pair_diag_success_pc_pair_bucket[30][57] = 50
pc_pair_diag_success_pc_pair_bucket[30][58] = 1
pc_pair_diag_success_pc_pair_bucket[30][59] = 1
pc_pair_diag_success_pc_pair_bucket[30][60] = 4
pc_pair_diag_success_pc_pair_bucket[30][61] = 150
pc_pair_diag_success_pc_pair_bucket[30][62] = 108
pc_pair_diag_success_pc_pair_bucket[30][63] = 58
pc_pair_diag_success_pc_pair_bucket[31][0] = 63
pc_pair_diag_success_pc_pair_bucket[31][1] = 72
pc_pair_diag_success_pc_pair_bucket[31][2] = 71
pc_pair_diag_success_pc_pair_bucket[31][3] = 65
pc_pair_diag_success_pc_pair_bucket[31][4] = 40
pc_pair_diag_success_pc_pair_bucket[31][5] = 37
pc_pair_diag_success_pc_pair_bucket[31][6] = 569
pc_pair_diag_success_pc_pair_bucket[31][7] = 1
pc_pair_diag_success_pc_pair_bucket[31][8] = 20
pc_pair_diag_success_pc_pair_bucket[31][9] = 7
pc_pair_diag_success_pc_pair_bucket[31][10] = 14
pc_pair_diag_success_pc_pair_bucket[31][11] = 21
pc_pair_diag_success_pc_pair_bucket[31][12] = 53
pc_pair_diag_success_pc_pair_bucket[31][13] = 100
pc_pair_diag_success_pc_pair_bucket[31][14] = 81
pc_pair_diag_success_pc_pair_bucket[31][15] = 89
pc_pair_diag_success_pc_pair_bucket[31][16] = 70
pc_pair_diag_success_pc_pair_bucket[31][17] = 60
pc_pair_diag_success_pc_pair_bucket[31][18] = 54
pc_pair_diag_success_pc_pair_bucket[31][19] = 48
pc_pair_diag_success_pc_pair_bucket[31][20] = 5
pc_pair_diag_success_pc_pair_bucket[31][21] = 1
pc_pair_diag_success_pc_pair_bucket[31][23] = 26
pc_pair_diag_success_pc_pair_bucket[31][24] = 54
pc_pair_diag_success_pc_pair_bucket[31][25] = 47
pc_pair_diag_success_pc_pair_bucket[31][26] = 57
pc_pair_diag_success_pc_pair_bucket[31][27] = 59
pc_pair_diag_success_pc_pair_bucket[31][28] = 57
pc_pair_diag_success_pc_pair_bucket[31][29] = 65
pc_pair_diag_success_pc_pair_bucket[31][30] = 45
pc_pair_diag_success_pc_pair_bucket[31][31] = 3
pc_pair_diag_success_pc_pair_bucket[31][32] = 2
pc_pair_diag_success_pc_pair_bucket[31][33] = 1
pc_pair_diag_success_pc_pair_bucket[31][34] = 36
pc_pair_diag_success_pc_pair_bucket[31][35] = 45
pc_pair_diag_success_pc_pair_bucket[31][36] = 63
pc_pair_diag_success_pc_pair_bucket[31][37] = 51
pc_pair_diag_success_pc_pair_bucket[31][38] = 57
pc_pair_diag_success_pc_pair_bucket[31][39] = 84
pc_pair_diag_success_pc_pair_bucket[31][40] = 99
pc_pair_diag_success_pc_pair_bucket[31][41] = 87
pc_pair_diag_success_pc_pair_bucket[31][42] = 52
pc_pair_diag_success_pc_pair_bucket[31][43] = 46
pc_pair_diag_success_pc_pair_bucket[31][44] = 42
pc_pair_diag_success_pc_pair_bucket[31][45] = 42
pc_pair_diag_success_pc_pair_bucket[31][46] = 26
pc_pair_diag_success_pc_pair_bucket[31][47] = 6
pc_pair_diag_success_pc_pair_bucket[31][48] = 7
pc_pair_diag_success_pc_pair_bucket[31][49] = 8
pc_pair_diag_success_pc_pair_bucket[31][50] = 57
pc_pair_diag_success_pc_pair_bucket[31][51] = 60
pc_pair_diag_success_pc_pair_bucket[31][52] = 55
pc_pair_diag_success_pc_pair_bucket[31][53] = 58
pc_pair_diag_success_pc_pair_bucket[31][54] = 40
pc_pair_diag_success_pc_pair_bucket[31][55] = 41
pc_pair_diag_success_pc_pair_bucket[31][56] = 39
pc_pair_diag_success_pc_pair_bucket[31][57] = 32
pc_pair_diag_success_pc_pair_bucket[31][58] = 2
pc_pair_diag_success_pc_pair_bucket[31][59] = 1
pc_pair_diag_success_pc_pair_bucket[31][60] = 4
pc_pair_diag_success_pc_pair_bucket[31][61] = 66
pc_pair_diag_success_pc_pair_bucket[31][62] = 76
pc_pair_diag_success_pc_pair_bucket[31][63] = 73
pc_pair_diag_success_pc_pair_bucket[32][0] = 77
pc_pair_diag_success_pc_pair_bucket[32][1] = 58
pc_pair_diag_success_pc_pair_bucket[32][2] = 79
pc_pair_diag_success_pc_pair_bucket[32][3] = 78
pc_pair_diag_success_pc_pair_bucket[32][4] = 49
pc_pair_diag_success_pc_pair_bucket[32][5] = 60
pc_pair_diag_success_pc_pair_bucket[32][6] = 220
pc_pair_diag_success_pc_pair_bucket[32][7] = 149
pc_pair_diag_success_pc_pair_bucket[32][8] = 18
pc_pair_diag_success_pc_pair_bucket[32][9] = 21
pc_pair_diag_success_pc_pair_bucket[32][10] = 20
pc_pair_diag_success_pc_pair_bucket[32][11] = 25
pc_pair_diag_success_pc_pair_bucket[32][12] = 37
pc_pair_diag_success_pc_pair_bucket[32][13] = 92
pc_pair_diag_success_pc_pair_bucket[32][14] = 98
pc_pair_diag_success_pc_pair_bucket[32][15] = 88
pc_pair_diag_success_pc_pair_bucket[32][16] = 76
pc_pair_diag_success_pc_pair_bucket[32][17] = 78
pc_pair_diag_success_pc_pair_bucket[32][18] = 69
pc_pair_diag_success_pc_pair_bucket[32][19] = 90
pc_pair_diag_success_pc_pair_bucket[32][20] = 1
pc_pair_diag_success_pc_pair_bucket[32][21] = 1
pc_pair_diag_success_pc_pair_bucket[32][22] = 3
pc_pair_diag_success_pc_pair_bucket[32][23] = 29
pc_pair_diag_success_pc_pair_bucket[32][24] = 78
pc_pair_diag_success_pc_pair_bucket[32][25] = 59
pc_pair_diag_success_pc_pair_bucket[32][26] = 56
pc_pair_diag_success_pc_pair_bucket[32][27] = 72
pc_pair_diag_success_pc_pair_bucket[32][28] = 45
pc_pair_diag_success_pc_pair_bucket[32][29] = 87
pc_pair_diag_success_pc_pair_bucket[32][30] = 66
pc_pair_diag_success_pc_pair_bucket[32][31] = 6
pc_pair_diag_success_pc_pair_bucket[32][32] = 4
pc_pair_diag_success_pc_pair_bucket[32][33] = 1
pc_pair_diag_success_pc_pair_bucket[32][34] = 33
pc_pair_diag_success_pc_pair_bucket[32][35] = 78
pc_pair_diag_success_pc_pair_bucket[32][36] = 64
pc_pair_diag_success_pc_pair_bucket[32][37] = 63
pc_pair_diag_success_pc_pair_bucket[32][38] = 54
pc_pair_diag_success_pc_pair_bucket[32][39] = 98
pc_pair_diag_success_pc_pair_bucket[32][40] = 94
pc_pair_diag_success_pc_pair_bucket[32][41] = 118
pc_pair_diag_success_pc_pair_bucket[32][42] = 41
pc_pair_diag_success_pc_pair_bucket[32][43] = 53
pc_pair_diag_success_pc_pair_bucket[32][44] = 53
pc_pair_diag_success_pc_pair_bucket[32][45] = 54
pc_pair_diag_success_pc_pair_bucket[32][46] = 44
pc_pair_diag_success_pc_pair_bucket[32][47] = 6
pc_pair_diag_success_pc_pair_bucket[32][48] = 11
pc_pair_diag_success_pc_pair_bucket[32][49] = 13
pc_pair_diag_success_pc_pair_bucket[32][50] = 56
pc_pair_diag_success_pc_pair_bucket[32][51] = 62
pc_pair_diag_success_pc_pair_bucket[32][52] = 59
pc_pair_diag_success_pc_pair_bucket[32][53] = 71
pc_pair_diag_success_pc_pair_bucket[32][54] = 52
pc_pair_diag_success_pc_pair_bucket[32][55] = 46
pc_pair_diag_success_pc_pair_bucket[32][56] = 64
pc_pair_diag_success_pc_pair_bucket[32][57] = 37
pc_pair_diag_success_pc_pair_bucket[32][58] = 3
pc_pair_diag_success_pc_pair_bucket[32][59] = 1
pc_pair_diag_success_pc_pair_bucket[32][60] = 2
pc_pair_diag_success_pc_pair_bucket[32][61] = 94
pc_pair_diag_success_pc_pair_bucket[32][62] = 91
pc_pair_diag_success_pc_pair_bucket[32][63] = 84
pc_pair_diag_success_pc_pair_bucket[33][0] = 61
pc_pair_diag_success_pc_pair_bucket[33][1] = 51
pc_pair_diag_success_pc_pair_bucket[33][2] = 54
pc_pair_diag_success_pc_pair_bucket[33][3] = 34
pc_pair_diag_success_pc_pair_bucket[33][4] = 10
pc_pair_diag_success_pc_pair_bucket[33][5] = 1
pc_pair_diag_success_pc_pair_bucket[33][8] = 15
pc_pair_diag_success_pc_pair_bucket[33][9] = 18
pc_pair_diag_success_pc_pair_bucket[33][10] = 12
pc_pair_diag_success_pc_pair_bucket[33][11] = 16
pc_pair_diag_success_pc_pair_bucket[33][12] = 77
pc_pair_diag_success_pc_pair_bucket[33][13] = 122
pc_pair_diag_success_pc_pair_bucket[33][14] = 96
pc_pair_diag_success_pc_pair_bucket[33][15] = 117
pc_pair_diag_success_pc_pair_bucket[33][16] = 109
pc_pair_diag_success_pc_pair_bucket[33][17] = 125
pc_pair_diag_success_pc_pair_bucket[33][18] = 114
pc_pair_diag_success_pc_pair_bucket[33][19] = 110
pc_pair_diag_success_pc_pair_bucket[33][20] = 2
pc_pair_diag_success_pc_pair_bucket[33][23] = 30
pc_pair_diag_success_pc_pair_bucket[33][24] = 46
pc_pair_diag_success_pc_pair_bucket[33][25] = 41
pc_pair_diag_success_pc_pair_bucket[33][26] = 31
pc_pair_diag_success_pc_pair_bucket[33][27] = 43
pc_pair_diag_success_pc_pair_bucket[33][28] = 38
pc_pair_diag_success_pc_pair_bucket[33][29] = 36
pc_pair_diag_success_pc_pair_bucket[33][30] = 21
pc_pair_diag_success_pc_pair_bucket[33][31] = 3
pc_pair_diag_success_pc_pair_bucket[33][32] = 3
pc_pair_diag_success_pc_pair_bucket[33][33] = 1
pc_pair_diag_success_pc_pair_bucket[33][34] = 14
pc_pair_diag_success_pc_pair_bucket[33][35] = 46
pc_pair_diag_success_pc_pair_bucket[33][36] = 31
pc_pair_diag_success_pc_pair_bucket[33][37] = 34
pc_pair_diag_success_pc_pair_bucket[33][38] = 36
pc_pair_diag_success_pc_pair_bucket[33][39] = 61
pc_pair_diag_success_pc_pair_bucket[33][40] = 58
pc_pair_diag_success_pc_pair_bucket[33][41] = 35
pc_pair_diag_success_pc_pair_bucket[33][42] = 21
pc_pair_diag_success_pc_pair_bucket[33][43] = 26
pc_pair_diag_success_pc_pair_bucket[33][44] = 31
pc_pair_diag_success_pc_pair_bucket[33][45] = 30
pc_pair_diag_success_pc_pair_bucket[33][46] = 13
pc_pair_diag_success_pc_pair_bucket[33][47] = 17
pc_pair_diag_success_pc_pair_bucket[33][48] = 9
pc_pair_diag_success_pc_pair_bucket[33][49] = 4
pc_pair_diag_success_pc_pair_bucket[33][50] = 39
pc_pair_diag_success_pc_pair_bucket[33][51] = 50
pc_pair_diag_success_pc_pair_bucket[33][52] = 24
pc_pair_diag_success_pc_pair_bucket[33][53] = 31
pc_pair_diag_success_pc_pair_bucket[33][54] = 33
pc_pair_diag_success_pc_pair_bucket[33][55] = 32
pc_pair_diag_success_pc_pair_bucket[33][56] = 31
pc_pair_diag_success_pc_pair_bucket[33][57] = 7
pc_pair_diag_success_pc_pair_bucket[33][58] = 2
pc_pair_diag_success_pc_pair_bucket[33][59] = 1
pc_pair_diag_success_pc_pair_bucket[33][60] = 1
pc_pair_diag_success_pc_pair_bucket[33][61] = 66
pc_pair_diag_success_pc_pair_bucket[33][62] = 54
pc_pair_diag_success_pc_pair_bucket[33][63] = 49
pc_pair_diag_success_pc_pair_bucket[34][0] = 78
pc_pair_diag_success_pc_pair_bucket[34][1] = 87
pc_pair_diag_success_pc_pair_bucket[34][2] = 114
pc_pair_diag_success_pc_pair_bucket[34][3] = 98
pc_pair_diag_success_pc_pair_bucket[34][4] = 68
pc_pair_diag_success_pc_pair_bucket[34][5] = 8
pc_pair_diag_success_pc_pair_bucket[34][6] = 5
pc_pair_diag_success_pc_pair_bucket[34][7] = 1
pc_pair_diag_success_pc_pair_bucket[34][8] = 34
pc_pair_diag_success_pc_pair_bucket[34][9] = 44
pc_pair_diag_success_pc_pair_bucket[34][10] = 45
pc_pair_diag_success_pc_pair_bucket[34][11] = 41
pc_pair_diag_success_pc_pair_bucket[34][12] = 121
pc_pair_diag_success_pc_pair_bucket[34][13] = 168
pc_pair_diag_success_pc_pair_bucket[34][14] = 154
pc_pair_diag_success_pc_pair_bucket[34][15] = 115
pc_pair_diag_success_pc_pair_bucket[34][16] = 125
pc_pair_diag_success_pc_pair_bucket[34][17] = 117
pc_pair_diag_success_pc_pair_bucket[34][18] = 135
pc_pair_diag_success_pc_pair_bucket[34][19] = 148
pc_pair_diag_success_pc_pair_bucket[34][20] = 1
pc_pair_diag_success_pc_pair_bucket[34][21] = 2
pc_pair_diag_success_pc_pair_bucket[34][22] = 3
pc_pair_diag_success_pc_pair_bucket[34][23] = 31
pc_pair_diag_success_pc_pair_bucket[34][24] = 79
pc_pair_diag_success_pc_pair_bucket[34][25] = 74
pc_pair_diag_success_pc_pair_bucket[34][26] = 74
pc_pair_diag_success_pc_pair_bucket[34][27] = 56
pc_pair_diag_success_pc_pair_bucket[34][28] = 83
pc_pair_diag_success_pc_pair_bucket[34][29] = 73
pc_pair_diag_success_pc_pair_bucket[34][30] = 55
pc_pair_diag_success_pc_pair_bucket[34][31] = 8
pc_pair_diag_success_pc_pair_bucket[34][32] = 4
pc_pair_diag_success_pc_pair_bucket[34][33] = 1
pc_pair_diag_success_pc_pair_bucket[34][34] = 71
pc_pair_diag_success_pc_pair_bucket[34][35] = 96
pc_pair_diag_success_pc_pair_bucket[34][36] = 145
pc_pair_diag_success_pc_pair_bucket[34][37] = 123
pc_pair_diag_success_pc_pair_bucket[34][38] = 121
pc_pair_diag_success_pc_pair_bucket[34][39] = 144
pc_pair_diag_success_pc_pair_bucket[34][40] = 130
pc_pair_diag_success_pc_pair_bucket[34][41] = 140
pc_pair_diag_success_pc_pair_bucket[34][42] = 28
pc_pair_diag_success_pc_pair_bucket[34][43] = 23
pc_pair_diag_success_pc_pair_bucket[34][44] = 28
pc_pair_diag_success_pc_pair_bucket[34][45] = 49
pc_pair_diag_success_pc_pair_bucket[34][46] = 44
pc_pair_diag_success_pc_pair_bucket[34][47] = 18
pc_pair_diag_success_pc_pair_bucket[34][48] = 17
pc_pair_diag_success_pc_pair_bucket[34][49] = 18
pc_pair_diag_success_pc_pair_bucket[34][50] = 61
pc_pair_diag_success_pc_pair_bucket[34][51] = 77
pc_pair_diag_success_pc_pair_bucket[34][52] = 64
pc_pair_diag_success_pc_pair_bucket[34][53] = 32
pc_pair_diag_success_pc_pair_bucket[34][54] = 55
pc_pair_diag_success_pc_pair_bucket[34][55] = 39
pc_pair_diag_success_pc_pair_bucket[34][56] = 52
pc_pair_diag_success_pc_pair_bucket[34][57] = 32
pc_pair_diag_success_pc_pair_bucket[34][58] = 3
pc_pair_diag_success_pc_pair_bucket[34][59] = 3
pc_pair_diag_success_pc_pair_bucket[34][60] = 2
pc_pair_diag_success_pc_pair_bucket[34][61] = 107
pc_pair_diag_success_pc_pair_bucket[34][62] = 76
pc_pair_diag_success_pc_pair_bucket[34][63] = 100
pc_pair_diag_success_pc_pair_bucket[35][0] = 31
pc_pair_diag_success_pc_pair_bucket[35][1] = 41
pc_pair_diag_success_pc_pair_bucket[35][2] = 72
pc_pair_diag_success_pc_pair_bucket[35][3] = 22
pc_pair_diag_success_pc_pair_bucket[35][4] = 23
pc_pair_diag_success_pc_pair_bucket[35][5] = 1
pc_pair_diag_success_pc_pair_bucket[35][7] = 3
pc_pair_diag_success_pc_pair_bucket[35][8] = 15
pc_pair_diag_success_pc_pair_bucket[35][9] = 11
pc_pair_diag_success_pc_pair_bucket[35][10] = 19
pc_pair_diag_success_pc_pair_bucket[35][11] = 17
pc_pair_diag_success_pc_pair_bucket[35][12] = 53
pc_pair_diag_success_pc_pair_bucket[35][13] = 106
pc_pair_diag_success_pc_pair_bucket[35][14] = 96
pc_pair_diag_success_pc_pair_bucket[35][15] = 81
pc_pair_diag_success_pc_pair_bucket[35][16] = 67
pc_pair_diag_success_pc_pair_bucket[35][17] = 69
pc_pair_diag_success_pc_pair_bucket[35][18] = 76
pc_pair_diag_success_pc_pair_bucket[35][19] = 31
pc_pair_diag_success_pc_pair_bucket[35][20] = 1
pc_pair_diag_success_pc_pair_bucket[35][23] = 14
pc_pair_diag_success_pc_pair_bucket[35][24] = 57
pc_pair_diag_success_pc_pair_bucket[35][25] = 21
pc_pair_diag_success_pc_pair_bucket[35][26] = 39
pc_pair_diag_success_pc_pair_bucket[35][27] = 49
pc_pair_diag_success_pc_pair_bucket[35][28] = 33
pc_pair_diag_success_pc_pair_bucket[35][29] = 40
pc_pair_diag_success_pc_pair_bucket[35][30] = 12
pc_pair_diag_success_pc_pair_bucket[35][31] = 2
pc_pair_diag_success_pc_pair_bucket[35][32] = 3
pc_pair_diag_success_pc_pair_bucket[35][33] = 1
pc_pair_diag_success_pc_pair_bucket[35][34] = 14
pc_pair_diag_success_pc_pair_bucket[35][35] = 53
pc_pair_diag_success_pc_pair_bucket[35][36] = 51
pc_pair_diag_success_pc_pair_bucket[35][37] = 53
pc_pair_diag_success_pc_pair_bucket[35][38] = 43
pc_pair_diag_success_pc_pair_bucket[35][39] = 78
pc_pair_diag_success_pc_pair_bucket[35][40] = 59
pc_pair_diag_success_pc_pair_bucket[35][41] = 39
pc_pair_diag_success_pc_pair_bucket[35][42] = 16
pc_pair_diag_success_pc_pair_bucket[35][43] = 20
pc_pair_diag_success_pc_pair_bucket[35][44] = 28
pc_pair_diag_success_pc_pair_bucket[35][45] = 13
pc_pair_diag_success_pc_pair_bucket[35][46] = 13
pc_pair_diag_success_pc_pair_bucket[35][47] = 5
pc_pair_diag_success_pc_pair_bucket[35][48] = 3
pc_pair_diag_success_pc_pair_bucket[35][49] = 10
pc_pair_diag_success_pc_pair_bucket[35][50] = 50
pc_pair_diag_success_pc_pair_bucket[35][51] = 29
pc_pair_diag_success_pc_pair_bucket[35][52] = 29
pc_pair_diag_success_pc_pair_bucket[35][53] = 32
pc_pair_diag_success_pc_pair_bucket[35][54] = 40
pc_pair_diag_success_pc_pair_bucket[35][55] = 33
pc_pair_diag_success_pc_pair_bucket[35][56] = 15
pc_pair_diag_success_pc_pair_bucket[35][57] = 7
pc_pair_diag_success_pc_pair_bucket[35][58] = 1
pc_pair_diag_success_pc_pair_bucket[35][59] = 1
pc_pair_diag_success_pc_pair_bucket[35][60] = 4
pc_pair_diag_success_pc_pair_bucket[35][61] = 36
pc_pair_diag_success_pc_pair_bucket[35][62] = 37
pc_pair_diag_success_pc_pair_bucket[35][63] = 33
pc_pair_diag_success_pc_pair_bucket[36][0] = 12
pc_pair_diag_success_pc_pair_bucket[36][1] = 19
pc_pair_diag_success_pc_pair_bucket[36][2] = 25
pc_pair_diag_success_pc_pair_bucket[36][3] = 27
pc_pair_diag_success_pc_pair_bucket[36][4] = 22
pc_pair_diag_success_pc_pair_bucket[36][5] = 2
pc_pair_diag_success_pc_pair_bucket[36][6] = 2
pc_pair_diag_success_pc_pair_bucket[36][7] = 1
pc_pair_diag_success_pc_pair_bucket[36][8] = 3
pc_pair_diag_success_pc_pair_bucket[36][9] = 2
pc_pair_diag_success_pc_pair_bucket[36][10] = 2
pc_pair_diag_success_pc_pair_bucket[36][11] = 3
pc_pair_diag_success_pc_pair_bucket[36][12] = 65
pc_pair_diag_success_pc_pair_bucket[36][13] = 113
pc_pair_diag_success_pc_pair_bucket[36][14] = 103
pc_pair_diag_success_pc_pair_bucket[36][15] = 92
pc_pair_diag_success_pc_pair_bucket[36][16] = 81
pc_pair_diag_success_pc_pair_bucket[36][17] = 76
pc_pair_diag_success_pc_pair_bucket[36][18] = 104
pc_pair_diag_success_pc_pair_bucket[36][19] = 116
pc_pair_diag_success_pc_pair_bucket[36][20] = 1
pc_pair_diag_success_pc_pair_bucket[36][22] = 1
pc_pair_diag_success_pc_pair_bucket[36][23] = 18
pc_pair_diag_success_pc_pair_bucket[36][24] = 23
pc_pair_diag_success_pc_pair_bucket[36][25] = 17
pc_pair_diag_success_pc_pair_bucket[36][26] = 23
pc_pair_diag_success_pc_pair_bucket[36][27] = 19
pc_pair_diag_success_pc_pair_bucket[36][28] = 28
pc_pair_diag_success_pc_pair_bucket[36][29] = 33
pc_pair_diag_success_pc_pair_bucket[36][30] = 21
pc_pair_diag_success_pc_pair_bucket[36][31] = 1
pc_pair_diag_success_pc_pair_bucket[36][32] = 1
pc_pair_diag_success_pc_pair_bucket[36][34] = 6
pc_pair_diag_success_pc_pair_bucket[36][35] = 7
pc_pair_diag_success_pc_pair_bucket[36][36] = 10
pc_pair_diag_success_pc_pair_bucket[36][37] = 3
pc_pair_diag_success_pc_pair_bucket[36][38] = 8
pc_pair_diag_success_pc_pair_bucket[36][39] = 29
pc_pair_diag_success_pc_pair_bucket[36][40] = 36
pc_pair_diag_success_pc_pair_bucket[36][41] = 40
pc_pair_diag_success_pc_pair_bucket[36][42] = 17
pc_pair_diag_success_pc_pair_bucket[36][43] = 27
pc_pair_diag_success_pc_pair_bucket[36][44] = 29
pc_pair_diag_success_pc_pair_bucket[36][45] = 33
pc_pair_diag_success_pc_pair_bucket[36][46] = 12
pc_pair_diag_success_pc_pair_bucket[36][47] = 4
pc_pair_diag_success_pc_pair_bucket[36][48] = 3
pc_pair_diag_success_pc_pair_bucket[36][49] = 4
pc_pair_diag_success_pc_pair_bucket[36][50] = 27
pc_pair_diag_success_pc_pair_bucket[36][51] = 41
pc_pair_diag_success_pc_pair_bucket[36][52] = 35
pc_pair_diag_success_pc_pair_bucket[36][53] = 27
pc_pair_diag_success_pc_pair_bucket[36][54] = 15
pc_pair_diag_success_pc_pair_bucket[36][55] = 22
pc_pair_diag_success_pc_pair_bucket[36][56] = 29
pc_pair_diag_success_pc_pair_bucket[36][57] = 7
pc_pair_diag_success_pc_pair_bucket[36][58] = 1
pc_pair_diag_success_pc_pair_bucket[36][59] = 1
pc_pair_diag_success_pc_pair_bucket[36][60] = 1
pc_pair_diag_success_pc_pair_bucket[36][61] = 27
pc_pair_diag_success_pc_pair_bucket[36][62] = 31
pc_pair_diag_success_pc_pair_bucket[36][63] = 23
pc_pair_diag_success_pc_pair_bucket[37][0] = 22
pc_pair_diag_success_pc_pair_bucket[37][1] = 30
pc_pair_diag_success_pc_pair_bucket[37][2] = 28
pc_pair_diag_success_pc_pair_bucket[37][3] = 6
pc_pair_diag_success_pc_pair_bucket[37][4] = 12
pc_pair_diag_success_pc_pair_bucket[37][5] = 4
pc_pair_diag_success_pc_pair_bucket[37][6] = 3
pc_pair_diag_success_pc_pair_bucket[37][7] = 3
pc_pair_diag_success_pc_pair_bucket[37][8] = 3
pc_pair_diag_success_pc_pair_bucket[37][9] = 1
pc_pair_diag_success_pc_pair_bucket[37][10] = 5
pc_pair_diag_success_pc_pair_bucket[37][11] = 6
pc_pair_diag_success_pc_pair_bucket[37][12] = 60
pc_pair_diag_success_pc_pair_bucket[37][13] = 112
pc_pair_diag_success_pc_pair_bucket[37][14] = 88
pc_pair_diag_success_pc_pair_bucket[37][15] = 111
pc_pair_diag_success_pc_pair_bucket[37][16] = 126
pc_pair_diag_success_pc_pair_bucket[37][17] = 124
pc_pair_diag_success_pc_pair_bucket[37][18] = 87
pc_pair_diag_success_pc_pair_bucket[37][19] = 74
pc_pair_diag_success_pc_pair_bucket[37][20] = 1
pc_pair_diag_success_pc_pair_bucket[37][21] = 1
pc_pair_diag_success_pc_pair_bucket[37][23] = 16
pc_pair_diag_success_pc_pair_bucket[37][24] = 26
pc_pair_diag_success_pc_pair_bucket[37][25] = 22
pc_pair_diag_success_pc_pair_bucket[37][26] = 18
pc_pair_diag_success_pc_pair_bucket[37][27] = 34
pc_pair_diag_success_pc_pair_bucket[37][28] = 28
pc_pair_diag_success_pc_pair_bucket[37][29] = 31
pc_pair_diag_success_pc_pair_bucket[37][30] = 16
pc_pair_diag_success_pc_pair_bucket[37][34] = 2
pc_pair_diag_success_pc_pair_bucket[37][35] = 11
pc_pair_diag_success_pc_pair_bucket[37][36] = 5
pc_pair_diag_success_pc_pair_bucket[37][37] = 9
pc_pair_diag_success_pc_pair_bucket[37][38] = 11
pc_pair_diag_success_pc_pair_bucket[37][39] = 41
pc_pair_diag_success_pc_pair_bucket[37][40] = 30
pc_pair_diag_success_pc_pair_bucket[37][41] = 30
pc_pair_diag_success_pc_pair_bucket[37][42] = 51
pc_pair_diag_success_pc_pair_bucket[37][43] = 33
pc_pair_diag_success_pc_pair_bucket[37][44] = 33
pc_pair_diag_success_pc_pair_bucket[37][45] = 14
pc_pair_diag_success_pc_pair_bucket[37][46] = 16
pc_pair_diag_success_pc_pair_bucket[37][47] = 1
pc_pair_diag_success_pc_pair_bucket[37][48] = 4
pc_pair_diag_success_pc_pair_bucket[37][49] = 2
pc_pair_diag_success_pc_pair_bucket[37][50] = 42
pc_pair_diag_success_pc_pair_bucket[37][51] = 30
pc_pair_diag_success_pc_pair_bucket[37][52] = 27
pc_pair_diag_success_pc_pair_bucket[37][53] = 40
pc_pair_diag_success_pc_pair_bucket[37][54] = 31
pc_pair_diag_success_pc_pair_bucket[37][55] = 27
pc_pair_diag_success_pc_pair_bucket[37][56] = 21
pc_pair_diag_success_pc_pair_bucket[37][57] = 19
pc_pair_diag_success_pc_pair_bucket[37][58] = 1
pc_pair_diag_success_pc_pair_bucket[37][61] = 35
pc_pair_diag_success_pc_pair_bucket[37][62] = 23
pc_pair_diag_success_pc_pair_bucket[37][63] = 26
pc_pair_diag_success_pc_pair_bucket[38][0] = 15
pc_pair_diag_success_pc_pair_bucket[38][1] = 18
pc_pair_diag_success_pc_pair_bucket[38][2] = 17
pc_pair_diag_success_pc_pair_bucket[38][3] = 11
pc_pair_diag_success_pc_pair_bucket[38][4] = 9
pc_pair_diag_success_pc_pair_bucket[38][5] = 1
pc_pair_diag_success_pc_pair_bucket[38][8] = 5
pc_pair_diag_success_pc_pair_bucket[38][9] = 4
pc_pair_diag_success_pc_pair_bucket[38][10] = 2
pc_pair_diag_success_pc_pair_bucket[38][11] = 3
pc_pair_diag_success_pc_pair_bucket[38][12] = 33
pc_pair_diag_success_pc_pair_bucket[38][13] = 67
pc_pair_diag_success_pc_pair_bucket[38][14] = 43
pc_pair_diag_success_pc_pair_bucket[38][15] = 40
pc_pair_diag_success_pc_pair_bucket[38][16] = 57
pc_pair_diag_success_pc_pair_bucket[38][17] = 66
pc_pair_diag_success_pc_pair_bucket[38][18] = 46
pc_pair_diag_success_pc_pair_bucket[38][19] = 60
pc_pair_diag_success_pc_pair_bucket[38][20] = 3
pc_pair_diag_success_pc_pair_bucket[38][23] = 8
pc_pair_diag_success_pc_pair_bucket[38][24] = 17
pc_pair_diag_success_pc_pair_bucket[38][25] = 20
pc_pair_diag_success_pc_pair_bucket[38][26] = 11
pc_pair_diag_success_pc_pair_bucket[38][27] = 20
pc_pair_diag_success_pc_pair_bucket[38][28] = 23
pc_pair_diag_success_pc_pair_bucket[38][29] = 33
pc_pair_diag_success_pc_pair_bucket[38][30] = 21
pc_pair_diag_success_pc_pair_bucket[38][33] = 1
pc_pair_diag_success_pc_pair_bucket[38][34] = 2
pc_pair_diag_success_pc_pair_bucket[38][35] = 11
pc_pair_diag_success_pc_pair_bucket[38][36] = 19
pc_pair_diag_success_pc_pair_bucket[38][37] = 20
pc_pair_diag_success_pc_pair_bucket[38][38] = 12
pc_pair_diag_success_pc_pair_bucket[38][39] = 21
pc_pair_diag_success_pc_pair_bucket[38][40] = 27
pc_pair_diag_success_pc_pair_bucket[38][41] = 16
pc_pair_diag_success_pc_pair_bucket[38][42] = 10
pc_pair_diag_success_pc_pair_bucket[38][43] = 21
pc_pair_diag_success_pc_pair_bucket[38][44] = 12
pc_pair_diag_success_pc_pair_bucket[38][45] = 15
pc_pair_diag_success_pc_pair_bucket[38][46] = 7
pc_pair_diag_success_pc_pair_bucket[38][47] = 4
pc_pair_diag_success_pc_pair_bucket[38][48] = 1
pc_pair_diag_success_pc_pair_bucket[38][49] = 1
pc_pair_diag_success_pc_pair_bucket[38][50] = 33
pc_pair_diag_success_pc_pair_bucket[38][51] = 24
pc_pair_diag_success_pc_pair_bucket[38][52] = 23
pc_pair_diag_success_pc_pair_bucket[38][53] = 18
pc_pair_diag_success_pc_pair_bucket[38][54] = 28
pc_pair_diag_success_pc_pair_bucket[38][55] = 29
pc_pair_diag_success_pc_pair_bucket[38][56] = 24
pc_pair_diag_success_pc_pair_bucket[38][57] = 13
pc_pair_diag_success_pc_pair_bucket[38][58] = 1
pc_pair_diag_success_pc_pair_bucket[38][59] = 1
pc_pair_diag_success_pc_pair_bucket[38][61] = 13
pc_pair_diag_success_pc_pair_bucket[38][62] = 18
pc_pair_diag_success_pc_pair_bucket[38][63] = 16
pc_pair_diag_success_pc_pair_bucket[39][0] = 40
pc_pair_diag_success_pc_pair_bucket[39][1] = 36
pc_pair_diag_success_pc_pair_bucket[39][2] = 35
pc_pair_diag_success_pc_pair_bucket[39][3] = 62
pc_pair_diag_success_pc_pair_bucket[39][4] = 23
pc_pair_diag_success_pc_pair_bucket[39][5] = 2
pc_pair_diag_success_pc_pair_bucket[39][6] = 3
pc_pair_diag_success_pc_pair_bucket[39][7] = 1
pc_pair_diag_success_pc_pair_bucket[39][8] = 9
pc_pair_diag_success_pc_pair_bucket[39][9] = 11
pc_pair_diag_success_pc_pair_bucket[39][10] = 11
pc_pair_diag_success_pc_pair_bucket[39][11] = 8
pc_pair_diag_success_pc_pair_bucket[39][12] = 47
pc_pair_diag_success_pc_pair_bucket[39][13] = 291
pc_pair_diag_success_pc_pair_bucket[39][14] = 248
pc_pair_diag_success_pc_pair_bucket[39][15] = 103
pc_pair_diag_success_pc_pair_bucket[39][16] = 116
pc_pair_diag_success_pc_pair_bucket[39][17] = 128
pc_pair_diag_success_pc_pair_bucket[39][18] = 146
pc_pair_diag_success_pc_pair_bucket[39][19] = 97
pc_pair_diag_success_pc_pair_bucket[39][20] = 3
pc_pair_diag_success_pc_pair_bucket[39][21] = 4
pc_pair_diag_success_pc_pair_bucket[39][23] = 17
pc_pair_diag_success_pc_pair_bucket[39][24] = 53
pc_pair_diag_success_pc_pair_bucket[39][25] = 48
pc_pair_diag_success_pc_pair_bucket[39][26] = 34
pc_pair_diag_success_pc_pair_bucket[39][27] = 49
pc_pair_diag_success_pc_pair_bucket[39][28] = 51
pc_pair_diag_success_pc_pair_bucket[39][29] = 54
pc_pair_diag_success_pc_pair_bucket[39][30] = 47
pc_pair_diag_success_pc_pair_bucket[39][31] = 1
pc_pair_diag_success_pc_pair_bucket[39][33] = 1
pc_pair_diag_success_pc_pair_bucket[39][34] = 14
pc_pair_diag_success_pc_pair_bucket[39][35] = 26
pc_pair_diag_success_pc_pair_bucket[39][36] = 31
pc_pair_diag_success_pc_pair_bucket[39][37] = 26
pc_pair_diag_success_pc_pair_bucket[39][38] = 29
pc_pair_diag_success_pc_pair_bucket[39][39] = 1651
pc_pair_diag_success_pc_pair_bucket[39][40] = 75
pc_pair_diag_success_pc_pair_bucket[39][41] = 68
pc_pair_diag_success_pc_pair_bucket[39][42] = 27
pc_pair_diag_success_pc_pair_bucket[39][43] = 38
pc_pair_diag_success_pc_pair_bucket[39][44] = 29
pc_pair_diag_success_pc_pair_bucket[39][45] = 40
pc_pair_diag_success_pc_pair_bucket[39][46] = 30
pc_pair_diag_success_pc_pair_bucket[39][47] = 4
pc_pair_diag_success_pc_pair_bucket[39][48] = 6
pc_pair_diag_success_pc_pair_bucket[39][49] = 7
pc_pair_diag_success_pc_pair_bucket[39][50] = 115
pc_pair_diag_success_pc_pair_bucket[39][51] = 118
pc_pair_diag_success_pc_pair_bucket[39][52] = 127
pc_pair_diag_success_pc_pair_bucket[39][53] = 73
pc_pair_diag_success_pc_pair_bucket[39][54] = 73
pc_pair_diag_success_pc_pair_bucket[39][55] = 83
pc_pair_diag_success_pc_pair_bucket[39][56] = 148
pc_pair_diag_success_pc_pair_bucket[39][57] = 49
pc_pair_diag_success_pc_pair_bucket[39][58] = 2
pc_pair_diag_success_pc_pair_bucket[39][59] = 2
pc_pair_diag_success_pc_pair_bucket[39][60] = 1
pc_pair_diag_success_pc_pair_bucket[39][61] = 21
pc_pair_diag_success_pc_pair_bucket[39][62] = 30
pc_pair_diag_success_pc_pair_bucket[39][63] = 32
pc_pair_diag_success_pc_pair_bucket[40][0] = 28
pc_pair_diag_success_pc_pair_bucket[40][1] = 34
pc_pair_diag_success_pc_pair_bucket[40][2] = 29
pc_pair_diag_success_pc_pair_bucket[40][3] = 11
pc_pair_diag_success_pc_pair_bucket[40][4] = 14
pc_pair_diag_success_pc_pair_bucket[40][5] = 3
pc_pair_diag_success_pc_pair_bucket[40][6] = 5
pc_pair_diag_success_pc_pair_bucket[40][7] = 1
pc_pair_diag_success_pc_pair_bucket[40][8] = 18
pc_pair_diag_success_pc_pair_bucket[40][9] = 4
pc_pair_diag_success_pc_pair_bucket[40][10] = 13
pc_pair_diag_success_pc_pair_bucket[40][11] = 13
pc_pair_diag_success_pc_pair_bucket[40][12] = 36
pc_pair_diag_success_pc_pair_bucket[40][13] = 68
pc_pair_diag_success_pc_pair_bucket[40][14] = 58
pc_pair_diag_success_pc_pair_bucket[40][15] = 190
pc_pair_diag_success_pc_pair_bucket[40][16] = 56
pc_pair_diag_success_pc_pair_bucket[40][17] = 46
pc_pair_diag_success_pc_pair_bucket[40][18] = 54
pc_pair_diag_success_pc_pair_bucket[40][19] = 23
pc_pair_diag_success_pc_pair_bucket[40][20] = 1
pc_pair_diag_success_pc_pair_bucket[40][22] = 1
pc_pair_diag_success_pc_pair_bucket[40][23] = 24
pc_pair_diag_success_pc_pair_bucket[40][24] = 32
pc_pair_diag_success_pc_pair_bucket[40][25] = 30
pc_pair_diag_success_pc_pair_bucket[40][26] = 39
pc_pair_diag_success_pc_pair_bucket[40][27] = 36
pc_pair_diag_success_pc_pair_bucket[40][28] = 39
pc_pair_diag_success_pc_pair_bucket[40][29] = 33
pc_pair_diag_success_pc_pair_bucket[40][30] = 14
pc_pair_diag_success_pc_pair_bucket[40][31] = 1
pc_pair_diag_success_pc_pair_bucket[40][32] = 1
pc_pair_diag_success_pc_pair_bucket[40][33] = 1
pc_pair_diag_success_pc_pair_bucket[40][34] = 7
pc_pair_diag_success_pc_pair_bucket[40][35] = 16
pc_pair_diag_success_pc_pair_bucket[40][36] = 17
pc_pair_diag_success_pc_pair_bucket[40][37] = 20
pc_pair_diag_success_pc_pair_bucket[40][38] = 16
pc_pair_diag_success_pc_pair_bucket[40][39] = 33
pc_pair_diag_success_pc_pair_bucket[40][40] = 26
pc_pair_diag_success_pc_pair_bucket[40][41] = 18
pc_pair_diag_success_pc_pair_bucket[40][42] = 8
pc_pair_diag_success_pc_pair_bucket[40][43] = 13
pc_pair_diag_success_pc_pair_bucket[40][44] = 11
pc_pair_diag_success_pc_pair_bucket[40][45] = 7
pc_pair_diag_success_pc_pair_bucket[40][46] = 17
pc_pair_diag_success_pc_pair_bucket[40][47] = 3
pc_pair_diag_success_pc_pair_bucket[40][48] = 6
pc_pair_diag_success_pc_pair_bucket[40][49] = 10
pc_pair_diag_success_pc_pair_bucket[40][50] = 137
pc_pair_diag_success_pc_pair_bucket[40][51] = 132
pc_pair_diag_success_pc_pair_bucket[40][52] = 91
pc_pair_diag_success_pc_pair_bucket[40][53] = 102
pc_pair_diag_success_pc_pair_bucket[40][54] = 105
pc_pair_diag_success_pc_pair_bucket[40][55] = 114
pc_pair_diag_success_pc_pair_bucket[40][56] = 33
pc_pair_diag_success_pc_pair_bucket[40][57] = 32
pc_pair_diag_success_pc_pair_bucket[40][60] = 2
pc_pair_diag_success_pc_pair_bucket[40][61] = 37
pc_pair_diag_success_pc_pair_bucket[40][62] = 20
pc_pair_diag_success_pc_pair_bucket[40][63] = 33
pc_pair_diag_success_pc_pair_bucket[41][0] = 33
pc_pair_diag_success_pc_pair_bucket[41][1] = 22
pc_pair_diag_success_pc_pair_bucket[41][2] = 27
pc_pair_diag_success_pc_pair_bucket[41][3] = 20
pc_pair_diag_success_pc_pair_bucket[41][4] = 13
pc_pair_diag_success_pc_pair_bucket[41][6] = 5
pc_pair_diag_success_pc_pair_bucket[41][7] = 2
pc_pair_diag_success_pc_pair_bucket[41][8] = 10
pc_pair_diag_success_pc_pair_bucket[41][9] = 9
pc_pair_diag_success_pc_pair_bucket[41][10] = 10
pc_pair_diag_success_pc_pair_bucket[41][11] = 10
pc_pair_diag_success_pc_pair_bucket[41][12] = 46
pc_pair_diag_success_pc_pair_bucket[41][13] = 65
pc_pair_diag_success_pc_pair_bucket[41][14] = 70
pc_pair_diag_success_pc_pair_bucket[41][15] = 70
pc_pair_diag_success_pc_pair_bucket[41][16] = 160
pc_pair_diag_success_pc_pair_bucket[41][17] = 105
pc_pair_diag_success_pc_pair_bucket[41][18] = 69
pc_pair_diag_success_pc_pair_bucket[41][19] = 54
pc_pair_diag_success_pc_pair_bucket[41][20] = 2
pc_pair_diag_success_pc_pair_bucket[41][21] = 3
pc_pair_diag_success_pc_pair_bucket[41][22] = 2
pc_pair_diag_success_pc_pair_bucket[41][23] = 32
pc_pair_diag_success_pc_pair_bucket[41][24] = 27
pc_pair_diag_success_pc_pair_bucket[41][25] = 21
pc_pair_diag_success_pc_pair_bucket[41][26] = 27
pc_pair_diag_success_pc_pair_bucket[41][27] = 19
pc_pair_diag_success_pc_pair_bucket[41][28] = 31
pc_pair_diag_success_pc_pair_bucket[41][29] = 33
pc_pair_diag_success_pc_pair_bucket[41][30] = 28
pc_pair_diag_success_pc_pair_bucket[41][31] = 2
pc_pair_diag_success_pc_pair_bucket[41][32] = 1
pc_pair_diag_success_pc_pair_bucket[41][33] = 1
pc_pair_diag_success_pc_pair_bucket[41][34] = 6
pc_pair_diag_success_pc_pair_bucket[41][35] = 12
pc_pair_diag_success_pc_pair_bucket[41][36] = 19
pc_pair_diag_success_pc_pair_bucket[41][37] = 20
pc_pair_diag_success_pc_pair_bucket[41][38] = 6
pc_pair_diag_success_pc_pair_bucket[41][39] = 33
pc_pair_diag_success_pc_pair_bucket[41][40] = 28
pc_pair_diag_success_pc_pair_bucket[41][41] = 18
pc_pair_diag_success_pc_pair_bucket[41][42] = 13
pc_pair_diag_success_pc_pair_bucket[41][43] = 9
pc_pair_diag_success_pc_pair_bucket[41][44] = 14
pc_pair_diag_success_pc_pair_bucket[41][45] = 13
pc_pair_diag_success_pc_pair_bucket[41][46] = 12
pc_pair_diag_success_pc_pair_bucket[41][47] = 6
pc_pair_diag_success_pc_pair_bucket[41][48] = 6
pc_pair_diag_success_pc_pair_bucket[41][49] = 5
pc_pair_diag_success_pc_pair_bucket[41][50] = 138
pc_pair_diag_success_pc_pair_bucket[41][51] = 83
pc_pair_diag_success_pc_pair_bucket[41][52] = 87
pc_pair_diag_success_pc_pair_bucket[41][53] = 126
pc_pair_diag_success_pc_pair_bucket[41][54] = 82
pc_pair_diag_success_pc_pair_bucket[41][55] = 117
pc_pair_diag_success_pc_pair_bucket[41][56] = 94
pc_pair_diag_success_pc_pair_bucket[41][57] = 71
pc_pair_diag_success_pc_pair_bucket[41][58] = 2
pc_pair_diag_success_pc_pair_bucket[41][61] = 26
pc_pair_diag_success_pc_pair_bucket[41][62] = 26
pc_pair_diag_success_pc_pair_bucket[41][63] = 24
pc_pair_diag_success_pc_pair_bucket[42][0] = 41
pc_pair_diag_success_pc_pair_bucket[42][1] = 19
pc_pair_diag_success_pc_pair_bucket[42][2] = 32
pc_pair_diag_success_pc_pair_bucket[42][3] = 24
pc_pair_diag_success_pc_pair_bucket[42][4] = 7
pc_pair_diag_success_pc_pair_bucket[42][5] = 4
pc_pair_diag_success_pc_pair_bucket[42][7] = 1
pc_pair_diag_success_pc_pair_bucket[42][8] = 12
pc_pair_diag_success_pc_pair_bucket[42][9] = 12
pc_pair_diag_success_pc_pair_bucket[42][10] = 6
pc_pair_diag_success_pc_pair_bucket[42][11] = 14
pc_pair_diag_success_pc_pair_bucket[42][12] = 25
pc_pair_diag_success_pc_pair_bucket[42][13] = 69
pc_pair_diag_success_pc_pair_bucket[42][14] = 62
pc_pair_diag_success_pc_pair_bucket[42][15] = 69
pc_pair_diag_success_pc_pair_bucket[42][16] = 42
pc_pair_diag_success_pc_pair_bucket[42][17] = 214
pc_pair_diag_success_pc_pair_bucket[42][18] = 49
pc_pair_diag_success_pc_pair_bucket[42][19] = 50
pc_pair_diag_success_pc_pair_bucket[42][20] = 2
pc_pair_diag_success_pc_pair_bucket[42][21] = 1
pc_pair_diag_success_pc_pair_bucket[42][23] = 12
pc_pair_diag_success_pc_pair_bucket[42][24] = 39
pc_pair_diag_success_pc_pair_bucket[42][25] = 41
pc_pair_diag_success_pc_pair_bucket[42][26] = 27
pc_pair_diag_success_pc_pair_bucket[42][27] = 39
pc_pair_diag_success_pc_pair_bucket[42][28] = 28
pc_pair_diag_success_pc_pair_bucket[42][29] = 27
pc_pair_diag_success_pc_pair_bucket[42][30] = 21
pc_pair_diag_success_pc_pair_bucket[42][31] = 1
pc_pair_diag_success_pc_pair_bucket[42][34] = 6
pc_pair_diag_success_pc_pair_bucket[42][35] = 11
pc_pair_diag_success_pc_pair_bucket[42][36] = 14
pc_pair_diag_success_pc_pair_bucket[42][37] = 25
pc_pair_diag_success_pc_pair_bucket[42][38] = 15
pc_pair_diag_success_pc_pair_bucket[42][39] = 21
pc_pair_diag_success_pc_pair_bucket[42][40] = 27
pc_pair_diag_success_pc_pair_bucket[42][41] = 21
pc_pair_diag_success_pc_pair_bucket[42][42] = 7
pc_pair_diag_success_pc_pair_bucket[42][43] = 11
pc_pair_diag_success_pc_pair_bucket[42][44] = 6
pc_pair_diag_success_pc_pair_bucket[42][45] = 7
pc_pair_diag_success_pc_pair_bucket[42][46] = 10
pc_pair_diag_success_pc_pair_bucket[42][47] = 2
pc_pair_diag_success_pc_pair_bucket[42][48] = 5
pc_pair_diag_success_pc_pair_bucket[42][49] = 5
pc_pair_diag_success_pc_pair_bucket[42][50] = 81
pc_pair_diag_success_pc_pair_bucket[42][51] = 110
pc_pair_diag_success_pc_pair_bucket[42][52] = 100
pc_pair_diag_success_pc_pair_bucket[42][53] = 92
pc_pair_diag_success_pc_pair_bucket[42][54] = 90
pc_pair_diag_success_pc_pair_bucket[42][55] = 93
pc_pair_diag_success_pc_pair_bucket[42][56] = 81
pc_pair_diag_success_pc_pair_bucket[42][57] = 65
pc_pair_diag_success_pc_pair_bucket[42][61] = 23
pc_pair_diag_success_pc_pair_bucket[42][62] = 39
pc_pair_diag_success_pc_pair_bucket[42][63] = 33
pc_pair_diag_success_pc_pair_bucket[43][0] = 25
pc_pair_diag_success_pc_pair_bucket[43][1] = 33
pc_pair_diag_success_pc_pair_bucket[43][2] = 26
pc_pair_diag_success_pc_pair_bucket[43][3] = 32
pc_pair_diag_success_pc_pair_bucket[43][4] = 17
pc_pair_diag_success_pc_pair_bucket[43][5] = 2
pc_pair_diag_success_pc_pair_bucket[43][6] = 4
pc_pair_diag_success_pc_pair_bucket[43][7] = 1
pc_pair_diag_success_pc_pair_bucket[43][8] = 13
pc_pair_diag_success_pc_pair_bucket[43][9] = 14
pc_pair_diag_success_pc_pair_bucket[43][10] = 10
pc_pair_diag_success_pc_pair_bucket[43][11] = 10
pc_pair_diag_success_pc_pair_bucket[43][12] = 25
pc_pair_diag_success_pc_pair_bucket[43][13] = 87
pc_pair_diag_success_pc_pair_bucket[43][14] = 75
pc_pair_diag_success_pc_pair_bucket[43][15] = 49
pc_pair_diag_success_pc_pair_bucket[43][16] = 71
pc_pair_diag_success_pc_pair_bucket[43][17] = 91
pc_pair_diag_success_pc_pair_bucket[43][18] = 76
pc_pair_diag_success_pc_pair_bucket[43][19] = 64
pc_pair_diag_success_pc_pair_bucket[43][20] = 1
pc_pair_diag_success_pc_pair_bucket[43][23] = 13
pc_pair_diag_success_pc_pair_bucket[43][24] = 38
pc_pair_diag_success_pc_pair_bucket[43][25] = 41
pc_pair_diag_success_pc_pair_bucket[43][26] = 30
pc_pair_diag_success_pc_pair_bucket[43][27] = 33
pc_pair_diag_success_pc_pair_bucket[43][28] = 26
pc_pair_diag_success_pc_pair_bucket[43][29] = 30
pc_pair_diag_success_pc_pair_bucket[43][30] = 39
pc_pair_diag_success_pc_pair_bucket[43][34] = 4
pc_pair_diag_success_pc_pair_bucket[43][35] = 9
pc_pair_diag_success_pc_pair_bucket[43][36] = 17
pc_pair_diag_success_pc_pair_bucket[43][37] = 17
pc_pair_diag_success_pc_pair_bucket[43][38] = 18
pc_pair_diag_success_pc_pair_bucket[43][39] = 30
pc_pair_diag_success_pc_pair_bucket[43][40] = 25
pc_pair_diag_success_pc_pair_bucket[43][41] = 47
pc_pair_diag_success_pc_pair_bucket[43][42] = 6
pc_pair_diag_success_pc_pair_bucket[43][43] = 5
pc_pair_diag_success_pc_pair_bucket[43][44] = 10
pc_pair_diag_success_pc_pair_bucket[43][45] = 17
pc_pair_diag_success_pc_pair_bucket[43][46] = 12
pc_pair_diag_success_pc_pair_bucket[43][47] = 6
pc_pair_diag_success_pc_pair_bucket[43][48] = 4
pc_pair_diag_success_pc_pair_bucket[43][49] = 7
pc_pair_diag_success_pc_pair_bucket[43][50] = 89
pc_pair_diag_success_pc_pair_bucket[43][51] = 114
pc_pair_diag_success_pc_pair_bucket[43][52] = 121
pc_pair_diag_success_pc_pair_bucket[43][53] = 106
pc_pair_diag_success_pc_pair_bucket[43][54] = 120
pc_pair_diag_success_pc_pair_bucket[43][55] = 74
pc_pair_diag_success_pc_pair_bucket[43][56] = 98
pc_pair_diag_success_pc_pair_bucket[43][57] = 62
pc_pair_diag_success_pc_pair_bucket[43][61] = 19
pc_pair_diag_success_pc_pair_bucket[43][62] = 28
pc_pair_diag_success_pc_pair_bucket[43][63] = 29
pc_pair_diag_success_pc_pair_bucket[44][0] = 9
pc_pair_diag_success_pc_pair_bucket[44][1] = 14
pc_pair_diag_success_pc_pair_bucket[44][2] = 20
pc_pair_diag_success_pc_pair_bucket[44][3] = 9
pc_pair_diag_success_pc_pair_bucket[44][4] = 4
pc_pair_diag_success_pc_pair_bucket[44][5] = 1
pc_pair_diag_success_pc_pair_bucket[44][6] = 1
pc_pair_diag_success_pc_pair_bucket[44][8] = 4
pc_pair_diag_success_pc_pair_bucket[44][9] = 3
pc_pair_diag_success_pc_pair_bucket[44][10] = 6
pc_pair_diag_success_pc_pair_bucket[44][11] = 7
pc_pair_diag_success_pc_pair_bucket[44][12] = 24
pc_pair_diag_success_pc_pair_bucket[44][13] = 23
pc_pair_diag_success_pc_pair_bucket[44][14] = 39
pc_pair_diag_success_pc_pair_bucket[44][15] = 27
pc_pair_diag_success_pc_pair_bucket[44][16] = 28
pc_pair_diag_success_pc_pair_bucket[44][17] = 31
pc_pair_diag_success_pc_pair_bucket[44][18] = 35
pc_pair_diag_success_pc_pair_bucket[44][19] = 19
pc_pair_diag_success_pc_pair_bucket[44][20] = 1
pc_pair_diag_success_pc_pair_bucket[44][21] = 1
pc_pair_diag_success_pc_pair_bucket[44][23] = 15
pc_pair_diag_success_pc_pair_bucket[44][24] = 29
pc_pair_diag_success_pc_pair_bucket[44][25] = 37
pc_pair_diag_success_pc_pair_bucket[44][26] = 56
pc_pair_diag_success_pc_pair_bucket[44][27] = 34
pc_pair_diag_success_pc_pair_bucket[44][28] = 48
pc_pair_diag_success_pc_pair_bucket[44][29] = 45
pc_pair_diag_success_pc_pair_bucket[44][30] = 32
pc_pair_diag_success_pc_pair_bucket[44][31] = 1
pc_pair_diag_success_pc_pair_bucket[44][32] = 1
pc_pair_diag_success_pc_pair_bucket[44][34] = 7
pc_pair_diag_success_pc_pair_bucket[44][35] = 5
pc_pair_diag_success_pc_pair_bucket[44][36] = 8
pc_pair_diag_success_pc_pair_bucket[44][37] = 11
pc_pair_diag_success_pc_pair_bucket[44][38] = 8
pc_pair_diag_success_pc_pair_bucket[44][39] = 9
pc_pair_diag_success_pc_pair_bucket[44][40] = 11
pc_pair_diag_success_pc_pair_bucket[44][41] = 7
pc_pair_diag_success_pc_pair_bucket[44][43] = 9
pc_pair_diag_success_pc_pair_bucket[44][44] = 3
pc_pair_diag_success_pc_pair_bucket[44][45] = 7
pc_pair_diag_success_pc_pair_bucket[44][46] = 4
pc_pair_diag_success_pc_pair_bucket[44][47] = 1
pc_pair_diag_success_pc_pair_bucket[44][48] = 4
pc_pair_diag_success_pc_pair_bucket[44][49] = 4
pc_pair_diag_success_pc_pair_bucket[44][50] = 80
pc_pair_diag_success_pc_pair_bucket[44][51] = 85
pc_pair_diag_success_pc_pair_bucket[44][52] = 52
pc_pair_diag_success_pc_pair_bucket[44][53] = 102
pc_pair_diag_success_pc_pair_bucket[44][54] = 70
pc_pair_diag_success_pc_pair_bucket[44][55] = 100
pc_pair_diag_success_pc_pair_bucket[44][56] = 71
pc_pair_diag_success_pc_pair_bucket[44][57] = 48
pc_pair_diag_success_pc_pair_bucket[44][58] = 3
pc_pair_diag_success_pc_pair_bucket[44][61] = 9
pc_pair_diag_success_pc_pair_bucket[44][62] = 12
pc_pair_diag_success_pc_pair_bucket[44][63] = 11
pc_pair_diag_success_pc_pair_bucket[45][0] = 15
pc_pair_diag_success_pc_pair_bucket[45][1] = 11
pc_pair_diag_success_pc_pair_bucket[45][2] = 18
pc_pair_diag_success_pc_pair_bucket[45][3] = 29
pc_pair_diag_success_pc_pair_bucket[45][4] = 13
pc_pair_diag_success_pc_pair_bucket[45][5] = 1
pc_pair_diag_success_pc_pair_bucket[45][7] = 1
pc_pair_diag_success_pc_pair_bucket[45][8] = 6
pc_pair_diag_success_pc_pair_bucket[45][9] = 5
pc_pair_diag_success_pc_pair_bucket[45][10] = 7
pc_pair_diag_success_pc_pair_bucket[45][11] = 7
pc_pair_diag_success_pc_pair_bucket[45][12] = 31
pc_pair_diag_success_pc_pair_bucket[45][13] = 42
pc_pair_diag_success_pc_pair_bucket[45][14] = 50
pc_pair_diag_success_pc_pair_bucket[45][15] = 39
pc_pair_diag_success_pc_pair_bucket[45][16] = 32
pc_pair_diag_success_pc_pair_bucket[45][17] = 30
pc_pair_diag_success_pc_pair_bucket[45][18] = 42
pc_pair_diag_success_pc_pair_bucket[45][19] = 50
pc_pair_diag_success_pc_pair_bucket[45][20] = 4
pc_pair_diag_success_pc_pair_bucket[45][21] = 1
pc_pair_diag_success_pc_pair_bucket[45][22] = 2
pc_pair_diag_success_pc_pair_bucket[45][23] = 23
pc_pair_diag_success_pc_pair_bucket[45][24] = 40
pc_pair_diag_success_pc_pair_bucket[45][25] = 34
pc_pair_diag_success_pc_pair_bucket[45][26] = 36
pc_pair_diag_success_pc_pair_bucket[45][27] = 58
pc_pair_diag_success_pc_pair_bucket[45][28] = 38
pc_pair_diag_success_pc_pair_bucket[45][29] = 54
pc_pair_diag_success_pc_pair_bucket[45][30] = 51
pc_pair_diag_success_pc_pair_bucket[45][31] = 4
pc_pair_diag_success_pc_pair_bucket[45][34] = 4
pc_pair_diag_success_pc_pair_bucket[45][35] = 16
pc_pair_diag_success_pc_pair_bucket[45][36] = 11
pc_pair_diag_success_pc_pair_bucket[45][37] = 8
pc_pair_diag_success_pc_pair_bucket[45][38] = 14
pc_pair_diag_success_pc_pair_bucket[45][39] = 12
pc_pair_diag_success_pc_pair_bucket[45][40] = 16
pc_pair_diag_success_pc_pair_bucket[45][41] = 15
pc_pair_diag_success_pc_pair_bucket[45][42] = 8
pc_pair_diag_success_pc_pair_bucket[45][44] = 8
pc_pair_diag_success_pc_pair_bucket[45][45] = 9
pc_pair_diag_success_pc_pair_bucket[45][46] = 6
pc_pair_diag_success_pc_pair_bucket[45][47] = 3
pc_pair_diag_success_pc_pair_bucket[45][48] = 1
pc_pair_diag_success_pc_pair_bucket[45][49] = 3
pc_pair_diag_success_pc_pair_bucket[45][50] = 99
pc_pair_diag_success_pc_pair_bucket[45][51] = 68
pc_pair_diag_success_pc_pair_bucket[45][52] = 108
pc_pair_diag_success_pc_pair_bucket[45][53] = 60
pc_pair_diag_success_pc_pair_bucket[45][54] = 101
pc_pair_diag_success_pc_pair_bucket[45][55] = 77
pc_pair_diag_success_pc_pair_bucket[45][56] = 89
pc_pair_diag_success_pc_pair_bucket[45][57] = 64
pc_pair_diag_success_pc_pair_bucket[45][59] = 1
pc_pair_diag_success_pc_pair_bucket[45][60] = 2
pc_pair_diag_success_pc_pair_bucket[45][61] = 10
pc_pair_diag_success_pc_pair_bucket[45][62] = 15
pc_pair_diag_success_pc_pair_bucket[45][63] = 19
pc_pair_diag_success_pc_pair_bucket[46][0] = 17
pc_pair_diag_success_pc_pair_bucket[46][1] = 21
pc_pair_diag_success_pc_pair_bucket[46][2] = 15
pc_pair_diag_success_pc_pair_bucket[46][3] = 14
pc_pair_diag_success_pc_pair_bucket[46][4] = 2
pc_pair_diag_success_pc_pair_bucket[46][8] = 8
pc_pair_diag_success_pc_pair_bucket[46][9] = 3
pc_pair_diag_success_pc_pair_bucket[46][10] = 4
pc_pair_diag_success_pc_pair_bucket[46][11] = 6
pc_pair_diag_success_pc_pair_bucket[46][12] = 23
pc_pair_diag_success_pc_pair_bucket[46][13] = 29
pc_pair_diag_success_pc_pair_bucket[46][14] = 28
pc_pair_diag_success_pc_pair_bucket[46][15] = 32
pc_pair_diag_success_pc_pair_bucket[46][16] = 23
pc_pair_diag_success_pc_pair_bucket[46][17] = 23
pc_pair_diag_success_pc_pair_bucket[46][18] = 21
pc_pair_diag_success_pc_pair_bucket[46][19] = 10
pc_pair_diag_success_pc_pair_bucket[46][20] = 1
pc_pair_diag_success_pc_pair_bucket[46][21] = 1
pc_pair_diag_success_pc_pair_bucket[46][23] = 17
pc_pair_diag_success_pc_pair_bucket[46][24] = 27
pc_pair_diag_success_pc_pair_bucket[46][25] = 27
pc_pair_diag_success_pc_pair_bucket[46][26] = 31
pc_pair_diag_success_pc_pair_bucket[46][27] = 25
pc_pair_diag_success_pc_pair_bucket[46][28] = 30
pc_pair_diag_success_pc_pair_bucket[46][29] = 30
pc_pair_diag_success_pc_pair_bucket[46][30] = 5
pc_pair_diag_success_pc_pair_bucket[46][31] = 1
pc_pair_diag_success_pc_pair_bucket[46][32] = 1
pc_pair_diag_success_pc_pair_bucket[46][33] = 2
pc_pair_diag_success_pc_pair_bucket[46][34] = 9
pc_pair_diag_success_pc_pair_bucket[46][35] = 7
pc_pair_diag_success_pc_pair_bucket[46][36] = 14
pc_pair_diag_success_pc_pair_bucket[46][37] = 13
pc_pair_diag_success_pc_pair_bucket[46][38] = 8
pc_pair_diag_success_pc_pair_bucket[46][39] = 8
pc_pair_diag_success_pc_pair_bucket[46][40] = 13
pc_pair_diag_success_pc_pair_bucket[46][41] = 6
pc_pair_diag_success_pc_pair_bucket[46][42] = 2
pc_pair_diag_success_pc_pair_bucket[46][43] = 2
pc_pair_diag_success_pc_pair_bucket[46][44] = 2
pc_pair_diag_success_pc_pair_bucket[46][45] = 4
pc_pair_diag_success_pc_pair_bucket[46][46] = 6
pc_pair_diag_success_pc_pair_bucket[46][47] = 1
pc_pair_diag_success_pc_pair_bucket[46][48] = 4
pc_pair_diag_success_pc_pair_bucket[46][49] = 3
pc_pair_diag_success_pc_pair_bucket[46][50] = 58
pc_pair_diag_success_pc_pair_bucket[46][51] = 52
pc_pair_diag_success_pc_pair_bucket[46][52] = 53
pc_pair_diag_success_pc_pair_bucket[46][53] = 59
pc_pair_diag_success_pc_pair_bucket[46][54] = 67
pc_pair_diag_success_pc_pair_bucket[46][55] = 55
pc_pair_diag_success_pc_pair_bucket[46][56] = 36
pc_pair_diag_success_pc_pair_bucket[46][57] = 6
pc_pair_diag_success_pc_pair_bucket[46][58] = 1
pc_pair_diag_success_pc_pair_bucket[46][61] = 16
pc_pair_diag_success_pc_pair_bucket[46][62] = 19
pc_pair_diag_success_pc_pair_bucket[46][63] = 16
pc_pair_diag_success_pc_pair_bucket[47][0] = 20
pc_pair_diag_success_pc_pair_bucket[47][1] = 18
pc_pair_diag_success_pc_pair_bucket[47][2] = 20
pc_pair_diag_success_pc_pair_bucket[47][3] = 27
pc_pair_diag_success_pc_pair_bucket[47][4] = 12
pc_pair_diag_success_pc_pair_bucket[47][5] = 1
pc_pair_diag_success_pc_pair_bucket[47][6] = 5
pc_pair_diag_success_pc_pair_bucket[47][7] = 2
pc_pair_diag_success_pc_pair_bucket[47][8] = 7
pc_pair_diag_success_pc_pair_bucket[47][9] = 14
pc_pair_diag_success_pc_pair_bucket[47][10] = 10
pc_pair_diag_success_pc_pair_bucket[47][11] = 4
pc_pair_diag_success_pc_pair_bucket[47][12] = 23
pc_pair_diag_success_pc_pair_bucket[47][13] = 51
pc_pair_diag_success_pc_pair_bucket[47][14] = 57
pc_pair_diag_success_pc_pair_bucket[47][15] = 31
pc_pair_diag_success_pc_pair_bucket[47][16] = 36
pc_pair_diag_success_pc_pair_bucket[47][17] = 31
pc_pair_diag_success_pc_pair_bucket[47][18] = 40
pc_pair_diag_success_pc_pair_bucket[47][19] = 56
pc_pair_diag_success_pc_pair_bucket[47][20] = 6
pc_pair_diag_success_pc_pair_bucket[47][21] = 3
pc_pair_diag_success_pc_pair_bucket[47][23] = 29
pc_pair_diag_success_pc_pair_bucket[47][24] = 69
pc_pair_diag_success_pc_pair_bucket[47][25] = 95
pc_pair_diag_success_pc_pair_bucket[47][26] = 49
pc_pair_diag_success_pc_pair_bucket[47][27] = 62
pc_pair_diag_success_pc_pair_bucket[47][28] = 44
pc_pair_diag_success_pc_pair_bucket[47][29] = 48
pc_pair_diag_success_pc_pair_bucket[47][30] = 46
pc_pair_diag_success_pc_pair_bucket[47][34] = 8
pc_pair_diag_success_pc_pair_bucket[47][35] = 19
pc_pair_diag_success_pc_pair_bucket[47][36] = 22
pc_pair_diag_success_pc_pair_bucket[47][37] = 14
pc_pair_diag_success_pc_pair_bucket[47][38] = 14
pc_pair_diag_success_pc_pair_bucket[47][39] = 14
pc_pair_diag_success_pc_pair_bucket[47][40] = 25
pc_pair_diag_success_pc_pair_bucket[47][41] = 26
pc_pair_diag_success_pc_pair_bucket[47][42] = 6
pc_pair_diag_success_pc_pair_bucket[47][43] = 4
pc_pair_diag_success_pc_pair_bucket[47][44] = 2
pc_pair_diag_success_pc_pair_bucket[47][45] = 8
pc_pair_diag_success_pc_pair_bucket[47][46] = 9
pc_pair_diag_success_pc_pair_bucket[47][47] = 3
pc_pair_diag_success_pc_pair_bucket[47][48] = 4
pc_pair_diag_success_pc_pair_bucket[47][49] = 5
pc_pair_diag_success_pc_pair_bucket[47][50] = 93
pc_pair_diag_success_pc_pair_bucket[47][51] = 165
pc_pair_diag_success_pc_pair_bucket[47][52] = 109
pc_pair_diag_success_pc_pair_bucket[47][53] = 92
pc_pair_diag_success_pc_pair_bucket[47][54] = 76
pc_pair_diag_success_pc_pair_bucket[47][55] = 88
pc_pair_diag_success_pc_pair_bucket[47][56] = 132
pc_pair_diag_success_pc_pair_bucket[47][57] = 54
pc_pair_diag_success_pc_pair_bucket[47][60] = 2
pc_pair_diag_success_pc_pair_bucket[47][61] = 19
pc_pair_diag_success_pc_pair_bucket[47][62] = 30
pc_pair_diag_success_pc_pair_bucket[47][63] = 33
pc_pair_diag_success_pc_pair_bucket[48][0] = 35
pc_pair_diag_success_pc_pair_bucket[48][1] = 32
pc_pair_diag_success_pc_pair_bucket[48][2] = 24
pc_pair_diag_success_pc_pair_bucket[48][3] = 12
pc_pair_diag_success_pc_pair_bucket[48][4] = 10
pc_pair_diag_success_pc_pair_bucket[48][5] = 3
pc_pair_diag_success_pc_pair_bucket[48][6] = 2
pc_pair_diag_success_pc_pair_bucket[48][8] = 14
pc_pair_diag_success_pc_pair_bucket[48][9] = 7
pc_pair_diag_success_pc_pair_bucket[48][10] = 8
pc_pair_diag_success_pc_pair_bucket[48][11] = 11
pc_pair_diag_success_pc_pair_bucket[48][12] = 35
pc_pair_diag_success_pc_pair_bucket[48][13] = 57
pc_pair_diag_success_pc_pair_bucket[48][14] = 47
pc_pair_diag_success_pc_pair_bucket[48][15] = 49
pc_pair_diag_success_pc_pair_bucket[48][16] = 39
pc_pair_diag_success_pc_pair_bucket[48][17] = 48
pc_pair_diag_success_pc_pair_bucket[48][18] = 38
pc_pair_diag_success_pc_pair_bucket[48][19] = 29
pc_pair_diag_success_pc_pair_bucket[48][20] = 4
pc_pair_diag_success_pc_pair_bucket[48][21] = 4
pc_pair_diag_success_pc_pair_bucket[48][22] = 3
pc_pair_diag_success_pc_pair_bucket[48][23] = 43
pc_pair_diag_success_pc_pair_bucket[48][24] = 74
pc_pair_diag_success_pc_pair_bucket[48][25] = 57
pc_pair_diag_success_pc_pair_bucket[48][26] = 78
pc_pair_diag_success_pc_pair_bucket[48][27] = 78
pc_pair_diag_success_pc_pair_bucket[48][28] = 79
pc_pair_diag_success_pc_pair_bucket[48][29] = 45
pc_pair_diag_success_pc_pair_bucket[48][30] = 29
pc_pair_diag_success_pc_pair_bucket[48][31] = 3
pc_pair_diag_success_pc_pair_bucket[48][32] = 2
pc_pair_diag_success_pc_pair_bucket[48][33] = 1
pc_pair_diag_success_pc_pair_bucket[48][34] = 13
pc_pair_diag_success_pc_pair_bucket[48][35] = 26
pc_pair_diag_success_pc_pair_bucket[48][36] = 12
pc_pair_diag_success_pc_pair_bucket[48][37] = 18
pc_pair_diag_success_pc_pair_bucket[48][38] = 18
pc_pair_diag_success_pc_pair_bucket[48][39] = 20
pc_pair_diag_success_pc_pair_bucket[48][40] = 15
pc_pair_diag_success_pc_pair_bucket[48][41] = 11
pc_pair_diag_success_pc_pair_bucket[48][42] = 6
pc_pair_diag_success_pc_pair_bucket[48][43] = 4
pc_pair_diag_success_pc_pair_bucket[48][44] = 6
pc_pair_diag_success_pc_pair_bucket[48][45] = 4
pc_pair_diag_success_pc_pair_bucket[48][46] = 6
pc_pair_diag_success_pc_pair_bucket[48][47] = 5
pc_pair_diag_success_pc_pair_bucket[48][48] = 5
pc_pair_diag_success_pc_pair_bucket[48][49] = 7
pc_pair_diag_success_pc_pair_bucket[48][50] = 140
pc_pair_diag_success_pc_pair_bucket[48][51] = 71
pc_pair_diag_success_pc_pair_bucket[48][52] = 141
pc_pair_diag_success_pc_pair_bucket[48][53] = 108
pc_pair_diag_success_pc_pair_bucket[48][54] = 125
pc_pair_diag_success_pc_pair_bucket[48][55] = 107
pc_pair_diag_success_pc_pair_bucket[48][56] = 47
pc_pair_diag_success_pc_pair_bucket[48][57] = 40
pc_pair_diag_success_pc_pair_bucket[48][58] = 4
pc_pair_diag_success_pc_pair_bucket[48][61] = 38
pc_pair_diag_success_pc_pair_bucket[48][62] = 26
pc_pair_diag_success_pc_pair_bucket[48][63] = 18
pc_pair_diag_success_pc_pair_bucket[49][0] = 21
pc_pair_diag_success_pc_pair_bucket[49][1] = 19
pc_pair_diag_success_pc_pair_bucket[49][2] = 21
pc_pair_diag_success_pc_pair_bucket[49][3] = 16
pc_pair_diag_success_pc_pair_bucket[49][4] = 5
pc_pair_diag_success_pc_pair_bucket[49][7] = 1
pc_pair_diag_success_pc_pair_bucket[49][8] = 6
pc_pair_diag_success_pc_pair_bucket[49][9] = 5
pc_pair_diag_success_pc_pair_bucket[49][10] = 5
pc_pair_diag_success_pc_pair_bucket[49][11] = 3
pc_pair_diag_success_pc_pair_bucket[49][12] = 18
pc_pair_diag_success_pc_pair_bucket[49][13] = 26
pc_pair_diag_success_pc_pair_bucket[49][14] = 34
pc_pair_diag_success_pc_pair_bucket[49][15] = 31
pc_pair_diag_success_pc_pair_bucket[49][16] = 21
pc_pair_diag_success_pc_pair_bucket[49][17] = 26
pc_pair_diag_success_pc_pair_bucket[49][18] = 24
pc_pair_diag_success_pc_pair_bucket[49][19] = 22
pc_pair_diag_success_pc_pair_bucket[49][20] = 2
pc_pair_diag_success_pc_pair_bucket[49][21] = 3
pc_pair_diag_success_pc_pair_bucket[49][22] = 3
pc_pair_diag_success_pc_pair_bucket[49][23] = 46
pc_pair_diag_success_pc_pair_bucket[49][24] = 58
pc_pair_diag_success_pc_pair_bucket[49][25] = 54
pc_pair_diag_success_pc_pair_bucket[49][26] = 44
pc_pair_diag_success_pc_pair_bucket[49][27] = 58
pc_pair_diag_success_pc_pair_bucket[49][28] = 73
pc_pair_diag_success_pc_pair_bucket[49][29] = 57
pc_pair_diag_success_pc_pair_bucket[49][30] = 52
pc_pair_diag_success_pc_pair_bucket[49][32] = 1
pc_pair_diag_success_pc_pair_bucket[49][34] = 7
pc_pair_diag_success_pc_pair_bucket[49][35] = 6
pc_pair_diag_success_pc_pair_bucket[49][36] = 7
pc_pair_diag_success_pc_pair_bucket[49][37] = 10
pc_pair_diag_success_pc_pair_bucket[49][38] = 10
pc_pair_diag_success_pc_pair_bucket[49][39] = 11
pc_pair_diag_success_pc_pair_bucket[49][40] = 11
pc_pair_diag_success_pc_pair_bucket[49][41] = 6
pc_pair_diag_success_pc_pair_bucket[49][42] = 3
pc_pair_diag_success_pc_pair_bucket[49][43] = 1
pc_pair_diag_success_pc_pair_bucket[49][45] = 2
pc_pair_diag_success_pc_pair_bucket[49][46] = 4
pc_pair_diag_success_pc_pair_bucket[49][47] = 1
pc_pair_diag_success_pc_pair_bucket[49][48] = 2
pc_pair_diag_success_pc_pair_bucket[49][49] = 8
pc_pair_diag_success_pc_pair_bucket[49][50] = 63
pc_pair_diag_success_pc_pair_bucket[49][51] = 51
pc_pair_diag_success_pc_pair_bucket[49][52] = 64
pc_pair_diag_success_pc_pair_bucket[49][53] = 66
pc_pair_diag_success_pc_pair_bucket[49][54] = 80
pc_pair_diag_success_pc_pair_bucket[49][55] = 60
pc_pair_diag_success_pc_pair_bucket[49][56] = 54
pc_pair_diag_success_pc_pair_bucket[49][57] = 34
pc_pair_diag_success_pc_pair_bucket[49][58] = 3
pc_pair_diag_success_pc_pair_bucket[49][59] = 1
pc_pair_diag_success_pc_pair_bucket[49][60] = 2
pc_pair_diag_success_pc_pair_bucket[49][61] = 11
pc_pair_diag_success_pc_pair_bucket[49][62] = 16
pc_pair_diag_success_pc_pair_bucket[49][63] = 16
pc_pair_diag_success_pc_pair_bucket[50][0] = 85
pc_pair_diag_success_pc_pair_bucket[50][1] = 86
pc_pair_diag_success_pc_pair_bucket[50][2] = 74
pc_pair_diag_success_pc_pair_bucket[50][3] = 79
pc_pair_diag_success_pc_pair_bucket[50][4] = 35
pc_pair_diag_success_pc_pair_bucket[50][5] = 6
pc_pair_diag_success_pc_pair_bucket[50][6] = 3
pc_pair_diag_success_pc_pair_bucket[50][7] = 4
pc_pair_diag_success_pc_pair_bucket[50][8] = 25
pc_pair_diag_success_pc_pair_bucket[50][9] = 27
pc_pair_diag_success_pc_pair_bucket[50][10] = 12
pc_pair_diag_success_pc_pair_bucket[50][11] = 21
pc_pair_diag_success_pc_pair_bucket[50][12] = 55
pc_pair_diag_success_pc_pair_bucket[50][13] = 106
pc_pair_diag_success_pc_pair_bucket[50][14] = 111
pc_pair_diag_success_pc_pair_bucket[50][15] = 108
pc_pair_diag_success_pc_pair_bucket[50][16] = 77
pc_pair_diag_success_pc_pair_bucket[50][17] = 77
pc_pair_diag_success_pc_pair_bucket[50][18] = 89
pc_pair_diag_success_pc_pair_bucket[50][19] = 87
pc_pair_diag_success_pc_pair_bucket[50][20] = 7
pc_pair_diag_success_pc_pair_bucket[50][21] = 5
pc_pair_diag_success_pc_pair_bucket[50][22] = 8
pc_pair_diag_success_pc_pair_bucket[50][23] = 63
pc_pair_diag_success_pc_pair_bucket[50][24] = 178
pc_pair_diag_success_pc_pair_bucket[50][25] = 193
pc_pair_diag_success_pc_pair_bucket[50][26] = 175
pc_pair_diag_success_pc_pair_bucket[50][27] = 154
pc_pair_diag_success_pc_pair_bucket[50][28] = 168
pc_pair_diag_success_pc_pair_bucket[50][29] = 172
pc_pair_diag_success_pc_pair_bucket[50][30] = 155
pc_pair_diag_success_pc_pair_bucket[50][31] = 6
pc_pair_diag_success_pc_pair_bucket[50][34] = 20
pc_pair_diag_success_pc_pair_bucket[50][35] = 37
pc_pair_diag_success_pc_pair_bucket[50][36] = 44
pc_pair_diag_success_pc_pair_bucket[50][37] = 46
pc_pair_diag_success_pc_pair_bucket[50][38] = 39
pc_pair_diag_success_pc_pair_bucket[50][39] = 42
pc_pair_diag_success_pc_pair_bucket[50][40] = 44
pc_pair_diag_success_pc_pair_bucket[50][41] = 52
pc_pair_diag_success_pc_pair_bucket[50][42] = 2
pc_pair_diag_success_pc_pair_bucket[50][43] = 7
pc_pair_diag_success_pc_pair_bucket[50][44] = 5
pc_pair_diag_success_pc_pair_bucket[50][45] = 11
pc_pair_diag_success_pc_pair_bucket[50][46] = 8
pc_pair_diag_success_pc_pair_bucket[50][47] = 10
pc_pair_diag_success_pc_pair_bucket[50][48] = 17
pc_pair_diag_success_pc_pair_bucket[50][49] = 13
pc_pair_diag_success_pc_pair_bucket[50][50] = 98
pc_pair_diag_success_pc_pair_bucket[50][51] = 128
pc_pair_diag_success_pc_pair_bucket[50][52] = 127
pc_pair_diag_success_pc_pair_bucket[50][53] = 111
pc_pair_diag_success_pc_pair_bucket[50][54] = 117
pc_pair_diag_success_pc_pair_bucket[50][55] = 129
pc_pair_diag_success_pc_pair_bucket[50][56] = 122
pc_pair_diag_success_pc_pair_bucket[50][57] = 73
pc_pair_diag_success_pc_pair_bucket[50][58] = 7
pc_pair_diag_success_pc_pair_bucket[50][59] = 8
pc_pair_diag_success_pc_pair_bucket[50][60] = 5
pc_pair_diag_success_pc_pair_bucket[50][61] = 62
pc_pair_diag_success_pc_pair_bucket[50][62] = 74
pc_pair_diag_success_pc_pair_bucket[50][63] = 112
pc_pair_diag_success_pc_pair_bucket[51][0] = 54
pc_pair_diag_success_pc_pair_bucket[51][1] = 55
pc_pair_diag_success_pc_pair_bucket[51][2] = 77
pc_pair_diag_success_pc_pair_bucket[51][3] = 19
pc_pair_diag_success_pc_pair_bucket[51][4] = 13
pc_pair_diag_success_pc_pair_bucket[51][5] = 1
pc_pair_diag_success_pc_pair_bucket[51][8] = 10
pc_pair_diag_success_pc_pair_bucket[51][9] = 15
pc_pair_diag_success_pc_pair_bucket[51][10] = 13
pc_pair_diag_success_pc_pair_bucket[51][11] = 18
pc_pair_diag_success_pc_pair_bucket[51][12] = 35
pc_pair_diag_success_pc_pair_bucket[51][13] = 50
pc_pair_diag_success_pc_pair_bucket[51][14] = 33
pc_pair_diag_success_pc_pair_bucket[51][15] = 36
pc_pair_diag_success_pc_pair_bucket[51][16] = 44
pc_pair_diag_success_pc_pair_bucket[51][17] = 40
pc_pair_diag_success_pc_pair_bucket[51][18] = 40
pc_pair_diag_success_pc_pair_bucket[51][19] = 11
pc_pair_diag_success_pc_pair_bucket[51][20] = 3
pc_pair_diag_success_pc_pair_bucket[51][21] = 1
pc_pair_diag_success_pc_pair_bucket[51][22] = 2
pc_pair_diag_success_pc_pair_bucket[51][23] = 74
pc_pair_diag_success_pc_pair_bucket[51][24] = 118
pc_pair_diag_success_pc_pair_bucket[51][25] = 116
pc_pair_diag_success_pc_pair_bucket[51][26] = 90
pc_pair_diag_success_pc_pair_bucket[51][27] = 109
pc_pair_diag_success_pc_pair_bucket[51][28] = 137
pc_pair_diag_success_pc_pair_bucket[51][29] = 126
pc_pair_diag_success_pc_pair_bucket[51][30] = 34
pc_pair_diag_success_pc_pair_bucket[51][31] = 3
pc_pair_diag_success_pc_pair_bucket[51][32] = 1
pc_pair_diag_success_pc_pair_bucket[51][33] = 1
pc_pair_diag_success_pc_pair_bucket[51][34] = 14
pc_pair_diag_success_pc_pair_bucket[51][35] = 25
pc_pair_diag_success_pc_pair_bucket[51][36] = 27
pc_pair_diag_success_pc_pair_bucket[51][37] = 20
pc_pair_diag_success_pc_pair_bucket[51][38] = 22
pc_pair_diag_success_pc_pair_bucket[51][39] = 31
pc_pair_diag_success_pc_pair_bucket[51][40] = 28
pc_pair_diag_success_pc_pair_bucket[51][41] = 11
pc_pair_diag_success_pc_pair_bucket[51][43] = 1
pc_pair_diag_success_pc_pair_bucket[51][45] = 5
pc_pair_diag_success_pc_pair_bucket[51][46] = 5
pc_pair_diag_success_pc_pair_bucket[51][47] = 3
pc_pair_diag_success_pc_pair_bucket[51][48] = 5
pc_pair_diag_success_pc_pair_bucket[51][49] = 8
pc_pair_diag_success_pc_pair_bucket[51][50] = 71
pc_pair_diag_success_pc_pair_bucket[51][51] = 39
pc_pair_diag_success_pc_pair_bucket[51][52] = 41
pc_pair_diag_success_pc_pair_bucket[51][53] = 44
pc_pair_diag_success_pc_pair_bucket[51][54] = 43
pc_pair_diag_success_pc_pair_bucket[51][55] = 32
pc_pair_diag_success_pc_pair_bucket[51][56] = 23
pc_pair_diag_success_pc_pair_bucket[51][57] = 22
pc_pair_diag_success_pc_pair_bucket[51][59] = 8
pc_pair_diag_success_pc_pair_bucket[51][60] = 4
pc_pair_diag_success_pc_pair_bucket[51][61] = 62
pc_pair_diag_success_pc_pair_bucket[51][62] = 48
pc_pair_diag_success_pc_pair_bucket[51][63] = 46
pc_pair_diag_success_pc_pair_bucket[52][0] = 42
pc_pair_diag_success_pc_pair_bucket[52][1] = 44
pc_pair_diag_success_pc_pair_bucket[52][2] = 53
pc_pair_diag_success_pc_pair_bucket[52][3] = 66
pc_pair_diag_success_pc_pair_bucket[52][4] = 25
pc_pair_diag_success_pc_pair_bucket[52][5] = 2
pc_pair_diag_success_pc_pair_bucket[52][6] = 1
pc_pair_diag_success_pc_pair_bucket[52][7] = 1
pc_pair_diag_success_pc_pair_bucket[52][8] = 16
pc_pair_diag_success_pc_pair_bucket[52][9] = 4
pc_pair_diag_success_pc_pair_bucket[52][10] = 14
pc_pair_diag_success_pc_pair_bucket[52][11] = 18
pc_pair_diag_success_pc_pair_bucket[52][12] = 33
pc_pair_diag_success_pc_pair_bucket[52][13] = 29
pc_pair_diag_success_pc_pair_bucket[52][14] = 34
pc_pair_diag_success_pc_pair_bucket[52][15] = 42
pc_pair_diag_success_pc_pair_bucket[52][16] = 34
pc_pair_diag_success_pc_pair_bucket[52][17] = 44
pc_pair_diag_success_pc_pair_bucket[52][18] = 32
pc_pair_diag_success_pc_pair_bucket[52][19] = 37
pc_pair_diag_success_pc_pair_bucket[52][20] = 4
pc_pair_diag_success_pc_pair_bucket[52][21] = 3
pc_pair_diag_success_pc_pair_bucket[52][22] = 1
pc_pair_diag_success_pc_pair_bucket[52][23] = 80
pc_pair_diag_success_pc_pair_bucket[52][24] = 114
pc_pair_diag_success_pc_pair_bucket[52][25] = 114
pc_pair_diag_success_pc_pair_bucket[52][26] = 121
pc_pair_diag_success_pc_pair_bucket[52][27] = 122
pc_pair_diag_success_pc_pair_bucket[52][28] = 120
pc_pair_diag_success_pc_pair_bucket[52][29] = 115
pc_pair_diag_success_pc_pair_bucket[52][30] = 130
pc_pair_diag_success_pc_pair_bucket[52][31] = 5
pc_pair_diag_success_pc_pair_bucket[52][33] = 1
pc_pair_diag_success_pc_pair_bucket[52][34] = 25
pc_pair_diag_success_pc_pair_bucket[52][35] = 21
pc_pair_diag_success_pc_pair_bucket[52][36] = 14
pc_pair_diag_success_pc_pair_bucket[52][37] = 33
pc_pair_diag_success_pc_pair_bucket[52][38] = 30
pc_pair_diag_success_pc_pair_bucket[52][39] = 21
pc_pair_diag_success_pc_pair_bucket[52][40] = 23
pc_pair_diag_success_pc_pair_bucket[52][41] = 27
pc_pair_diag_success_pc_pair_bucket[52][42] = 1
pc_pair_diag_success_pc_pair_bucket[52][43] = 1
pc_pair_diag_success_pc_pair_bucket[52][44] = 1
pc_pair_diag_success_pc_pair_bucket[52][45] = 5
pc_pair_diag_success_pc_pair_bucket[52][46] = 7
pc_pair_diag_success_pc_pair_bucket[52][47] = 7
pc_pair_diag_success_pc_pair_bucket[52][48] = 7
pc_pair_diag_success_pc_pair_bucket[52][49] = 8
pc_pair_diag_success_pc_pair_bucket[52][50] = 57
pc_pair_diag_success_pc_pair_bucket[52][51] = 52
pc_pair_diag_success_pc_pair_bucket[52][52] = 45
pc_pair_diag_success_pc_pair_bucket[52][53] = 44
pc_pair_diag_success_pc_pair_bucket[52][54] = 36
pc_pair_diag_success_pc_pair_bucket[52][55] = 39
pc_pair_diag_success_pc_pair_bucket[52][56] = 32
pc_pair_diag_success_pc_pair_bucket[52][57] = 21
pc_pair_diag_success_pc_pair_bucket[52][58] = 1
pc_pair_diag_success_pc_pair_bucket[52][59] = 4
pc_pair_diag_success_pc_pair_bucket[52][60] = 3
pc_pair_diag_success_pc_pair_bucket[52][61] = 61
pc_pair_diag_success_pc_pair_bucket[52][62] = 48
pc_pair_diag_success_pc_pair_bucket[52][63] = 40
pc_pair_diag_success_pc_pair_bucket[53][0] = 53
pc_pair_diag_success_pc_pair_bucket[53][1] = 57
pc_pair_diag_success_pc_pair_bucket[53][2] = 58
pc_pair_diag_success_pc_pair_bucket[53][3] = 49
pc_pair_diag_success_pc_pair_bucket[53][4] = 27
pc_pair_diag_success_pc_pair_bucket[53][7] = 3
pc_pair_diag_success_pc_pair_bucket[53][8] = 12
pc_pair_diag_success_pc_pair_bucket[53][9] = 13
pc_pair_diag_success_pc_pair_bucket[53][10] = 11
pc_pair_diag_success_pc_pair_bucket[53][11] = 15
pc_pair_diag_success_pc_pair_bucket[53][12] = 19
pc_pair_diag_success_pc_pair_bucket[53][13] = 57
pc_pair_diag_success_pc_pair_bucket[53][14] = 51
pc_pair_diag_success_pc_pair_bucket[53][15] = 31
pc_pair_diag_success_pc_pair_bucket[53][16] = 40
pc_pair_diag_success_pc_pair_bucket[53][17] = 45
pc_pair_diag_success_pc_pair_bucket[53][18] = 38
pc_pair_diag_success_pc_pair_bucket[53][19] = 26
pc_pair_diag_success_pc_pair_bucket[53][20] = 1
pc_pair_diag_success_pc_pair_bucket[53][21] = 1
pc_pair_diag_success_pc_pair_bucket[53][22] = 5
pc_pair_diag_success_pc_pair_bucket[53][23] = 25
pc_pair_diag_success_pc_pair_bucket[53][24] = 115
pc_pair_diag_success_pc_pair_bucket[53][25] = 159
pc_pair_diag_success_pc_pair_bucket[53][26] = 93
pc_pair_diag_success_pc_pair_bucket[53][27] = 110
pc_pair_diag_success_pc_pair_bucket[53][28] = 127
pc_pair_diag_success_pc_pair_bucket[53][29] = 129
pc_pair_diag_success_pc_pair_bucket[53][30] = 86
pc_pair_diag_success_pc_pair_bucket[53][31] = 2
pc_pair_diag_success_pc_pair_bucket[53][32] = 1
pc_pair_diag_success_pc_pair_bucket[53][34] = 12
pc_pair_diag_success_pc_pair_bucket[53][35] = 32
pc_pair_diag_success_pc_pair_bucket[53][36] = 30
pc_pair_diag_success_pc_pair_bucket[53][37] = 17
pc_pair_diag_success_pc_pair_bucket[53][38] = 31
pc_pair_diag_success_pc_pair_bucket[53][39] = 31
pc_pair_diag_success_pc_pair_bucket[53][40] = 27
pc_pair_diag_success_pc_pair_bucket[53][41] = 13
pc_pair_diag_success_pc_pair_bucket[53][44] = 1
pc_pair_diag_success_pc_pair_bucket[53][45] = 2
pc_pair_diag_success_pc_pair_bucket[53][46] = 4
pc_pair_diag_success_pc_pair_bucket[53][47] = 9
pc_pair_diag_success_pc_pair_bucket[53][48] = 6
pc_pair_diag_success_pc_pair_bucket[53][49] = 13
pc_pair_diag_success_pc_pair_bucket[53][50] = 34
pc_pair_diag_success_pc_pair_bucket[53][51] = 43
pc_pair_diag_success_pc_pair_bucket[53][52] = 57
pc_pair_diag_success_pc_pair_bucket[53][53] = 45
pc_pair_diag_success_pc_pair_bucket[53][54] = 37
pc_pair_diag_success_pc_pair_bucket[53][55] = 40
pc_pair_diag_success_pc_pair_bucket[53][56] = 28
pc_pair_diag_success_pc_pair_bucket[53][57] = 24
pc_pair_diag_success_pc_pair_bucket[53][58] = 3
pc_pair_diag_success_pc_pair_bucket[53][59] = 1
pc_pair_diag_success_pc_pair_bucket[53][60] = 8
pc_pair_diag_success_pc_pair_bucket[53][61] = 36
pc_pair_diag_success_pc_pair_bucket[53][62] = 47
pc_pair_diag_success_pc_pair_bucket[53][63] = 51
pc_pair_diag_success_pc_pair_bucket[54][0] = 42
pc_pair_diag_success_pc_pair_bucket[54][1] = 59
pc_pair_diag_success_pc_pair_bucket[54][2] = 49
pc_pair_diag_success_pc_pair_bucket[54][3] = 89
pc_pair_diag_success_pc_pair_bucket[54][4] = 38
pc_pair_diag_success_pc_pair_bucket[54][5] = 3
pc_pair_diag_success_pc_pair_bucket[54][6] = 2
pc_pair_diag_success_pc_pair_bucket[54][7] = 1
pc_pair_diag_success_pc_pair_bucket[54][8] = 11
pc_pair_diag_success_pc_pair_bucket[54][9] = 10
pc_pair_diag_success_pc_pair_bucket[54][10] = 10
pc_pair_diag_success_pc_pair_bucket[54][11] = 12
pc_pair_diag_success_pc_pair_bucket[54][12] = 30
pc_pair_diag_success_pc_pair_bucket[54][13] = 48
pc_pair_diag_success_pc_pair_bucket[54][14] = 49
pc_pair_diag_success_pc_pair_bucket[54][15] = 38
pc_pair_diag_success_pc_pair_bucket[54][16] = 32
pc_pair_diag_success_pc_pair_bucket[54][17] = 38
pc_pair_diag_success_pc_pair_bucket[54][18] = 36
pc_pair_diag_success_pc_pair_bucket[54][19] = 46
pc_pair_diag_success_pc_pair_bucket[54][20] = 2
pc_pair_diag_success_pc_pair_bucket[54][22] = 1
pc_pair_diag_success_pc_pair_bucket[54][23] = 23
pc_pair_diag_success_pc_pair_bucket[54][24] = 130
pc_pair_diag_success_pc_pair_bucket[54][25] = 94
pc_pair_diag_success_pc_pair_bucket[54][26] = 96
pc_pair_diag_success_pc_pair_bucket[54][27] = 100
pc_pair_diag_success_pc_pair_bucket[54][28] = 808
pc_pair_diag_success_pc_pair_bucket[54][29] = 820
pc_pair_diag_success_pc_pair_bucket[54][30] = 133
pc_pair_diag_success_pc_pair_bucket[54][31] = 3
pc_pair_diag_success_pc_pair_bucket[54][33] = 2
pc_pair_diag_success_pc_pair_bucket[54][34] = 6
pc_pair_diag_success_pc_pair_bucket[54][35] = 29
pc_pair_diag_success_pc_pair_bucket[54][36] = 30
pc_pair_diag_success_pc_pair_bucket[54][37] = 29
pc_pair_diag_success_pc_pair_bucket[54][38] = 29
pc_pair_diag_success_pc_pair_bucket[54][39] = 55
pc_pair_diag_success_pc_pair_bucket[54][40] = 56
pc_pair_diag_success_pc_pair_bucket[54][41] = 58
pc_pair_diag_success_pc_pair_bucket[54][42] = 41
pc_pair_diag_success_pc_pair_bucket[54][43] = 39
pc_pair_diag_success_pc_pair_bucket[54][44] = 38
pc_pair_diag_success_pc_pair_bucket[54][45] = 36
pc_pair_diag_success_pc_pair_bucket[54][46] = 40
pc_pair_diag_success_pc_pair_bucket[54][47] = 5
pc_pair_diag_success_pc_pair_bucket[54][48] = 8
pc_pair_diag_success_pc_pair_bucket[54][49] = 3
pc_pair_diag_success_pc_pair_bucket[54][50] = 48
pc_pair_diag_success_pc_pair_bucket[54][51] = 43
pc_pair_diag_success_pc_pair_bucket[54][52] = 57
pc_pair_diag_success_pc_pair_bucket[54][53] = 45
pc_pair_diag_success_pc_pair_bucket[54][54] = 36
pc_pair_diag_success_pc_pair_bucket[54][55] = 30
pc_pair_diag_success_pc_pair_bucket[54][56] = 43
pc_pair_diag_success_pc_pair_bucket[54][57] = 27
pc_pair_diag_success_pc_pair_bucket[54][58] = 4
pc_pair_diag_success_pc_pair_bucket[54][59] = 3
pc_pair_diag_success_pc_pair_bucket[54][61] = 57
pc_pair_diag_success_pc_pair_bucket[54][62] = 56
pc_pair_diag_success_pc_pair_bucket[54][63] = 47
pc_pair_diag_success_pc_pair_bucket[55][0] = 55
pc_pair_diag_success_pc_pair_bucket[55][1] = 42
pc_pair_diag_success_pc_pair_bucket[55][2] = 71
pc_pair_diag_success_pc_pair_bucket[55][3] = 69
pc_pair_diag_success_pc_pair_bucket[55][4] = 33
pc_pair_diag_success_pc_pair_bucket[55][5] = 5
pc_pair_diag_success_pc_pair_bucket[55][8] = 9
pc_pair_diag_success_pc_pair_bucket[55][9] = 6
pc_pair_diag_success_pc_pair_bucket[55][10] = 6
pc_pair_diag_success_pc_pair_bucket[55][11] = 11
pc_pair_diag_success_pc_pair_bucket[55][12] = 29
pc_pair_diag_success_pc_pair_bucket[55][13] = 19
pc_pair_diag_success_pc_pair_bucket[55][14] = 24
pc_pair_diag_success_pc_pair_bucket[55][15] = 19
pc_pair_diag_success_pc_pair_bucket[55][16] = 21
pc_pair_diag_success_pc_pair_bucket[55][17] = 18
pc_pair_diag_success_pc_pair_bucket[55][18] = 22
pc_pair_diag_success_pc_pair_bucket[55][19] = 7
pc_pair_diag_success_pc_pair_bucket[55][23] = 50
pc_pair_diag_success_pc_pair_bucket[55][24] = 62
pc_pair_diag_success_pc_pair_bucket[55][25] = 72
pc_pair_diag_success_pc_pair_bucket[55][26] = 49
pc_pair_diag_success_pc_pair_bucket[55][27] = 77
pc_pair_diag_success_pc_pair_bucket[55][28] = 57
pc_pair_diag_success_pc_pair_bucket[55][29] = 92
pc_pair_diag_success_pc_pair_bucket[55][30] = 93
pc_pair_diag_success_pc_pair_bucket[55][31] = 566
pc_pair_diag_success_pc_pair_bucket[55][32] = 6
pc_pair_diag_success_pc_pair_bucket[55][33] = 1
pc_pair_diag_success_pc_pair_bucket[55][34] = 6
pc_pair_diag_success_pc_pair_bucket[55][35] = 15
pc_pair_diag_success_pc_pair_bucket[55][36] = 13
pc_pair_diag_success_pc_pair_bucket[55][37] = 19
pc_pair_diag_success_pc_pair_bucket[55][38] = 15
pc_pair_diag_success_pc_pair_bucket[55][39] = 141
pc_pair_diag_success_pc_pair_bucket[55][40] = 131
pc_pair_diag_success_pc_pair_bucket[55][41] = 192
pc_pair_diag_success_pc_pair_bucket[55][42] = 116
pc_pair_diag_success_pc_pair_bucket[55][43] = 135
pc_pair_diag_success_pc_pair_bucket[55][44] = 120
pc_pair_diag_success_pc_pair_bucket[55][45] = 96
pc_pair_diag_success_pc_pair_bucket[55][46] = 17
pc_pair_diag_success_pc_pair_bucket[55][47] = 3
pc_pair_diag_success_pc_pair_bucket[55][48] = 3
pc_pair_diag_success_pc_pair_bucket[55][49] = 11
pc_pair_diag_success_pc_pair_bucket[55][50] = 18
pc_pair_diag_success_pc_pair_bucket[55][51] = 28
pc_pair_diag_success_pc_pair_bucket[55][52] = 16
pc_pair_diag_success_pc_pair_bucket[55][53] = 29
pc_pair_diag_success_pc_pair_bucket[55][54] = 23
pc_pair_diag_success_pc_pair_bucket[55][55] = 25
pc_pair_diag_success_pc_pair_bucket[55][56] = 25
pc_pair_diag_success_pc_pair_bucket[55][57] = 10
pc_pair_diag_success_pc_pair_bucket[55][58] = 5
pc_pair_diag_success_pc_pair_bucket[55][59] = 3
pc_pair_diag_success_pc_pair_bucket[55][61] = 55
pc_pair_diag_success_pc_pair_bucket[55][62] = 63
pc_pair_diag_success_pc_pair_bucket[55][63] = 51
pc_pair_diag_success_pc_pair_bucket[56][0] = 60
pc_pair_diag_success_pc_pair_bucket[56][1] = 62
pc_pair_diag_success_pc_pair_bucket[56][2] = 41
pc_pair_diag_success_pc_pair_bucket[56][3] = 85
pc_pair_diag_success_pc_pair_bucket[56][4] = 41
pc_pair_diag_success_pc_pair_bucket[56][5] = 2
pc_pair_diag_success_pc_pair_bucket[56][6] = 1
pc_pair_diag_success_pc_pair_bucket[56][7] = 7
pc_pair_diag_success_pc_pair_bucket[56][8] = 14
pc_pair_diag_success_pc_pair_bucket[56][9] = 13
pc_pair_diag_success_pc_pair_bucket[56][10] = 6
pc_pair_diag_success_pc_pair_bucket[56][11] = 7
pc_pair_diag_success_pc_pair_bucket[56][12] = 34
pc_pair_diag_success_pc_pair_bucket[56][13] = 45
pc_pair_diag_success_pc_pair_bucket[56][14] = 27
pc_pair_diag_success_pc_pair_bucket[56][15] = 24
pc_pair_diag_success_pc_pair_bucket[56][16] = 26
pc_pair_diag_success_pc_pair_bucket[56][17] = 20
pc_pair_diag_success_pc_pair_bucket[56][18] = 22
pc_pair_diag_success_pc_pair_bucket[56][19] = 31
pc_pair_diag_success_pc_pair_bucket[56][20] = 3
pc_pair_diag_success_pc_pair_bucket[56][21] = 2
pc_pair_diag_success_pc_pair_bucket[56][22] = 1
pc_pair_diag_success_pc_pair_bucket[56][23] = 46
pc_pair_diag_success_pc_pair_bucket[56][24] = 92
pc_pair_diag_success_pc_pair_bucket[56][25] = 65
pc_pair_diag_success_pc_pair_bucket[56][26] = 81
pc_pair_diag_success_pc_pair_bucket[56][27] = 58
pc_pair_diag_success_pc_pair_bucket[56][28] = 85
pc_pair_diag_success_pc_pair_bucket[56][29] = 66
pc_pair_diag_success_pc_pair_bucket[56][30] = 211
pc_pair_diag_success_pc_pair_bucket[56][31] = 704
pc_pair_diag_success_pc_pair_bucket[56][32] = 10
pc_pair_diag_success_pc_pair_bucket[56][33] = 5
pc_pair_diag_success_pc_pair_bucket[56][34] = 10
pc_pair_diag_success_pc_pair_bucket[56][35] = 22
pc_pair_diag_success_pc_pair_bucket[56][36] = 21
pc_pair_diag_success_pc_pair_bucket[56][37] = 23
pc_pair_diag_success_pc_pair_bucket[56][38] = 16
pc_pair_diag_success_pc_pair_bucket[56][39] = 227
pc_pair_diag_success_pc_pair_bucket[56][40] = 109
pc_pair_diag_success_pc_pair_bucket[56][41] = 76
pc_pair_diag_success_pc_pair_bucket[56][42] = 99
pc_pair_diag_success_pc_pair_bucket[56][43] = 100
pc_pair_diag_success_pc_pair_bucket[56][44] = 138
pc_pair_diag_success_pc_pair_bucket[56][45] = 109
pc_pair_diag_success_pc_pair_bucket[56][46] = 65
pc_pair_diag_success_pc_pair_bucket[56][47] = 7
pc_pair_diag_success_pc_pair_bucket[56][48] = 4
pc_pair_diag_success_pc_pair_bucket[56][49] = 6
pc_pair_diag_success_pc_pair_bucket[56][50] = 32
pc_pair_diag_success_pc_pair_bucket[56][51] = 47
pc_pair_diag_success_pc_pair_bucket[56][52] = 43
pc_pair_diag_success_pc_pair_bucket[56][53] = 21
pc_pair_diag_success_pc_pair_bucket[56][54] = 20
pc_pair_diag_success_pc_pair_bucket[56][55] = 20
pc_pair_diag_success_pc_pair_bucket[56][56] = 37
pc_pair_diag_success_pc_pair_bucket[56][57] = 13
pc_pair_diag_success_pc_pair_bucket[56][58] = 6
pc_pair_diag_success_pc_pair_bucket[56][59] = 4
pc_pair_diag_success_pc_pair_bucket[56][60] = 7
pc_pair_diag_success_pc_pair_bucket[56][61] = 56
pc_pair_diag_success_pc_pair_bucket[56][62] = 66
pc_pair_diag_success_pc_pair_bucket[56][63] = 64
pc_pair_diag_success_pc_pair_bucket[57][0] = 40
pc_pair_diag_success_pc_pair_bucket[57][1] = 43
pc_pair_diag_success_pc_pair_bucket[57][2] = 42
pc_pair_diag_success_pc_pair_bucket[57][3] = 25
pc_pair_diag_success_pc_pair_bucket[57][4] = 5
pc_pair_diag_success_pc_pair_bucket[57][6] = 2
pc_pair_diag_success_pc_pair_bucket[57][7] = 3
pc_pair_diag_success_pc_pair_bucket[57][8] = 15
pc_pair_diag_success_pc_pair_bucket[57][9] = 5
pc_pair_diag_success_pc_pair_bucket[57][10] = 10
pc_pair_diag_success_pc_pair_bucket[57][11] = 9
pc_pair_diag_success_pc_pair_bucket[57][12] = 18
pc_pair_diag_success_pc_pair_bucket[57][13] = 28
pc_pair_diag_success_pc_pair_bucket[57][14] = 29
pc_pair_diag_success_pc_pair_bucket[57][15] = 28
pc_pair_diag_success_pc_pair_bucket[57][16] = 23
pc_pair_diag_success_pc_pair_bucket[57][17] = 25
pc_pair_diag_success_pc_pair_bucket[57][18] = 22
pc_pair_diag_success_pc_pair_bucket[57][19] = 12
pc_pair_diag_success_pc_pair_bucket[57][21] = 1
pc_pair_diag_success_pc_pair_bucket[57][22] = 1
pc_pair_diag_success_pc_pair_bucket[57][23] = 21
pc_pair_diag_success_pc_pair_bucket[57][24] = 45
pc_pair_diag_success_pc_pair_bucket[57][25] = 46
pc_pair_diag_success_pc_pair_bucket[57][26] = 41
pc_pair_diag_success_pc_pair_bucket[57][27] = 47
pc_pair_diag_success_pc_pair_bucket[57][28] = 44
pc_pair_diag_success_pc_pair_bucket[57][29] = 46
pc_pair_diag_success_pc_pair_bucket[57][30] = 5
pc_pair_diag_success_pc_pair_bucket[57][31] = 60
pc_pair_diag_success_pc_pair_bucket[57][32] = 799
pc_pair_diag_success_pc_pair_bucket[57][33] = 11
pc_pair_diag_success_pc_pair_bucket[57][34] = 12
pc_pair_diag_success_pc_pair_bucket[57][35] = 13
pc_pair_diag_success_pc_pair_bucket[57][36] = 12
pc_pair_diag_success_pc_pair_bucket[57][37] = 15
pc_pair_diag_success_pc_pair_bucket[57][38] = 13
pc_pair_diag_success_pc_pair_bucket[57][39] = 132
pc_pair_diag_success_pc_pair_bucket[57][40] = 132
pc_pair_diag_success_pc_pair_bucket[57][41] = 120
pc_pair_diag_success_pc_pair_bucket[57][42] = 127
pc_pair_diag_success_pc_pair_bucket[57][43] = 208
pc_pair_diag_success_pc_pair_bucket[57][44] = 152
pc_pair_diag_success_pc_pair_bucket[57][45] = 132
pc_pair_diag_success_pc_pair_bucket[57][46] = 51
pc_pair_diag_success_pc_pair_bucket[57][47] = 7
pc_pair_diag_success_pc_pair_bucket[57][48] = 5
pc_pair_diag_success_pc_pair_bucket[57][49] = 2
pc_pair_diag_success_pc_pair_bucket[57][50] = 28
pc_pair_diag_success_pc_pair_bucket[57][51] = 25
pc_pair_diag_success_pc_pair_bucket[57][52] = 22
pc_pair_diag_success_pc_pair_bucket[57][53] = 30
pc_pair_diag_success_pc_pair_bucket[57][54] = 22
pc_pair_diag_success_pc_pair_bucket[57][55] = 22
pc_pair_diag_success_pc_pair_bucket[57][56] = 11
pc_pair_diag_success_pc_pair_bucket[57][57] = 6
pc_pair_diag_success_pc_pair_bucket[57][58] = 1
pc_pair_diag_success_pc_pair_bucket[57][59] = 4
pc_pair_diag_success_pc_pair_bucket[57][60] = 3
pc_pair_diag_success_pc_pair_bucket[57][61] = 43
pc_pair_diag_success_pc_pair_bucket[57][62] = 47
pc_pair_diag_success_pc_pair_bucket[57][63] = 34
pc_pair_diag_success_pc_pair_bucket[58][0] = 79
pc_pair_diag_success_pc_pair_bucket[58][1] = 75
pc_pair_diag_success_pc_pair_bucket[58][2] = 77
pc_pair_diag_success_pc_pair_bucket[58][3] = 124
pc_pair_diag_success_pc_pair_bucket[58][4] = 57
pc_pair_diag_success_pc_pair_bucket[58][5] = 1
pc_pair_diag_success_pc_pair_bucket[58][6] = 1
pc_pair_diag_success_pc_pair_bucket[58][7] = 2
pc_pair_diag_success_pc_pair_bucket[58][8] = 8
pc_pair_diag_success_pc_pair_bucket[58][9] = 24
pc_pair_diag_success_pc_pair_bucket[58][10] = 10
pc_pair_diag_success_pc_pair_bucket[58][11] = 9
pc_pair_diag_success_pc_pair_bucket[58][12] = 8
pc_pair_diag_success_pc_pair_bucket[58][13] = 35
pc_pair_diag_success_pc_pair_bucket[58][14] = 45
pc_pair_diag_success_pc_pair_bucket[58][15] = 17
pc_pair_diag_success_pc_pair_bucket[58][16] = 21
pc_pair_diag_success_pc_pair_bucket[58][17] = 11
pc_pair_diag_success_pc_pair_bucket[58][18] = 26
pc_pair_diag_success_pc_pair_bucket[58][19] = 20
pc_pair_diag_success_pc_pair_bucket[58][22] = 3
pc_pair_diag_success_pc_pair_bucket[58][23] = 35
pc_pair_diag_success_pc_pair_bucket[58][24] = 89
pc_pair_diag_success_pc_pair_bucket[58][25] = 77
pc_pair_diag_success_pc_pair_bucket[58][26] = 53
pc_pair_diag_success_pc_pair_bucket[58][27] = 59
pc_pair_diag_success_pc_pair_bucket[58][28] = 61
pc_pair_diag_success_pc_pair_bucket[58][29] = 70
pc_pair_diag_success_pc_pair_bucket[58][30] = 78
pc_pair_diag_success_pc_pair_bucket[58][31] = 7
pc_pair_diag_success_pc_pair_bucket[58][32] = 260
pc_pair_diag_success_pc_pair_bucket[58][33] = 257
pc_pair_diag_success_pc_pair_bucket[58][34] = 32
pc_pair_diag_success_pc_pair_bucket[58][35] = 35
pc_pair_diag_success_pc_pair_bucket[58][36] = 24
pc_pair_diag_success_pc_pair_bucket[58][37] = 26
pc_pair_diag_success_pc_pair_bucket[58][38] = 30
pc_pair_diag_success_pc_pair_bucket[58][39] = 103
pc_pair_diag_success_pc_pair_bucket[58][40] = 143
pc_pair_diag_success_pc_pair_bucket[58][41] = 132
pc_pair_diag_success_pc_pair_bucket[58][42] = 98
pc_pair_diag_success_pc_pair_bucket[58][43] = 91
pc_pair_diag_success_pc_pair_bucket[58][44] = 129
pc_pair_diag_success_pc_pair_bucket[58][45] = 142
pc_pair_diag_success_pc_pair_bucket[58][46] = 122
pc_pair_diag_success_pc_pair_bucket[58][47] = 8
pc_pair_diag_success_pc_pair_bucket[58][48] = 4
pc_pair_diag_success_pc_pair_bucket[58][49] = 10
pc_pair_diag_success_pc_pair_bucket[58][50] = 32
pc_pair_diag_success_pc_pair_bucket[58][51] = 55
pc_pair_diag_success_pc_pair_bucket[58][52] = 37
pc_pair_diag_success_pc_pair_bucket[58][53] = 31
pc_pair_diag_success_pc_pair_bucket[58][54] = 22
pc_pair_diag_success_pc_pair_bucket[58][55] = 39
pc_pair_diag_success_pc_pair_bucket[58][56] = 48
pc_pair_diag_success_pc_pair_bucket[58][57] = 16
pc_pair_diag_success_pc_pair_bucket[58][58] = 4
pc_pair_diag_success_pc_pair_bucket[58][59] = 4
pc_pair_diag_success_pc_pair_bucket[58][60] = 4
pc_pair_diag_success_pc_pair_bucket[58][61] = 112
pc_pair_diag_success_pc_pair_bucket[58][62] = 113
pc_pair_diag_success_pc_pair_bucket[58][63] = 108
pc_pair_diag_success_pc_pair_bucket[59][0] = 121
pc_pair_diag_success_pc_pair_bucket[59][1] = 134
pc_pair_diag_success_pc_pair_bucket[59][2] = 113
pc_pair_diag_success_pc_pair_bucket[59][3] = 38
pc_pair_diag_success_pc_pair_bucket[59][4] = 50
pc_pair_diag_success_pc_pair_bucket[59][5] = 3
pc_pair_diag_success_pc_pair_bucket[59][7] = 1
pc_pair_diag_success_pc_pair_bucket[59][8] = 13
pc_pair_diag_success_pc_pair_bucket[59][9] = 9
pc_pair_diag_success_pc_pair_bucket[59][10] = 18
pc_pair_diag_success_pc_pair_bucket[59][11] = 15
pc_pair_diag_success_pc_pair_bucket[59][12] = 25
pc_pair_diag_success_pc_pair_bucket[59][13] = 40
pc_pair_diag_success_pc_pair_bucket[59][14] = 44
pc_pair_diag_success_pc_pair_bucket[59][15] = 28
pc_pair_diag_success_pc_pair_bucket[59][16] = 23
pc_pair_diag_success_pc_pair_bucket[59][17] = 25
pc_pair_diag_success_pc_pair_bucket[59][18] = 31
pc_pair_diag_success_pc_pair_bucket[59][19] = 15
pc_pair_diag_success_pc_pair_bucket[59][20] = 1
pc_pair_diag_success_pc_pair_bucket[59][21] = 1
pc_pair_diag_success_pc_pair_bucket[59][22] = 2
pc_pair_diag_success_pc_pair_bucket[59][23] = 27
pc_pair_diag_success_pc_pair_bucket[59][24] = 82
pc_pair_diag_success_pc_pair_bucket[59][25] = 51
pc_pair_diag_success_pc_pair_bucket[59][26] = 75
pc_pair_diag_success_pc_pair_bucket[59][27] = 73
pc_pair_diag_success_pc_pair_bucket[59][28] = 81
pc_pair_diag_success_pc_pair_bucket[59][29] = 71
pc_pair_diag_success_pc_pair_bucket[59][30] = 49
pc_pair_diag_success_pc_pair_bucket[59][31] = 2
pc_pair_diag_success_pc_pair_bucket[59][32] = 6
pc_pair_diag_success_pc_pair_bucket[59][33] = 23
pc_pair_diag_success_pc_pair_bucket[59][34] = 75
pc_pair_diag_success_pc_pair_bucket[59][35] = 30
pc_pair_diag_success_pc_pair_bucket[59][36] = 31
pc_pair_diag_success_pc_pair_bucket[59][37] = 25
pc_pair_diag_success_pc_pair_bucket[59][38] = 27
pc_pair_diag_success_pc_pair_bucket[59][39] = 119
pc_pair_diag_success_pc_pair_bucket[59][40] = 100
pc_pair_diag_success_pc_pair_bucket[59][41] = 97
pc_pair_diag_success_pc_pair_bucket[59][42] = 60
pc_pair_diag_success_pc_pair_bucket[59][43] = 102
pc_pair_diag_success_pc_pair_bucket[59][44] = 72
pc_pair_diag_success_pc_pair_bucket[59][45] = 45
pc_pair_diag_success_pc_pair_bucket[59][46] = 59
pc_pair_diag_success_pc_pair_bucket[59][47] = 4
pc_pair_diag_success_pc_pair_bucket[59][48] = 6
pc_pair_diag_success_pc_pair_bucket[59][49] = 9
pc_pair_diag_success_pc_pair_bucket[59][50] = 55
pc_pair_diag_success_pc_pair_bucket[59][51] = 34
pc_pair_diag_success_pc_pair_bucket[59][52] = 33
pc_pair_diag_success_pc_pair_bucket[59][53] = 42
pc_pair_diag_success_pc_pair_bucket[59][54] = 53
pc_pair_diag_success_pc_pair_bucket[59][55] = 46
pc_pair_diag_success_pc_pair_bucket[59][56] = 25
pc_pair_diag_success_pc_pair_bucket[59][57] = 23
pc_pair_diag_success_pc_pair_bucket[59][58] = 6
pc_pair_diag_success_pc_pair_bucket[59][59] = 4
pc_pair_diag_success_pc_pair_bucket[59][60] = 2
pc_pair_diag_success_pc_pair_bucket[59][61] = 125
pc_pair_diag_success_pc_pair_bucket[59][62] = 103
pc_pair_diag_success_pc_pair_bucket[59][63] = 108
pc_pair_diag_success_pc_pair_bucket[60][0] = 93
pc_pair_diag_success_pc_pair_bucket[60][1] = 85
pc_pair_diag_success_pc_pair_bucket[60][2] = 90
pc_pair_diag_success_pc_pair_bucket[60][3] = 75
pc_pair_diag_success_pc_pair_bucket[60][4] = 47
pc_pair_diag_success_pc_pair_bucket[60][6] = 1
pc_pair_diag_success_pc_pair_bucket[60][7] = 3
pc_pair_diag_success_pc_pair_bucket[60][8] = 9
pc_pair_diag_success_pc_pair_bucket[60][9] = 6
pc_pair_diag_success_pc_pair_bucket[60][10] = 7
pc_pair_diag_success_pc_pair_bucket[60][11] = 10
pc_pair_diag_success_pc_pair_bucket[60][12] = 22
pc_pair_diag_success_pc_pair_bucket[60][13] = 38
pc_pair_diag_success_pc_pair_bucket[60][14] = 50
pc_pair_diag_success_pc_pair_bucket[60][15] = 36
pc_pair_diag_success_pc_pair_bucket[60][16] = 25
pc_pair_diag_success_pc_pair_bucket[60][17] = 22
pc_pair_diag_success_pc_pair_bucket[60][18] = 32
pc_pair_diag_success_pc_pair_bucket[60][19] = 30
pc_pair_diag_success_pc_pair_bucket[60][23] = 31
pc_pair_diag_success_pc_pair_bucket[60][24] = 34
pc_pair_diag_success_pc_pair_bucket[60][25] = 36
pc_pair_diag_success_pc_pair_bucket[60][26] = 40
pc_pair_diag_success_pc_pair_bucket[60][27] = 30
pc_pair_diag_success_pc_pair_bucket[60][28] = 29
pc_pair_diag_success_pc_pair_bucket[60][29] = 39
pc_pair_diag_success_pc_pair_bucket[60][30] = 46
pc_pair_diag_success_pc_pair_bucket[60][31] = 9
pc_pair_diag_success_pc_pair_bucket[60][32] = 6
pc_pair_diag_success_pc_pair_bucket[60][33] = 2
pc_pair_diag_success_pc_pair_bucket[60][34] = 12
pc_pair_diag_success_pc_pair_bucket[60][35] = 26
pc_pair_diag_success_pc_pair_bucket[60][36] = 25
pc_pair_diag_success_pc_pair_bucket[60][37] = 23
pc_pair_diag_success_pc_pair_bucket[60][38] = 35
pc_pair_diag_success_pc_pair_bucket[60][39] = 154
pc_pair_diag_success_pc_pair_bucket[60][40] = 160
pc_pair_diag_success_pc_pair_bucket[60][41] = 235
pc_pair_diag_success_pc_pair_bucket[60][42] = 135
pc_pair_diag_success_pc_pair_bucket[60][43] = 158
pc_pair_diag_success_pc_pair_bucket[60][44] = 231
pc_pair_diag_success_pc_pair_bucket[60][45] = 230
pc_pair_diag_success_pc_pair_bucket[60][46] = 49
pc_pair_diag_success_pc_pair_bucket[60][47] = 11
pc_pair_diag_success_pc_pair_bucket[60][48] = 6
pc_pair_diag_success_pc_pair_bucket[60][49] = 10
pc_pair_diag_success_pc_pair_bucket[60][50] = 26
pc_pair_diag_success_pc_pair_bucket[60][51] = 41
pc_pair_diag_success_pc_pair_bucket[60][52] = 31
pc_pair_diag_success_pc_pair_bucket[60][53] = 34
pc_pair_diag_success_pc_pair_bucket[60][54] = 35
pc_pair_diag_success_pc_pair_bucket[60][55] = 26
pc_pair_diag_success_pc_pair_bucket[60][56] = 30
pc_pair_diag_success_pc_pair_bucket[60][57] = 13
pc_pair_diag_success_pc_pair_bucket[60][58] = 3
pc_pair_diag_success_pc_pair_bucket[60][59] = 5
pc_pair_diag_success_pc_pair_bucket[60][60] = 1
pc_pair_diag_success_pc_pair_bucket[60][61] = 105
pc_pair_diag_success_pc_pair_bucket[60][62] = 68
pc_pair_diag_success_pc_pair_bucket[60][63] = 51
pc_pair_diag_success_pc_pair_bucket[61][0] = 102
pc_pair_diag_success_pc_pair_bucket[61][1] = 125
pc_pair_diag_success_pc_pair_bucket[61][2] = 135
pc_pair_diag_success_pc_pair_bucket[61][3] = 128
pc_pair_diag_success_pc_pair_bucket[61][4] = 79
pc_pair_diag_success_pc_pair_bucket[61][5] = 9
pc_pair_diag_success_pc_pair_bucket[61][6] = 3
pc_pair_diag_success_pc_pair_bucket[61][7] = 2
pc_pair_diag_success_pc_pair_bucket[61][8] = 27
pc_pair_diag_success_pc_pair_bucket[61][9] = 33
pc_pair_diag_success_pc_pair_bucket[61][10] = 19
pc_pair_diag_success_pc_pair_bucket[61][11] = 32
pc_pair_diag_success_pc_pair_bucket[61][12] = 71
pc_pair_diag_success_pc_pair_bucket[61][13] = 79
pc_pair_diag_success_pc_pair_bucket[61][14] = 67
pc_pair_diag_success_pc_pair_bucket[61][15] = 74
pc_pair_diag_success_pc_pair_bucket[61][16] = 45
pc_pair_diag_success_pc_pair_bucket[61][17] = 42
pc_pair_diag_success_pc_pair_bucket[61][18] = 54
pc_pair_diag_success_pc_pair_bucket[61][19] = 41
pc_pair_diag_success_pc_pair_bucket[61][21] = 2
pc_pair_diag_success_pc_pair_bucket[61][22] = 2
pc_pair_diag_success_pc_pair_bucket[61][23] = 25
pc_pair_diag_success_pc_pair_bucket[61][24] = 77
pc_pair_diag_success_pc_pair_bucket[61][25] = 88
pc_pair_diag_success_pc_pair_bucket[61][26] = 75
pc_pair_diag_success_pc_pair_bucket[61][27] = 71
pc_pair_diag_success_pc_pair_bucket[61][28] = 60
pc_pair_diag_success_pc_pair_bucket[61][29] = 76
pc_pair_diag_success_pc_pair_bucket[61][30] = 79
pc_pair_diag_success_pc_pair_bucket[61][31] = 14
pc_pair_diag_success_pc_pair_bucket[61][32] = 6
pc_pair_diag_success_pc_pair_bucket[61][33] = 8
pc_pair_diag_success_pc_pair_bucket[61][34] = 52
pc_pair_diag_success_pc_pair_bucket[61][35] = 98
pc_pair_diag_success_pc_pair_bucket[61][36] = 73
pc_pair_diag_success_pc_pair_bucket[61][37] = 62
pc_pair_diag_success_pc_pair_bucket[61][38] = 67
pc_pair_diag_success_pc_pair_bucket[61][39] = 318
pc_pair_diag_success_pc_pair_bucket[61][40] = 224
pc_pair_diag_success_pc_pair_bucket[61][41] = 222
pc_pair_diag_success_pc_pair_bucket[61][42] = 242
pc_pair_diag_success_pc_pair_bucket[61][43] = 193
pc_pair_diag_success_pc_pair_bucket[61][44] = 129
pc_pair_diag_success_pc_pair_bucket[61][45] = 119
pc_pair_diag_success_pc_pair_bucket[61][46] = 101
pc_pair_diag_success_pc_pair_bucket[61][47] = 16
pc_pair_diag_success_pc_pair_bucket[61][48] = 13
pc_pair_diag_success_pc_pair_bucket[61][49] = 24
pc_pair_diag_success_pc_pair_bucket[61][50] = 63
pc_pair_diag_success_pc_pair_bucket[61][51] = 81
pc_pair_diag_success_pc_pair_bucket[61][52] = 80
pc_pair_diag_success_pc_pair_bucket[61][53] = 54
pc_pair_diag_success_pc_pair_bucket[61][54] = 55
pc_pair_diag_success_pc_pair_bucket[61][55] = 61
pc_pair_diag_success_pc_pair_bucket[61][56] = 50
pc_pair_diag_success_pc_pair_bucket[61][57] = 29
pc_pair_diag_success_pc_pair_bucket[61][58] = 10
pc_pair_diag_success_pc_pair_bucket[61][59] = 1
pc_pair_diag_success_pc_pair_bucket[61][60] = 8
pc_pair_diag_success_pc_pair_bucket[61][61] = 104
pc_pair_diag_success_pc_pair_bucket[61][62] = 143
pc_pair_diag_success_pc_pair_bucket[61][63] = 117
pc_pair_diag_success_pc_pair_bucket[62][1] = 2
pc_pair_diag_success_pc_pair_bucket[62][2] = 4
pc_pair_diag_success_pc_pair_bucket[62][3] = 3
pc_pair_diag_success_pc_pair_bucket[62][5] = 1
pc_pair_diag_success_pc_pair_bucket[62][6] = 2
pc_pair_diag_success_pc_pair_bucket[62][7] = 2
pc_pair_diag_success_pc_pair_bucket[62][9] = 1
pc_pair_diag_success_pc_pair_bucket[62][11] = 1
pc_pair_diag_success_pc_pair_bucket[62][12] = 12
pc_pair_diag_success_pc_pair_bucket[62][13] = 24
pc_pair_diag_success_pc_pair_bucket[62][14] = 21
pc_pair_diag_success_pc_pair_bucket[62][15] = 29
pc_pair_diag_success_pc_pair_bucket[62][16] = 10
pc_pair_diag_success_pc_pair_bucket[62][17] = 21
pc_pair_diag_success_pc_pair_bucket[62][18] = 28
pc_pair_diag_success_pc_pair_bucket[62][19] = 21
pc_pair_diag_success_pc_pair_bucket[62][23] = 3
pc_pair_diag_success_pc_pair_bucket[62][24] = 5
pc_pair_diag_success_pc_pair_bucket[62][25] = 6
pc_pair_diag_success_pc_pair_bucket[62][26] = 10
pc_pair_diag_success_pc_pair_bucket[62][27] = 9
pc_pair_diag_success_pc_pair_bucket[62][28] = 9
pc_pair_diag_success_pc_pair_bucket[62][29] = 10
pc_pair_diag_success_pc_pair_bucket[62][30] = 6
pc_pair_diag_success_pc_pair_bucket[62][33] = 1
pc_pair_diag_success_pc_pair_bucket[62][34] = 1
pc_pair_diag_success_pc_pair_bucket[62][35] = 1
pc_pair_diag_success_pc_pair_bucket[62][36] = 1
pc_pair_diag_success_pc_pair_bucket[62][38] = 1
pc_pair_diag_success_pc_pair_bucket[62][39] = 75
pc_pair_diag_success_pc_pair_bucket[62][40] = 77
pc_pair_diag_success_pc_pair_bucket[62][41] = 68
pc_pair_diag_success_pc_pair_bucket[62][42] = 88
pc_pair_diag_success_pc_pair_bucket[62][43] = 63
pc_pair_diag_success_pc_pair_bucket[62][44] = 69
pc_pair_diag_success_pc_pair_bucket[62][45] = 58
pc_pair_diag_success_pc_pair_bucket[62][46] = 29
pc_pair_diag_success_pc_pair_bucket[62][47] = 1
pc_pair_diag_success_pc_pair_bucket[62][50] = 22
pc_pair_diag_success_pc_pair_bucket[62][51] = 15
pc_pair_diag_success_pc_pair_bucket[62][52] = 20
pc_pair_diag_success_pc_pair_bucket[62][53] = 22
pc_pair_diag_success_pc_pair_bucket[62][54] = 23
pc_pair_diag_success_pc_pair_bucket[62][55] = 22
pc_pair_diag_success_pc_pair_bucket[62][56] = 25
pc_pair_diag_success_pc_pair_bucket[62][57] = 11
pc_pair_diag_success_pc_pair_bucket[62][63] = 2
pc_pair_diag_success_pc_pair_bucket[63][0] = 4
pc_pair_diag_success_pc_pair_bucket[63][2] = 1
pc_pair_diag_success_pc_pair_bucket[63][3] = 3
pc_pair_diag_success_pc_pair_bucket[63][4] = 1
pc_pair_diag_success_pc_pair_bucket[63][5] = 1
pc_pair_diag_success_pc_pair_bucket[63][6] = 3
pc_pair_diag_success_pc_pair_bucket[63][7] = 1
pc_pair_diag_success_pc_pair_bucket[63][8] = 7
pc_pair_diag_success_pc_pair_bucket[63][9] = 5
pc_pair_diag_success_pc_pair_bucket[63][10] = 4
pc_pair_diag_success_pc_pair_bucket[63][11] = 1
pc_pair_diag_success_pc_pair_bucket[63][12] = 17
pc_pair_diag_success_pc_pair_bucket[63][13] = 24
pc_pair_diag_success_pc_pair_bucket[63][14] = 23
pc_pair_diag_success_pc_pair_bucket[63][15] = 24
pc_pair_diag_success_pc_pair_bucket[63][16] = 27
pc_pair_diag_success_pc_pair_bucket[63][17] = 12
pc_pair_diag_success_pc_pair_bucket[63][18] = 24
pc_pair_diag_success_pc_pair_bucket[63][19] = 40
pc_pair_diag_success_pc_pair_bucket[63][20] = 1
pc_pair_diag_success_pc_pair_bucket[63][23] = 5
pc_pair_diag_success_pc_pair_bucket[63][24] = 6
pc_pair_diag_success_pc_pair_bucket[63][25] = 4
pc_pair_diag_success_pc_pair_bucket[63][26] = 6
pc_pair_diag_success_pc_pair_bucket[63][27] = 12
pc_pair_diag_success_pc_pair_bucket[63][28] = 14
pc_pair_diag_success_pc_pair_bucket[63][29] = 15
pc_pair_diag_success_pc_pair_bucket[63][30] = 9
pc_pair_diag_success_pc_pair_bucket[63][31] = 3
pc_pair_diag_success_pc_pair_bucket[63][32] = 1
pc_pair_diag_success_pc_pair_bucket[63][33] = 1
pc_pair_diag_success_pc_pair_bucket[63][34] = 2
pc_pair_diag_success_pc_pair_bucket[63][35] = 3
pc_pair_diag_success_pc_pair_bucket[63][36] = 3
pc_pair_diag_success_pc_pair_bucket[63][37] = 2
pc_pair_diag_success_pc_pair_bucket[63][38] = 5
pc_pair_diag_success_pc_pair_bucket[63][39] = 83
pc_pair_diag_success_pc_pair_bucket[63][40] = 84
pc_pair_diag_success_pc_pair_bucket[63][41] = 89
pc_pair_diag_success_pc_pair_bucket[63][42] = 73
pc_pair_diag_success_pc_pair_bucket[63][43] = 93
pc_pair_diag_success_pc_pair_bucket[63][44] = 56
pc_pair_diag_success_pc_pair_bucket[63][45] = 64
pc_pair_diag_success_pc_pair_bucket[63][46] = 46
pc_pair_diag_success_pc_pair_bucket[63][47] = 6
pc_pair_diag_success_pc_pair_bucket[63][48] = 1
pc_pair_diag_success_pc_pair_bucket[63][49] = 1
pc_pair_diag_success_pc_pair_bucket[63][50] = 18
pc_pair_diag_success_pc_pair_bucket[63][51] = 18
pc_pair_diag_success_pc_pair_bucket[63][52] = 24
pc_pair_diag_success_pc_pair_bucket[63][53] = 18
pc_pair_diag_success_pc_pair_bucket[63][54] = 22
pc_pair_diag_success_pc_pair_bucket[63][55] = 27
pc_pair_diag_success_pc_pair_bucket[63][56] = 20
pc_pair_diag_success_pc_pair_bucket[63][57] = 17
pc_pair_diag_success_pc_pair_bucket[63][61] = 1
pc_pair_diag_success_pc_pair_bucket[63][62] = 1
pc_pair_fail_no_producer = 6611605
pc_pair_fail_no_consumer = 0
pc_pair_fail_no_compatible_pair = 49710
pc_pair_diag_incompatible_exec_type[NONE][NONE] = 0
pc_pair_diag_incompatible_exec_type[NONE][SP] = 0
pc_pair_diag_incompatible_exec_type[NONE][SFU] = 0
pc_pair_diag_incompatible_exec_type[NONE][MEM] = 0
pc_pair_diag_incompatible_exec_type[NONE][DP] = 0
pc_pair_diag_incompatible_exec_type[NONE][INT] = 0
pc_pair_diag_incompatible_exec_type[NONE][TENSOR] = 0
pc_pair_diag_incompatible_exec_type[NONE][SPECIALIZED] = 0
pc_pair_diag_incompatible_exec_type[SP][NONE] = 0
pc_pair_diag_incompatible_exec_type[SP][SP] = 0
pc_pair_diag_incompatible_exec_type[SP][SFU] = 0
pc_pair_diag_incompatible_exec_type[SP][MEM] = 0
pc_pair_diag_incompatible_exec_type[SP][DP] = 0
pc_pair_diag_incompatible_exec_type[SP][INT] = 0
pc_pair_diag_incompatible_exec_type[SP][TENSOR] = 0
pc_pair_diag_incompatible_exec_type[SP][SPECIALIZED] = 0
pc_pair_diag_incompatible_exec_type[SFU][NONE] = 0
pc_pair_diag_incompatible_exec_type[SFU][SP] = 0
pc_pair_diag_incompatible_exec_type[SFU][SFU] = 0
pc_pair_diag_incompatible_exec_type[SFU][MEM] = 0
pc_pair_diag_incompatible_exec_type[SFU][DP] = 0
pc_pair_diag_incompatible_exec_type[SFU][INT] = 0
pc_pair_diag_incompatible_exec_type[SFU][TENSOR] = 0
pc_pair_diag_incompatible_exec_type[SFU][SPECIALIZED] = 0
pc_pair_diag_incompatible_exec_type[MEM][NONE] = 0
pc_pair_diag_incompatible_exec_type[MEM][SP] = 0
pc_pair_diag_incompatible_exec_type[MEM][SFU] = 0
pc_pair_diag_incompatible_exec_type[MEM][MEM] = 246704
pc_pair_diag_incompatible_exec_type[MEM][DP] = 0
pc_pair_diag_incompatible_exec_type[MEM][INT] = 0
pc_pair_diag_incompatible_exec_type[MEM][TENSOR] = 0
pc_pair_diag_incompatible_exec_type[MEM][SPECIALIZED] = 0
pc_pair_diag_incompatible_exec_type[DP][NONE] = 0
pc_pair_diag_incompatible_exec_type[DP][SP] = 0
pc_pair_diag_incompatible_exec_type[DP][SFU] = 0
pc_pair_diag_incompatible_exec_type[DP][MEM] = 0
pc_pair_diag_incompatible_exec_type[DP][DP] = 0
pc_pair_diag_incompatible_exec_type[DP][INT] = 0
pc_pair_diag_incompatible_exec_type[DP][TENSOR] = 0
pc_pair_diag_incompatible_exec_type[DP][SPECIALIZED] = 0
pc_pair_diag_incompatible_exec_type[INT][NONE] = 0
pc_pair_diag_incompatible_exec_type[INT][SP] = 0
pc_pair_diag_incompatible_exec_type[INT][SFU] = 0
pc_pair_diag_incompatible_exec_type[INT][MEM] = 0
pc_pair_diag_incompatible_exec_type[INT][DP] = 0
pc_pair_diag_incompatible_exec_type[INT][INT] = 19109
pc_pair_diag_incompatible_exec_type[INT][TENSOR] = 0
pc_pair_diag_incompatible_exec_type[INT][SPECIALIZED] = 0
pc_pair_diag_incompatible_exec_type[TENSOR][NONE] = 0
pc_pair_diag_incompatible_exec_type[TENSOR][SP] = 0
pc_pair_diag_incompatible_exec_type[TENSOR][SFU] = 0
pc_pair_diag_incompatible_exec_type[TENSOR][MEM] = 0
pc_pair_diag_incompatible_exec_type[TENSOR][DP] = 0
pc_pair_diag_incompatible_exec_type[TENSOR][INT] = 0
pc_pair_diag_incompatible_exec_type[TENSOR][TENSOR] = 0
pc_pair_diag_incompatible_exec_type[TENSOR][SPECIALIZED] = 0
pc_pair_diag_incompatible_exec_type[SPECIALIZED][NONE] = 0
pc_pair_diag_incompatible_exec_type[SPECIALIZED][SP] = 0
pc_pair_diag_incompatible_exec_type[SPECIALIZED][SFU] = 0
pc_pair_diag_incompatible_exec_type[SPECIALIZED][MEM] = 0
pc_pair_diag_incompatible_exec_type[SPECIALIZED][DP] = 0
pc_pair_diag_incompatible_exec_type[SPECIALIZED][INT] = 0
pc_pair_diag_incompatible_exec_type[SPECIALIZED][TENSOR] = 0
pc_pair_diag_incompatible_exec_type[SPECIALIZED][SPECIALIZED] = 0
pc_pair_diag_incompatible_region[producer_load][consumer_ffma] = 246704
pc_pair_diag_incompatible_region[producer_int][consumer_ffma] = 19133
pc_pair_diag_filtered_region[producer_load][consumer_store] = 50
pc_pair_diag_filtered_region[producer_int][consumer_store] = 295
pc_pair_diag_filtered_region[producer_store][consumer_ffma] = 35430
pc_pair_diag_filtered_region[producer_store][consumer_store] = 50
pc_pair_diag_incompatible_pc_pair_top[0] = producer_pc=0x5888 producer_line=3678 consumer_pc=0x5888 consumer_line=3678 count=28152
pc_pair_diag_incompatible_pc_pair_top[1] = producer_pc=0x5890 producer_line=3679 consumer_pc=0x5890 consumer_line=3679 count=28152
pc_pair_diag_incompatible_pc_pair_top[2] = producer_pc=0x5880 producer_line=3677 consumer_pc=0x5880 consumer_line=3677 count=25020
pc_pair_diag_incompatible_pc_pair_top[3] = producer_pc=0x5898 producer_line=3680 consumer_pc=0x5898 consumer_line=3680 count=21568
pc_pair_diag_incompatible_pc_pair_top[4] = producer_pc=0x5890 producer_line=3679 consumer_pc=0x5888 consumer_line=3678 count=16120
pc_pair_diag_incompatible_pc_pair_top[5] = producer_pc=0x5898 producer_line=3680 consumer_pc=0x5890 consumer_line=3679 count=16104
pc_pair_diag_incompatible_pc_pair_top[6] = producer_pc=0x5888 producer_line=3678 consumer_pc=0x5880 consumer_line=3677 count=15924
pc_pair_diag_incompatible_pc_pair_top[7] = producer_pc=0x5878 producer_line=3676 consumer_pc=0x5878 consumer_line=3676 count=14416
pc_pair_diag_incompatible_pc_pair_top[8] = producer_pc=0x5880 producer_line=3677 consumer_pc=0x5878 consumer_line=3676 count=10588
pc_pair_diag_incompatible_pc_pair_top[9] = producer_pc=0x5880 producer_line=3677 consumer_pc=0x5888 consumer_line=3678 count=8552
pc_pair_diag_incompatible_pc_pair_top[10] = producer_pc=0x5888 producer_line=3678 consumer_pc=0x5890 consumer_line=3679 count=8552
pc_pair_diag_incompatible_pc_pair_top[11] = producer_pc=0x5890 producer_line=3679 consumer_pc=0x5898 consumer_line=3680 count=8552
pc_pair_diag_incompatible_pc_pair_top[12] = producer_pc=0x5890 producer_line=3679 consumer_pc=0x5880 consumer_line=3677 count=8120
pc_pair_diag_incompatible_pc_pair_top[13] = producer_pc=0x5898 producer_line=3680 consumer_pc=0x5888 consumer_line=3678 count=8120
pc_pair_diag_incompatible_pc_pair_top[14] = producer_pc=0x5888 producer_line=3678 consumer_pc=0x5878 consumer_line=3676 count=7708
pc_pair_diag_incompatible_pc_pair_top[15] = producer_pc=0x5878 producer_line=3676 consumer_pc=0x5880 consumer_line=3677 count=7100
pc_pair_diag_incompatible_pc_pair_bucket[1][1] = 2
pc_pair_diag_incompatible_pc_pair_bucket[2][45] = 1
pc_pair_diag_incompatible_pc_pair_bucket[7][7] = 20424
pc_pair_diag_incompatible_pc_pair_bucket[7][8] = 9352
pc_pair_diag_incompatible_pc_pair_bucket[8][7] = 20184
pc_pair_diag_incompatible_pc_pair_bucket[8][8] = 77648
pc_pair_diag_incompatible_pc_pair_bucket[8][9] = 12360
pc_pair_diag_incompatible_pc_pair_bucket[9][8] = 32360
pc_pair_diag_incompatible_pc_pair_bucket[9][9] = 74376
pc_pair_diag_incompatible_pc_pair_bucket[10][10] = 3488
pc_pair_diag_incompatible_pc_pair_bucket[11][11] = 1584
pc_pair_diag_incompatible_pc_pair_bucket[12][11] = 464
pc_pair_diag_incompatible_pc_pair_bucket[12][12] = 3725
pc_pair_diag_incompatible_pc_pair_bucket[12][13] = 132
pc_pair_diag_incompatible_pc_pair_bucket[13][12] = 3644
pc_pair_diag_incompatible_pc_pair_bucket[13][13] = 1092
pc_pair_diag_incompatible_pc_pair_bucket[13][14] = 16
pc_pair_diag_incompatible_pc_pair_bucket[14][12] = 32
pc_pair_diag_incompatible_pc_pair_bucket[14][13] = 148
pc_pair_diag_incompatible_pc_pair_bucket[14][14] = 612
pc_pair_diag_incompatible_pc_pair_bucket[14][16] = 348
pc_pair_diag_incompatible_pc_pair_bucket[15][14] = 480
pc_pair_diag_incompatible_pc_pair_bucket[15][15] = 1044
pc_pair_diag_incompatible_pc_pair_bucket[15][16] = 348
pc_pair_diag_incompatible_pc_pair_bucket[16][13] = 1
pc_pair_diag_incompatible_pc_pair_bucket[16][14] = 232
pc_pair_diag_incompatible_pc_pair_bucket[16][15] = 364
pc_pair_diag_incompatible_pc_pair_bucket[16][16] = 116
pc_pair_diag_incompatible_pc_pair_bucket[16][56] = 1
pc_pair_diag_incompatible_pc_pair_bucket[16][57] = 1
pc_pair_diag_incompatible_pc_pair_bucket[17][15] = 116
pc_pair_diag_incompatible_pc_pair_bucket[17][16] = 696
pc_pair_diag_incompatible_pc_pair_bucket[17][17] = 232
pc_pair_diag_incompatible_pc_pair_bucket[17][26] = 132
pc_pair_diag_incompatible_pc_pair_bucket[18][16] = 16
pc_pair_diag_incompatible_pc_pair_bucket[18][17] = 16
pc_pair_diag_incompatible_pc_pair_bucket[23][4] = 1
pc_pair_diag_incompatible_pc_pair_bucket[24][29] = 1
pc_pair_diag_incompatible_pc_pair_bucket[27][19] = 1
pc_pair_diag_incompatible_pc_pair_bucket[27][26] = 1
pc_pair_diag_incompatible_pc_pair_bucket[27][40] = 1
pc_pair_diag_incompatible_pc_pair_bucket[29][4] = 2
pc_pair_diag_incompatible_pc_pair_bucket[29][18] = 1
pc_pair_diag_incompatible_pc_pair_bucket[30][4] = 1
pc_pair_diag_incompatible_pc_pair_bucket[30][44] = 1
pc_pair_diag_incompatible_pc_pair_bucket[32][19] = 1
pc_pair_diag_incompatible_pc_pair_bucket[34][3] = 1
pc_pair_diag_incompatible_pc_pair_bucket[34][6] = 1
pc_pair_diag_incompatible_pc_pair_bucket[34][34] = 1
pc_pair_diag_incompatible_pc_pair_bucket[41][11] = 1
pc_pair_diag_incompatible_pc_pair_bucket[41][24] = 1
pc_pair_diag_incompatible_pc_pair_bucket[43][18] = 1
pc_pair_diag_incompatible_pc_pair_bucket[50][30] = 1
pc_pair_diag_incompatible_pc_pair_bucket[53][29] = 1
pc_pair_diag_incompatible_pc_pair_bucket[54][30] = 1
pc_pair_diag_incompatible_pc_pair_bucket[56][31] = 1
pc_pair_diag_incompatible_pc_pair_bucket[58][27] = 1
pc_pair_diag_incompatible_pc_pair_bucket[58][56] = 1
pc_pair_diag_incompatible_pc_pair_bucket[59][30] = 1
pc_pair_diag_incompatible_pc_pair_bucket[60][45] = 1
pc_pair_diag_incompatible_pc_pair_bucket[61][61] = 1
pc_pair_fail_scoreboard = 17707793
pc_pair_fail_fu_conflict = 0
pc_pair_fail_regset_busy = 89731
pc_pair_fail_pipeline_busy = 0
pc_pair_single_fallback = 8490452
pc_pair_same_warp_dual_fallback = 0
pc_pair_diag_producer_ready_cycles = 456012
pc_pair_diag_consumer_ready_cycles = 8461538
pc_pair_diag_both_ready_cycles = 238404
pc_pair_diag_pair_blocked_pipe_reg_cycles = 21691
pc_pair_diag_producer_valid_cycles = 18890805
pc_pair_diag_producer_scoreboard_ready_cycles = 558328
pc_pair_diag_producer_pipe_ready_cycles = 456012
pc_pair_diag_consumer_valid_cycles = 19330974
pc_pair_diag_consumer_scoreboard_ready_cycles = 8566942
pc_pair_diag_consumer_pipe_ready_cycles = 8461538
pc_pair_diag_both_scoreboard_ready_cycles = 337556
pc_pair_diag_saw_producer_cycles = 18895723
pc_pair_diag_saw_consumer_cycles = 24809956
pc_pair_diag_no_producer_ready_cycles = 18439711
pc_pair_diag_no_consumer_ready_cycles = 16348418
pc_pair_diag_producer_ready_candidate_sum = 547822
pc_pair_diag_consumer_ready_candidate_sum = 10054071
pc_pair_diag_max_producer_ready_candidates = 4
pc_pair_diag_max_consumer_ready_candidates = 4
pc_pair_diag_joint_pair_scans = 698265
pc_pair_diag_joint_incompatible_pairs = 265837
pc_pair_diag_joint_reprobe_status[READY] = 0
pc_pair_diag_joint_reprobe_status[NO_INST] = 0
pc_pair_diag_joint_reprobe_status[WAITING] = 0
pc_pair_diag_joint_reprobe_status[IBUFFER_EMPTY] = 0
pc_pair_diag_joint_reprobe_status[CONTROL_HAZARD] = 0
pc_pair_diag_joint_reprobe_status[SCOREBOARD] = 0
pc_pair_diag_joint_reprobe_status[FU_CONFLICT] = 0
pc_pair_diag_joint_reprobe_status[REGSET_BUSY] = 0
pc_pair_diag_joint_reprobe_status[PIPELINE_BUSY] = 0
pc_pair_diag_success_rank_samples = 188694
pc_pair_diag_success_producer_rank_sum = 1881753
pc_pair_diag_success_consumer_rank_sum = 1253605
pc_pair_diag_selected_score_samples = 188694
pc_pair_diag_selected_score_sum = 186864400
pc_pair_diag_adaptive_strict_selected = 0
pc_pair_diag_adaptive_fallback_selected = 0
pc_pair_diag_adaptive_fallback_filtered = 0
pc_pair_diag_policy5_selected = 0
pc_pair_diag_policy5_hot_selected = 0
pc_pair_diag_policy5_nonhot_selected = 0
pc_pair_diag_policy6_selected = 188694
pc_pair_diag_policy6_cross_partition_selected = 76183
pc_pair_diag_policy6_fallback_selected = 0
pc_pair_diag_policy7_selected = 0
pc_pair_diag_policy8_attempts = 0
pc_pair_diag_policy8_success = 0
pc_pair_diag_policy8_bypass_first_issue_consumer = 0
pc_pair_diag_policy8_bypass_not_hot = 0
pc_pair_diag_policy8_bypass_regset_or_pipe = 0
pc_pair_diag_policy8_bypass_throttle = 0
pc_pair_diag_policy8_first_producer = 0
pc_pair_diag_policy8_first_consumer = 0
pc_pair_diag_probe_status[producer][READY] = 547822
pc_pair_diag_probe_status[producer][WAITING] = 10887
pc_pair_diag_probe_status[producer][IBUFFER_EMPTY] = 30386
pc_pair_diag_probe_status[producer][SCOREBOARD] = 62270298
pc_pair_diag_probe_status[producer][REGSET_BUSY] = 347971
pc_pair_diag_probe_status[consumer][READY] = 10054071
pc_pair_diag_probe_status[consumer][WAITING] = 43046429
pc_pair_diag_probe_status[consumer][IBUFFER_EMPTY] = 595867
pc_pair_diag_probe_status[consumer][SCOREBOARD] = 34594655
pc_pair_diag_probe_status[consumer][REGSET_BUSY] = 366176
pc_pair_diag_scoreboard_exec_type[producer][MEM] = 61423633
pc_pair_diag_regset_busy_exec_type[producer][MEM] = 207384
pc_pair_diag_scoreboard_exec_type[producer][INT] = 846665
pc_pair_diag_regset_busy_exec_type[producer][INT] = 140587
pc_pair_diag_scoreboard_exec_type[consumer][SP] = 26093764
pc_pair_diag_regset_busy_exec_type[consumer][SP] = 2
pc_pair_diag_scoreboard_exec_type[consumer][MEM] = 535579
pc_pair_diag_regset_busy_exec_type[consumer][MEM] = 220008
pc_pair_diag_scoreboard_exec_type[consumer][INT] = 7965312
pc_pair_diag_regset_busy_exec_type[consumer][INT] = 146166
traffic_breakdown_coretomem[GLOBAL_ACC_R] = 1572864 {8:196608,}
traffic_breakdown_coretomem[GLOBAL_ACC_W] = 2621440 {40:65536,}
traffic_breakdown_memtocore[GLOBAL_ACC_R] = 7864320 {40:196608,}
traffic_breakdown_memtocore[GLOBAL_ACC_W] = 524288 {8:65536,}
Memory Partition 0: 
Cache L2_bank_000:
MSHR contents

Cache L2_bank_001:
MSHR contents

In Dram Latency Queue (total = 0): 
DRAM[0]: 16 bks, busW=32 BL=2 CL=44, tRRD=11 tCCD=4, tRCD=44 tRAS=104 tRP=44 tRC=147
n_cmd=93378 n_nop=84208 n_act=557 n_pre=541 n_ref_event=0 n_req=8192 n_rd=8192 n_rd_L2_A=0 n_write=0 n_wr_bk=0 bw_util=0.08773
n_activity=50686 dram_eff=0.1616
bk0: 512a 79082i bk1: 512a 79345i bk2: 512a 79559i bk3: 512a 82351i bk4: 512a 78119i bk5: 512a 79407i bk6: 512a 81043i bk7: 512a 82731i bk8: 512a 79328i bk9: 512a 81840i bk10: 512a 75567i bk11: 512a 81244i bk12: 512a 80358i bk13: 512a 83101i bk14: 512a 78770i bk15: 512a 80291i 

------------------------------------------------------------------------

Row_Buffer_Locality = 0.932007
Row_Buffer_Locality_read = 0.932007
Row_Buffer_Locality_write = -nan
Bank_Level_Parallism = 4.509866
Bank_Level_Parallism_Col = 3.514339
Bank_Level_Parallism_Ready = 2.297119
write_to_read_ratio_blp_rw_average = 0.000000
GrpLevelPara = 1.816786 

BW Util details:
bwutil = 0.087729 
total_CMD = 93378 
util_bw = 32768 
Wasted_Col = 12894 
Wasted_Row = 3336 
Idle = 44380 

BW Util Bottlenecks: 
RCDc_limit = 12239 
RCDWRc_limit = 0 
WTRc_limit = 0 
RTWc_limit = 0 
CCDLc_limit = 13495 
rwq = 0 
CCDLc_limit_alone = 13495 
WTRc_limit_alone = 0 
RTWc_limit_alone = 0 

Commands details: 
total_CMD = 93378 
n_nop = 84208 
Read = 8192 
Write = 0 
L2_Alloc = 0 
L2_WB = 0 
n_act = 557 
n_pre = 541 
n_ref = 0 
n_req = 8192 
total_req = 8192 

Dual Bus Interface Util: 
issued_total_row = 1098 
issued_total_col = 8192 
Row_Bus_Util =  0.011759 
CoL_Bus_Util = 0.087729 
Either_Row_CoL_Bus_Util = 0.098203 
Issued_on_Two_Bus_Simul_Util = 0.001285 
issued_two_Eff = 0.013086 
queue_avg = 33.876877 


dram_util_bins: 0 0 0 0 0 0 0 0 0 0
dram_eff_bins: 0 0 0 0 0 0 0 0 0 0
mrqq: max=183 avg=33.8769
Memory Partition 1: 
Cache L2_bank_002:
MSHR contents

Cache L2_bank_003:
MSHR contents

In Dram Latency Queue (total = 0): 
DRAM[1]: 16 bks, busW=32 BL=2 CL=44, tRRD=11 tCCD=4, tRCD=44 tRAS=104 tRP=44 tRC=147
n_cmd=93378 n_nop=84154 n_act=579 n_pre=563 n_ref_event=0 n_req=8192 n_rd=8192 n_rd_L2_A=0 n_write=0 n_wr_bk=0 bw_util=0.08773
n_activity=54035 dram_eff=0.1516
bk0: 512a 78827i bk1: 512a 82061i bk2: 512a 79894i bk3: 512a 81380i bk4: 512a 77258i bk5: 512a 82990i bk6: 512a 78707i bk7: 512a 81043i bk8: 512a 80437i bk9: 512a 84698i bk10: 512a 77272i bk11: 512a 81255i bk12: 512a 80575i bk13: 512a 82565i bk14: 512a 76868i bk15: 512a 80174i 

------------------------------------------------------------------------

Row_Buffer_Locality = 0.929321
Row_Buffer_Locality_read = 0.929321
Row_Buffer_Locality_write = -nan
Bank_Level_Parallism = 4.162707
Bank_Level_Parallism_Col = 3.159623
Bank_Level_Parallism_Ready = 2.022095
write_to_read_ratio_blp_rw_average = 0.000000
GrpLevelPara = 1.669690 

BW Util details:
bwutil = 0.087729 
total_CMD = 93378 
util_bw = 32768 
Wasted_Col = 15056 
Wasted_Row = 4311 
Idle = 41243 

BW Util Bottlenecks: 
RCDc_limit = 13631 
RCDWRc_limit = 0 
WTRc_limit = 0 
RTWc_limit = 0 
CCDLc_limit = 15411 
rwq = 0 
CCDLc_limit_alone = 15411 
WTRc_limit_alone = 0 
RTWc_limit_alone = 0 

Commands details: 
total_CMD = 93378 
n_nop = 84154 
Read = 8192 
Write = 0 
L2_Alloc = 0 
L2_WB = 0 
n_act = 579 
n_pre = 563 
n_ref = 0 
n_req = 8192 
total_req = 8192 

Dual Bus Interface Util: 
issued_total_row = 1142 
issued_total_col = 8192 
Row_Bus_Util =  0.012230 
CoL_Bus_Util = 0.087729 
Either_Row_CoL_Bus_Util = 0.098781 
Issued_on_Two_Bus_Simul_Util = 0.001178 
issued_two_Eff = 0.011925 
queue_avg = 32.903938 


dram_util_bins: 0 0 0 0 0 0 0 0 0 0
dram_eff_bins: 0 0 0 0 0 0 0 0 0 0
mrqq: max=159 avg=32.9039
Memory Partition 2: 
Cache L2_bank_004:
MSHR contents

Cache L2_bank_005:
MSHR contents

In Dram Latency Queue (total = 0): 
DRAM[2]: 16 bks, busW=32 BL=2 CL=44, tRRD=11 tCCD=4, tRCD=44 tRAS=104 tRP=44 tRC=147
n_cmd=93378 n_nop=84067 n_act=628 n_pre=612 n_ref_event=0 n_req=8192 n_rd=8192 n_rd_L2_A=0 n_write=0 n_wr_bk=0 bw_util=0.08773
n_activity=46238 dram_eff=0.1772
bk0: 512a 74726i bk1: 512a 76278i bk2: 512a 74114i bk3: 512a 78561i bk4: 512a 78341i bk5: 512a 77128i bk6: 512a 77484i bk7: 512a 81207i bk8: 512a 77049i bk9: 512a 79447i bk10: 512a 77132i bk11: 512a 77940i bk12: 512a 75113i bk13: 512a 79009i bk14: 512a 74833i bk15: 512a 76815i 

------------------------------------------------------------------------

Row_Buffer_Locality = 0.923340
Row_Buffer_Locality_read = 0.923340
Row_Buffer_Locality_write = -nan
Bank_Level_Parallism = 5.953255
Bank_Level_Parallism_Col = 5.062317
Bank_Level_Parallism_Ready = 3.673706
write_to_read_ratio_blp_rw_average = 0.000000
GrpLevelPara = 2.333751 

BW Util details:
bwutil = 0.087729 
total_CMD = 93378 
util_bw = 32768 
Wasted_Col = 9950 
Wasted_Row = 2294 
Idle = 48366 

BW Util Bottlenecks: 
RCDc_limit = 8775 
RCDWRc_limit = 0 
WTRc_limit = 0 
RTWc_limit = 0 
CCDLc_limit = 10000 
rwq = 0 
CCDLc_limit_alone = 10000 
WTRc_limit_alone = 0 
RTWc_limit_alone = 0 

Commands details: 
total_CMD = 93378 
n_nop = 84067 
Read = 8192 
Write = 0 
L2_Alloc = 0 
L2_WB = 0 
n_act = 628 
n_pre = 612 
n_ref = 0 
n_req = 8192 
total_req = 8192 

Dual Bus Interface Util: 
issued_total_row = 1240 
issued_total_col = 8192 
Row_Bus_Util =  0.013279 
CoL_Bus_Util = 0.087729 
Either_Row_CoL_Bus_Util = 0.099713 
Issued_on_Two_Bus_Simul_Util = 0.001296 
issued_two_Eff = 0.012995 
queue_avg = 40.909645 


dram_util_bins: 0 0 0 0 0 0 0 0 0 0
dram_eff_bins: 0 0 0 0 0 0 0 0 0 0
mrqq: max=233 avg=40.9096
Memory Partition 3: 
Cache L2_bank_006:
MSHR contents

Cache L2_bank_007:
MSHR contents

In Dram Latency Queue (total = 0): 
DRAM[3]: 16 bks, busW=32 BL=2 CL=44, tRRD=11 tCCD=4, tRCD=44 tRAS=104 tRP=44 tRC=147
n_cmd=93378 n_nop=84011 n_act=654 n_pre=638 n_ref_event=0 n_req=8192 n_rd=8192 n_rd_L2_A=0 n_write=0 n_wr_bk=0 bw_util=0.08773
n_activity=48906 dram_eff=0.1675
bk0: 512a 76142i bk1: 512a 78103i bk2: 512a 75401i bk3: 512a 77635i bk4: 512a 75957i bk5: 512a 81219i bk6: 512a 75169i bk7: 512a 77316i bk8: 512a 74764i bk9: 512a 81335i bk10: 512a 75878i bk11: 512a 78519i bk12: 512a 74207i bk13: 512a 79815i bk14: 512a 75579i bk15: 512a 76915i 

------------------------------------------------------------------------

Row_Buffer_Locality = 0.920166
Row_Buffer_Locality_read = 0.920166
Row_Buffer_Locality_write = -nan
Bank_Level_Parallism = 5.758446
Bank_Level_Parallism_Col = 4.913896
Bank_Level_Parallism_Ready = 3.565796
write_to_read_ratio_blp_rw_average = 0.000000
GrpLevelPara = 2.226133 

BW Util details:
bwutil = 0.087729 
total_CMD = 93378 
util_bw = 32768 
Wasted_Col = 10891 
Wasted_Row = 3148 
Idle = 46571 

BW Util Bottlenecks: 
RCDc_limit = 9991 
RCDWRc_limit = 0 
WTRc_limit = 0 
RTWc_limit = 0 
CCDLc_limit = 10455 
rwq = 0 
CCDLc_limit_alone = 10455 
WTRc_limit_alone = 0 
RTWc_limit_alone = 0 

Commands details: 
total_CMD = 93378 
n_nop = 84011 
Read = 8192 
Write = 0 
L2_Alloc = 0 
L2_WB = 0 
n_act = 654 
n_pre = 638 
n_ref = 0 
n_req = 8192 
total_req = 8192 

Dual Bus Interface Util: 
issued_total_row = 1292 
issued_total_col = 8192 
Row_Bus_Util =  0.013836 
CoL_Bus_Util = 0.087729 
Either_Row_CoL_Bus_Util = 0.100313 
Issued_on_Two_Bus_Simul_Util = 0.001253 
issued_two_Eff = 0.012491 
queue_avg = 38.335209 


dram_util_bins: 0 0 0 0 0 0 0 0 0 0
dram_eff_bins: 0 0 0 0 0 0 0 0 0 0
mrqq: max=233 avg=38.3352
Memory Partition 4: 
Cache L2_bank_008:
MSHR contents

Cache L2_bank_009:
MSHR contents

In Dram Latency Queue (total = 0): 
DRAM[4]: 16 bks, busW=32 BL=2 CL=44, tRRD=11 tCCD=4, tRCD=44 tRAS=104 tRP=44 tRC=147
n_cmd=93378 n_nop=83941 n_act=704 n_pre=688 n_ref_event=0 n_req=8192 n_rd=8192 n_rd_L2_A=0 n_write=0 n_wr_bk=0 bw_util=0.08773
n_activity=45783 dram_eff=0.1789
bk0: 512a 74618i bk1: 512a 73689i bk2: 512a 73211i bk3: 512a 75721i bk4: 512a 78125i bk5: 512a 74696i bk6: 512a 75985i bk7: 512a 76108i bk8: 512a 75538i bk9: 512a 75686i bk10: 512a 75213i bk11: 512a 75294i bk12: 512a 74312i bk13: 512a 75751i bk14: 512a 74189i bk15: 512a 74006i 

------------------------------------------------------------------------

Row_Buffer_Locality = 0.914062
Row_Buffer_Locality_read = 0.914062
Row_Buffer_Locality_write = -nan
Bank_Level_Parallism = 6.806487
Bank_Level_Parallism_Col = 5.997832
Bank_Level_Parallism_Ready = 4.551514
write_to_read_ratio_blp_rw_average = 0.000000
GrpLevelPara = 2.569130 

BW Util details:
bwutil = 0.087729 
total_CMD = 93378 
util_bw = 32768 
Wasted_Col = 9087 
Wasted_Row = 2355 
Idle = 49168 

BW Util Bottlenecks: 
RCDc_limit = 8356 
RCDWRc_limit = 0 
WTRc_limit = 0 
RTWc_limit = 0 
CCDLc_limit = 9286 
rwq = 0 
CCDLc_limit_alone = 9286 
WTRc_limit_alone = 0 
RTWc_limit_alone = 0 

Commands details: 
total_CMD = 93378 
n_nop = 83941 
Read = 8192 
Write = 0 
L2_Alloc = 0 
L2_WB = 0 
n_act = 704 
n_pre = 688 
n_ref = 0 
n_req = 8192 
total_req = 8192 

Dual Bus Interface Util: 
issued_total_row = 1392 
issued_total_col = 8192 
Row_Bus_Util =  0.014907 
CoL_Bus_Util = 0.087729 
Either_Row_CoL_Bus_Util = 0.101062 
Issued_on_Two_Bus_Simul_Util = 0.001574 
issued_two_Eff = 0.015577 
queue_avg = 42.730621 


dram_util_bins: 0 0 0 0 0 0 0 0 0 0
dram_eff_bins: 0 0 0 0 0 0 0 0 0 0
mrqq: max=256 avg=42.7306
Memory Partition 5: 
Cache L2_bank_010:
MSHR contents

Cache L2_bank_011:
MSHR contents

In Dram Latency Queue (total = 0): 
DRAM[5]: 16 bks, busW=32 BL=2 CL=44, tRRD=11 tCCD=4, tRCD=44 tRAS=104 tRP=44 tRC=147
n_cmd=93378 n_nop=83868 n_act=724 n_pre=708 n_ref_event=0 n_req=8192 n_rd=8192 n_rd_L2_A=0 n_write=0 n_wr_bk=0 bw_util=0.08773
n_activity=48387 dram_eff=0.1693
bk0: 512a 72646i bk1: 512a 74377i bk2: 512a 73645i bk3: 512a 74679i bk4: 512a 74007i bk5: 512a 76443i bk6: 512a 74039i bk7: 512a 73849i bk8: 512a 71728i bk9: 512a 77365i bk10: 512a 75464i bk11: 512a 75726i bk12: 512a 74217i bk13: 512a 76390i bk14: 512a 74341i bk15: 512a 74891i 

------------------------------------------------------------------------

Row_Buffer_Locality = 0.911621
Row_Buffer_Locality_read = 0.911621
Row_Buffer_Locality_write = -nan
Bank_Level_Parallism = 6.785906
Bank_Level_Parallism_Col = 6.142395
Bank_Level_Parallism_Ready = 4.854858
write_to_read_ratio_blp_rw_average = 0.000000
GrpLevelPara = 2.566506 

BW Util details:
bwutil = 0.087729 
total_CMD = 93378 
util_bw = 32768 
Wasted_Col = 10074 
Wasted_Row = 2867 
Idle = 47669 

BW Util Bottlenecks: 
RCDc_limit = 8454 
RCDWRc_limit = 0 
WTRc_limit = 0 
RTWc_limit = 0 
CCDLc_limit = 8500 
rwq = 0 
CCDLc_limit_alone = 8500 
WTRc_limit_alone = 0 
RTWc_limit_alone = 0 

Commands details: 
total_CMD = 93378 
n_nop = 83868 
Read = 8192 
Write = 0 
L2_Alloc = 0 
L2_WB = 0 
n_act = 724 
n_pre = 708 
n_ref = 0 
n_req = 8192 
total_req = 8192 

Dual Bus Interface Util: 
issued_total_row = 1432 
issued_total_col = 8192 
Row_Bus_Util =  0.015336 
CoL_Bus_Util = 0.087729 
Either_Row_CoL_Bus_Util = 0.101844 
Issued_on_Two_Bus_Simul_Util = 0.001221 
issued_two_Eff = 0.011987 
queue_avg = 44.132420 


dram_util_bins: 0 0 0 0 0 0 0 0 0 0
dram_eff_bins: 0 0 0 0 0 0 0 0 0 0
mrqq: max=256 avg=44.1324
Memory Partition 6: 
Cache L2_bank_012:
MSHR contents

Cache L2_bank_013:
MSHR contents

In Dram Latency Queue (total = 0): 
DRAM[6]: 16 bks, busW=32 BL=2 CL=44, tRRD=11 tCCD=4, tRCD=44 tRAS=104 tRP=44 tRC=147
n_cmd=93378 n_nop=83884 n_act=743 n_pre=727 n_ref_event=0 n_req=8192 n_rd=8192 n_rd_L2_A=0 n_write=0 n_wr_bk=0 bw_util=0.08773
n_activity=45440 dram_eff=0.1803
bk0: 512a 78306i bk1: 512a 74568i bk2: 512a 76167i bk3: 512a 77657i bk4: 512a 80309i bk5: 512a 76677i bk6: 512a 79626i bk7: 512a 78215i bk8: 512a 78172i bk9: 512a 76999i bk10: 512a 79222i bk11: 512a 78381i bk12: 512a 76245i bk13: 512a 77022i bk14: 512a 78061i bk15: 512a 75721i 

------------------------------------------------------------------------

Row_Buffer_Locality = 0.909302
Row_Buffer_Locality_read = 0.909302
Row_Buffer_Locality_write = -nan
Bank_Level_Parallism = 5.991870
Bank_Level_Parallism_Col = 5.004838
Bank_Level_Parallism_Ready = 3.499268
write_to_read_ratio_blp_rw_average = 0.000000
GrpLevelPara = 2.476295 

BW Util details:
bwutil = 0.087729 
total_CMD = 93378 
util_bw = 32768 
Wasted_Col = 8739 
Wasted_Row = 2214 
Idle = 49657 

BW Util Bottlenecks: 
RCDc_limit = 8512 
RCDWRc_limit = 0 
WTRc_limit = 0 
RTWc_limit = 0 
CCDLc_limit = 8668 
rwq = 0 
CCDLc_limit_alone = 8668 
WTRc_limit_alone = 0 
RTWc_limit_alone = 0 

Commands details: 
total_CMD = 93378 
n_nop = 83884 
Read = 8192 
Write = 0 
L2_Alloc = 0 
L2_WB = 0 
n_act = 743 
n_pre = 727 
n_ref = 0 
n_req = 8192 
total_req = 8192 

Dual Bus Interface Util: 
issued_total_row = 1470 
issued_total_col = 8192 
Row_Bus_Util =  0.015742 
CoL_Bus_Util = 0.087729 
Either_Row_CoL_Bus_Util = 0.101673 
Issued_on_Two_Bus_Simul_Util = 0.001799 
issued_two_Eff = 0.017695 
queue_avg = 28.903179 


dram_util_bins: 0 0 0 0 0 0 0 0 0 0
dram_eff_bins: 0 0 0 0 0 0 0 0 0 0
mrqq: max=234 avg=28.9032
Memory Partition 7: 
Cache L2_bank_014:
MSHR contents

Cache L2_bank_015:
MSHR contents

In Dram Latency Queue (total = 0): 
DRAM[7]: 16 bks, busW=32 BL=2 CL=44, tRRD=11 tCCD=4, tRCD=44 tRAS=104 tRP=44 tRC=147
n_cmd=93378 n_nop=83778 n_act=785 n_pre=769 n_ref_event=0 n_req=8192 n_rd=8192 n_rd_L2_A=0 n_write=0 n_wr_bk=0 bw_util=0.08773
n_activity=48483 dram_eff=0.169
bk0: 512a 76242i bk1: 512a 77036i bk2: 512a 76448i bk3: 512a 75646i bk4: 512a 76441i bk5: 512a 76769i bk6: 512a 76068i bk7: 512a 75264i bk8: 512a 74811i bk9: 512a 78956i bk10: 512a 78941i bk11: 512a 75251i bk12: 512a 77689i bk13: 512a 77878i bk14: 512a 77452i bk15: 512a 76507i 

------------------------------------------------------------------------

Row_Buffer_Locality = 0.904175
Row_Buffer_Locality_read = 0.904175
Row_Buffer_Locality_write = -nan
Bank_Level_Parallism = 5.994874
Bank_Level_Parallism_Col = 5.246077
Bank_Level_Parallism_Ready = 3.989380
write_to_read_ratio_blp_rw_average = 0.000000
GrpLevelPara = 2.479488 

BW Util details:
bwutil = 0.087729 
total_CMD = 93378 
util_bw = 32768 
Wasted_Col = 10375 
Wasted_Row = 2940 
Idle = 47295 

BW Util Bottlenecks: 
RCDc_limit = 9487 
RCDWRc_limit = 0 
WTRc_limit = 0 
RTWc_limit = 0 
CCDLc_limit = 8374 
rwq = 0 
CCDLc_limit_alone = 8374 
WTRc_limit_alone = 0 
RTWc_limit_alone = 0 

Commands details: 
total_CMD = 93378 
n_nop = 83778 
Read = 8192 
Write = 0 
L2_Alloc = 0 
L2_WB = 0 
n_act = 785 
n_pre = 769 
n_ref = 0 
n_req = 8192 
total_req = 8192 

Dual Bus Interface Util: 
issued_total_row = 1554 
issued_total_col = 8192 
Row_Bus_Util =  0.016642 
CoL_Bus_Util = 0.087729 
Either_Row_CoL_Bus_Util = 0.102808 
Issued_on_Two_Bus_Simul_Util = 0.001564 
issued_two_Eff = 0.015208 
queue_avg = 31.487020 


dram_util_bins: 0 0 0 0 0 0 0 0 0 0
dram_eff_bins: 0 0 0 0 0 0 0 0 0 0
mrqq: max=256 avg=31.487
Memory Partition 8: 
Cache L2_bank_016:
MSHR contents

Cache L2_bank_017:
MSHR contents

In Dram Latency Queue (total = 0): 
DRAM[8]: 16 bks, busW=32 BL=2 CL=44, tRRD=11 tCCD=4, tRCD=44 tRAS=104 tRP=44 tRC=147
n_cmd=93378 n_nop=84255 n_act=536 n_pre=520 n_ref_event=0 n_req=8192 n_rd=8192 n_rd_L2_A=0 n_write=0 n_wr_bk=0 bw_util=0.08773
n_activity=50399 dram_eff=0.1625
bk0: 512a 79755i bk1: 512a 79736i bk2: 512a 81203i bk3: 512a 79818i bk4: 512a 80213i bk5: 512a 76903i bk6: 512a 82430i bk7: 512a 78360i bk8: 512a 82470i bk9: 512a 80331i bk10: 512a 80209i bk11: 512a 75983i bk12: 512a 80833i bk13: 512a 80279i bk14: 512a 79297i bk15: 512a 78479i 

------------------------------------------------------------------------

Row_Buffer_Locality = 0.934570
Row_Buffer_Locality_read = 0.934570
Row_Buffer_Locality_write = -nan
Bank_Level_Parallism = 4.668492
Bank_Level_Parallism_Col = 3.567137
Bank_Level_Parallism_Ready = 2.349121
write_to_read_ratio_blp_rw_average = 0.000000
GrpLevelPara = 1.783215 

BW Util details:
bwutil = 0.087729 
total_CMD = 93378 
util_bw = 32768 
Wasted_Col = 13020 
Wasted_Row = 2773 
Idle = 44817 

BW Util Bottlenecks: 
RCDc_limit = 11739 
RCDWRc_limit = 0 
WTRc_limit = 0 
RTWc_limit = 0 
CCDLc_limit = 15283 
rwq = 0 
CCDLc_limit_alone = 15283 
WTRc_limit_alone = 0 
RTWc_limit_alone = 0 

Commands details: 
total_CMD = 93378 
n_nop = 84255 
Read = 8192 
Write = 0 
L2_Alloc = 0 
L2_WB = 0 
n_act = 536 
n_pre = 520 
n_ref = 0 
n_req = 8192 
total_req = 8192 

Dual Bus Interface Util: 
issued_total_row = 1056 
issued_total_col = 8192 
Row_Bus_Util =  0.011309 
CoL_Bus_Util = 0.087729 
Either_Row_CoL_Bus_Util = 0.097700 
Issued_on_Two_Bus_Simul_Util = 0.001339 
issued_two_Eff = 0.013702 
queue_avg = 34.642078 


dram_util_bins: 0 0 0 0 0 0 0 0 0 0
dram_eff_bins: 0 0 0 0 0 0 0 0 0 0
mrqq: max=220 avg=34.6421
Memory Partition 9: 
Cache L2_bank_018:
MSHR contents

Cache L2_bank_019:
MSHR contents

In Dram Latency Queue (total = 0): 
DRAM[9]: 16 bks, busW=32 BL=2 CL=44, tRRD=11 tCCD=4, tRCD=44 tRAS=104 tRP=44 tRC=147
n_cmd=93378 n_nop=84211 n_act=559 n_pre=543 n_ref_event=0 n_req=8192 n_rd=8192 n_rd_L2_A=0 n_write=0 n_wr_bk=0 bw_util=0.08773
n_activity=53546 dram_eff=0.153
bk0: 512a 80907i bk1: 512a 79940i bk2: 512a 83746i bk3: 512a 80038i bk4: 512a 81524i bk5: 512a 77484i bk6: 512a 82218i bk7: 512a 80555i bk8: 512a 80705i bk9: 512a 80931i bk10: 512a 81989i bk11: 512a 77129i bk12: 512a 82029i bk13: 512a 79602i bk14: 512a 83001i bk15: 512a 78173i 

------------------------------------------------------------------------

Row_Buffer_Locality = 0.931763
Row_Buffer_Locality_read = 0.931763
Row_Buffer_Locality_write = -nan
Bank_Level_Parallism = 4.124371
Bank_Level_Parallism_Col = 3.151688
Bank_Level_Parallism_Ready = 2.002075
write_to_read_ratio_blp_rw_average = 0.000000
GrpLevelPara = 1.664177 

BW Util details:
bwutil = 0.087729 
total_CMD = 93378 
util_bw = 32768 
Wasted_Col = 14590 
Wasted_Row = 4337 
Idle = 41683 

BW Util Bottlenecks: 
RCDc_limit = 13095 
RCDWRc_limit = 0 
WTRc_limit = 0 
RTWc_limit = 0 
CCDLc_limit = 14983 
rwq = 0 
CCDLc_limit_alone = 14983 
WTRc_limit_alone = 0 
RTWc_limit_alone = 0 

Commands details: 
total_CMD = 93378 
n_nop = 84211 
Read = 8192 
Write = 0 
L2_Alloc = 0 
L2_WB = 0 
n_act = 559 
n_pre = 543 
n_ref = 0 
n_req = 8192 
total_req = 8192 

Dual Bus Interface Util: 
issued_total_row = 1102 
issued_total_col = 8192 
Row_Bus_Util =  0.011801 
CoL_Bus_Util = 0.087729 
Either_Row_CoL_Bus_Util = 0.098171 
Issued_on_Two_Bus_Simul_Util = 0.001360 
issued_two_Eff = 0.013854 
queue_avg = 31.983133 


dram_util_bins: 0 0 0 0 0 0 0 0 0 0
dram_eff_bins: 0 0 0 0 0 0 0 0 0 0
mrqq: max=156 avg=31.9831
Memory Partition 10: 
Cache L2_bank_020:
MSHR contents

Cache L2_bank_021:
MSHR contents

In Dram Latency Queue (total = 0): 
DRAM[10]: 16 bks, busW=32 BL=2 CL=44, tRRD=11 tCCD=4, tRCD=44 tRAS=104 tRP=44 tRC=147
n_cmd=93378 n_nop=84075 n_act=619 n_pre=603 n_ref_event=0 n_req=8192 n_rd=8192 n_rd_L2_A=0 n_write=0 n_wr_bk=0 bw_util=0.08773
n_activity=45779 dram_eff=0.1789
bk0: 512a 75563i bk1: 512a 75387i bk2: 512a 76963i bk3: 512a 74836i bk4: 512a 75718i bk5: 512a 74738i bk6: 512a 77199i bk7: 512a 73636i bk8: 512a 77743i bk9: 512a 74183i bk10: 512a 77485i bk11: 512a 75082i bk12: 512a 77364i bk13: 512a 73936i bk14: 512a 76230i bk15: 512a 75696i 

------------------------------------------------------------------------

Row_Buffer_Locality = 0.924438
Row_Buffer_Locality_read = 0.924438
Row_Buffer_Locality_write = -nan
Bank_Level_Parallism = 6.567362
Bank_Level_Parallism_Col = 5.693979
Bank_Level_Parallism_Ready = 4.173096
write_to_read_ratio_blp_rw_average = 0.000000
GrpLevelPara = 2.354432 

BW Util details:
bwutil = 0.087729 
total_CMD = 93378 
util_bw = 32768 
Wasted_Col = 9404 
Wasted_Row = 2220 
Idle = 48986 

BW Util Bottlenecks: 
RCDc_limit = 7843 
RCDWRc_limit = 0 
WTRc_limit = 0 
RTWc_limit = 0 
CCDLc_limit = 10461 
rwq = 0 
CCDLc_limit_alone = 10461 
WTRc_limit_alone = 0 
RTWc_limit_alone = 0 

Commands details: 
total_CMD = 93378 
n_nop = 84075 
Read = 8192 
Write = 0 
L2_Alloc = 0 
L2_WB = 0 
n_act = 619 
n_pre = 603 
n_ref = 0 
n_req = 8192 
total_req = 8192 

Dual Bus Interface Util: 
issued_total_row = 1222 
issued_total_col = 8192 
Row_Bus_Util =  0.013087 
CoL_Bus_Util = 0.087729 
Either_Row_CoL_Bus_Util = 0.099627 
Issued_on_Two_Bus_Simul_Util = 0.001189 
issued_two_Eff = 0.011932 
queue_avg = 44.967808 


dram_util_bins: 0 0 0 0 0 0 0 0 0 0
dram_eff_bins: 0 0 0 0 0 0 0 0 0 0
mrqq: max=256 avg=44.9678
Memory Partition 11: 
Cache L2_bank_022:
MSHR contents

Cache L2_bank_023:
MSHR contents

In Dram Latency Queue (total = 0): 
DRAM[11]: 16 bks, busW=32 BL=2 CL=44, tRRD=11 tCCD=4, tRCD=44 tRAS=104 tRP=44 tRC=147
n_cmd=93378 n_nop=83929 n_act=707 n_pre=691 n_ref_event=0 n_req=8192 n_rd=8192 n_rd_L2_A=0 n_write=0 n_wr_bk=0 bw_util=0.08773
n_activity=48515 dram_eff=0.1689
bk0: 512a 77981i bk1: 512a 76001i bk2: 512a 78968i bk3: 512a 73741i bk4: 512a 78530i bk5: 512a 75141i bk6: 512a 78949i bk7: 512a 75400i bk8: 512a 79533i bk9: 512a 74413i bk10: 512a 78432i bk11: 512a 73924i bk12: 512a 78210i bk13: 512a 74478i bk14: 512a 79560i bk15: 512a 73570i 

------------------------------------------------------------------------

Row_Buffer_Locality = 0.913696
Row_Buffer_Locality_read = 0.913696
Row_Buffer_Locality_write = -nan
Bank_Level_Parallism = 5.919846
Bank_Level_Parallism_Col = 5.017526
Bank_Level_Parallism_Ready = 3.588867
write_to_read_ratio_blp_rw_average = 0.000000
GrpLevelPara = 2.243198 

BW Util details:
bwutil = 0.087729 
total_CMD = 93378 
util_bw = 32768 
Wasted_Col = 10724 
Wasted_Row = 3252 
Idle = 46634 

BW Util Bottlenecks: 
RCDc_limit = 9493 
RCDWRc_limit = 0 
WTRc_limit = 0 
RTWc_limit = 0 
CCDLc_limit = 10045 
rwq = 0 
CCDLc_limit_alone = 10045 
WTRc_limit_alone = 0 
RTWc_limit_alone = 0 

Commands details: 
total_CMD = 93378 
n_nop = 83929 
Read = 8192 
Write = 0 
L2_Alloc = 0 
L2_WB = 0 
n_act = 707 
n_pre = 691 
n_ref = 0 
n_req = 8192 
total_req = 8192 

Dual Bus Interface Util: 
issued_total_row = 1398 
issued_total_col = 8192 
Row_Bus_Util =  0.014971 
CoL_Bus_Util = 0.087729 
Either_Row_CoL_Bus_Util = 0.101191 
Issued_on_Two_Bus_Simul_Util = 0.001510 
issued_two_Eff = 0.014922 
queue_avg = 39.722301 


dram_util_bins: 0 0 0 0 0 0 0 0 0 0
dram_eff_bins: 0 0 0 0 0 0 0 0 0 0
mrqq: max=256 avg=39.7223
Memory Partition 12: 
Cache L2_bank_024:
MSHR contents

Cache L2_bank_025:
MSHR contents

In Dram Latency Queue (total = 0): 
DRAM[12]: 16 bks, busW=32 BL=2 CL=44, tRRD=11 tCCD=4, tRCD=44 tRAS=104 tRP=44 tRC=147
n_cmd=93378 n_nop=83991 n_act=673 n_pre=657 n_ref_event=0 n_req=8192 n_rd=8192 n_rd_L2_A=0 n_write=0 n_wr_bk=0 bw_util=0.08773
n_activity=45271 dram_eff=0.181
bk0: 512a 72733i bk1: 512a 75124i bk2: 512a 75791i bk3: 512a 76761i bk4: 512a 73738i bk5: 512a 76350i bk6: 512a 76133i bk7: 512a 74077i bk8: 512a 75979i bk9: 512a 72870i bk10: 512a 75762i bk11: 512a 74885i bk12: 512a 74656i bk13: 512a 72456i bk14: 512a 74910i bk15: 512a 74360i 

------------------------------------------------------------------------

Row_Buffer_Locality = 0.917847
Row_Buffer_Locality_read = 0.917847
Row_Buffer_Locality_write = -nan
Bank_Level_Parallism = 7.046314
Bank_Level_Parallism_Col = 6.266680
Bank_Level_Parallism_Ready = 4.772583
write_to_read_ratio_blp_rw_average = 0.000000
GrpLevelPara = 2.597587 

BW Util details:
bwutil = 0.087729 
total_CMD = 93378 
util_bw = 32768 
Wasted_Col = 8601 
Wasted_Row = 2193 
Idle = 49816 

BW Util Bottlenecks: 
RCDc_limit = 7918 
RCDWRc_limit = 0 
WTRc_limit = 0 
RTWc_limit = 0 
CCDLc_limit = 7884 
rwq = 0 
CCDLc_limit_alone = 7884 
WTRc_limit_alone = 0 
RTWc_limit_alone = 0 

Commands details: 
total_CMD = 93378 
n_nop = 83991 
Read = 8192 
Write = 0 
L2_Alloc = 0 
L2_WB = 0 
n_act = 673 
n_pre = 657 
n_ref = 0 
n_req = 8192 
total_req = 8192 

Dual Bus Interface Util: 
issued_total_row = 1330 
issued_total_col = 8192 
Row_Bus_Util =  0.014243 
CoL_Bus_Util = 0.087729 
Either_Row_CoL_Bus_Util = 0.100527 
Issued_on_Two_Bus_Simul_Util = 0.001446 
issued_two_Eff = 0.014382 
queue_avg = 44.339779 


dram_util_bins: 0 0 0 0 0 0 0 0 0 0
dram_eff_bins: 0 0 0 0 0 0 0 0 0 0
mrqq: max=256 avg=44.3398
Memory Partition 13: 
Cache L2_bank_026:
MSHR contents

Cache L2_bank_027:
MSHR contents

In Dram Latency Queue (total = 0): 
DRAM[13]: 16 bks, busW=32 BL=2 CL=44, tRRD=11 tCCD=4, tRCD=44 tRAS=104 tRP=44 tRC=147
n_cmd=93378 n_nop=83892 n_act=723 n_pre=707 n_ref_event=0 n_req=8192 n_rd=8192 n_rd_L2_A=0 n_write=0 n_wr_bk=0 bw_util=0.08773
n_activity=47653 dram_eff=0.1719
bk0: 512a 74540i bk1: 512a 73539i bk2: 512a 75188i bk3: 512a 71798i bk4: 512a 74476i bk5: 512a 72801i bk6: 512a 75039i bk7: 512a 72469i bk8: 512a 76544i bk9: 512a 72530i bk10: 512a 75609i bk11: 512a 73842i bk12: 512a 73562i bk13: 512a 71601i bk14: 512a 75304i bk15: 512a 73083i 

------------------------------------------------------------------------

Row_Buffer_Locality = 0.911743
Row_Buffer_Locality_read = 0.911743
Row_Buffer_Locality_write = -nan
Bank_Level_Parallism = 7.064110
Bank_Level_Parallism_Col = 6.435283
Bank_Level_Parallism_Ready = 5.166138
write_to_read_ratio_blp_rw_average = 0.000000
GrpLevelPara = 2.590104 

BW Util details:
bwutil = 0.087729 
total_CMD = 93378 
util_bw = 32768 
Wasted_Col = 10172 
Wasted_Row = 2634 
Idle = 47804 

BW Util Bottlenecks: 
RCDc_limit = 8267 
RCDWRc_limit = 0 
WTRc_limit = 0 
RTWc_limit = 0 
CCDLc_limit = 8283 
rwq = 0 
CCDLc_limit_alone = 8283 
WTRc_limit_alone = 0 
RTWc_limit_alone = 0 

Commands details: 
total_CMD = 93378 
n_nop = 83892 
Read = 8192 
Write = 0 
L2_Alloc = 0 
L2_WB = 0 
n_act = 723 
n_pre = 707 
n_ref = 0 
n_req = 8192 
total_req = 8192 

Dual Bus Interface Util: 
issued_total_row = 1430 
issued_total_col = 8192 
Row_Bus_Util =  0.015314 
CoL_Bus_Util = 0.087729 
Either_Row_CoL_Bus_Util = 0.101587 
Issued_on_Two_Bus_Simul_Util = 0.001456 
issued_two_Eff = 0.014337 
queue_avg = 47.741108 


dram_util_bins: 0 0 0 0 0 0 0 0 0 0
dram_eff_bins: 0 0 0 0 0 0 0 0 0 0
mrqq: max=256 avg=47.7411
Memory Partition 14: 
Cache L2_bank_028:
MSHR contents

Cache L2_bank_029:
MSHR contents

In Dram Latency Queue (total = 0): 
DRAM[14]: 16 bks, busW=32 BL=2 CL=44, tRRD=11 tCCD=4, tRCD=44 tRAS=104 tRP=44 tRC=147
n_cmd=93378 n_nop=83920 n_act=727 n_pre=711 n_ref_event=0 n_req=8192 n_rd=8192 n_rd_L2_A=0 n_write=0 n_wr_bk=0 bw_util=0.08773
n_activity=45295 dram_eff=0.1809
bk0: 512a 74040i bk1: 512a 79119i bk2: 512a 76887i bk3: 512a 79330i bk4: 512a 76424i bk5: 512a 79676i bk6: 512a 79858i bk7: 512a 78589i bk8: 512a 78540i bk9: 512a 77778i bk10: 512a 76181i bk11: 512a 78267i bk12: 512a 76886i bk13: 512a 76944i bk14: 512a 75268i bk15: 512a 77728i 

------------------------------------------------------------------------

Row_Buffer_Locality = 0.911255
Row_Buffer_Locality_read = 0.911255
Row_Buffer_Locality_write = -nan
Bank_Level_Parallism = 5.985560
Bank_Level_Parallism_Col = 4.990277
Bank_Level_Parallism_Ready = 3.529053
write_to_read_ratio_blp_rw_average = 0.000000
GrpLevelPara = 2.421564 

BW Util details:
bwutil = 0.087729 
total_CMD = 93378 
util_bw = 32768 
Wasted_Col = 9164 
Wasted_Row = 1797 
Idle = 49649 

BW Util Bottlenecks: 
RCDc_limit = 8728 
RCDWRc_limit = 0 
WTRc_limit = 0 
RTWc_limit = 0 
CCDLc_limit = 9176 
rwq = 0 
CCDLc_limit_alone = 9176 
WTRc_limit_alone = 0 
RTWc_limit_alone = 0 

Commands details: 
total_CMD = 93378 
n_nop = 83920 
Read = 8192 
Write = 0 
L2_Alloc = 0 
L2_WB = 0 
n_act = 727 
n_pre = 711 
n_ref = 0 
n_req = 8192 
total_req = 8192 

Dual Bus Interface Util: 
issued_total_row = 1438 
issued_total_col = 8192 
Row_Bus_Util =  0.015400 
CoL_Bus_Util = 0.087729 
Either_Row_CoL_Bus_Util = 0.101287 
Issued_on_Two_Bus_Simul_Util = 0.001842 
issued_two_Eff = 0.018186 
queue_avg = 30.045427 


dram_util_bins: 0 0 0 0 0 0 0 0 0 0
dram_eff_bins: 0 0 0 0 0 0 0 0 0 0
mrqq: max=245 avg=30.0454
Memory Partition 15: 
Cache L2_bank_030:
MSHR contents

Cache L2_bank_031:
MSHR contents

In Dram Latency Queue (total = 0): 
DRAM[15]: 16 bks, busW=32 BL=2 CL=44, tRRD=11 tCCD=4, tRCD=44 tRAS=104 tRP=44 tRC=147
n_cmd=93378 n_nop=83792 n_act=784 n_pre=768 n_ref_event=0 n_req=8192 n_rd=8192 n_rd_L2_A=0 n_write=0 n_wr_bk=0 bw_util=0.08773
n_activity=48808 dram_eff=0.1678
bk0: 512a 76573i bk1: 512a 76842i bk2: 512a 78969i bk3: 512a 75580i bk4: 512a 77262i bk5: 512a 77826i bk6: 512a 76944i bk7: 512a 77152i bk8: 512a 79013i bk9: 512a 76795i bk10: 512a 78102i bk11: 512a 77942i bk12: 512a 76695i bk13: 512a 76187i bk14: 512a 78084i bk15: 512a 76929i 

------------------------------------------------------------------------

Row_Buffer_Locality = 0.904297
Row_Buffer_Locality_read = 0.904297
Row_Buffer_Locality_write = -nan
Bank_Level_Parallism = 5.714209
Bank_Level_Parallism_Col = 4.989170
Bank_Level_Parallism_Ready = 3.822510
write_to_read_ratio_blp_rw_average = 0.000000
GrpLevelPara = 2.466897 

BW Util details:
bwutil = 0.087729 
total_CMD = 93378 
util_bw = 32768 
Wasted_Col = 10922 
Wasted_Row = 2935 
Idle = 46753 

BW Util Bottlenecks: 
RCDc_limit = 10331 
RCDWRc_limit = 0 
WTRc_limit = 0 
RTWc_limit = 0 
CCDLc_limit = 8638 
rwq = 0 
CCDLc_limit_alone = 8638 
WTRc_limit_alone = 0 
RTWc_limit_alone = 0 

Commands details: 
total_CMD = 93378 
n_nop = 83792 
Read = 8192 
Write = 0 
L2_Alloc = 0 
L2_WB = 0 
n_act = 784 
n_pre = 768 
n_ref = 0 
n_req = 8192 
total_req = 8192 

Dual Bus Interface Util: 
issued_total_row = 1552 
issued_total_col = 8192 
Row_Bus_Util =  0.016621 
CoL_Bus_Util = 0.087729 
Either_Row_CoL_Bus_Util = 0.102658 
Issued_on_Two_Bus_Simul_Util = 0.001692 
issued_two_Eff = 0.016482 
queue_avg = 28.120970 


dram_util_bins: 0 0 0 0 0 0 0 0 0 0
dram_eff_bins: 0 0 0 0 0 0 0 0 0 0
mrqq: max=256 avg=28.121
Memory Partition 16: 
Cache L2_bank_032:
MSHR contents

Cache L2_bank_033:
MSHR contents

In Dram Latency Queue (total = 0): 
DRAM[16]: 16 bks, busW=32 BL=2 CL=44, tRRD=11 tCCD=4, tRCD=44 tRAS=104 tRP=44 tRC=147
n_cmd=93378 n_nop=84221 n_act=545 n_pre=529 n_ref_event=0 n_req=8192 n_rd=8192 n_rd_L2_A=0 n_write=0 n_wr_bk=0 bw_util=0.08773
n_activity=50601 dram_eff=0.1619
bk0: 512a 78472i bk1: 512a 80372i bk2: 512a 80337i bk3: 512a 82326i bk4: 512a 78446i bk5: 512a 80299i bk6: 512a 78695i bk7: 512a 80863i bk8: 512a 80511i bk9: 512a 81548i bk10: 512a 75873i bk11: 512a 81399i bk12: 512a 80302i bk13: 512a 82232i bk14: 512a 77642i bk15: 512a 79523i 

------------------------------------------------------------------------

Row_Buffer_Locality = 0.933472
Row_Buffer_Locality_read = 0.933472
Row_Buffer_Locality_write = -nan
Bank_Level_Parallism = 4.565053
Bank_Level_Parallism_Col = 3.485284
Bank_Level_Parallism_Ready = 2.315063
write_to_read_ratio_blp_rw_average = 0.000000
GrpLevelPara = 1.789798 

BW Util details:
bwutil = 0.087729 
total_CMD = 93378 
util_bw = 32768 
Wasted_Col = 13385 
Wasted_Row = 2916 
Idle = 44309 

BW Util Bottlenecks: 
RCDc_limit = 11648 
RCDWRc_limit = 0 
WTRc_limit = 0 
RTWc_limit = 0 
CCDLc_limit = 14986 
rwq = 0 
CCDLc_limit_alone = 14986 
WTRc_limit_alone = 0 
RTWc_limit_alone = 0 

Commands details: 
total_CMD = 93378 
n_nop = 84221 
Read = 8192 
Write = 0 
L2_Alloc = 0 
L2_WB = 0 
n_act = 545 
n_pre = 529 
n_ref = 0 
n_req = 8192 
total_req = 8192 

Dual Bus Interface Util: 
issued_total_row = 1074 
issued_total_col = 8192 
Row_Bus_Util =  0.011502 
CoL_Bus_Util = 0.087729 
Either_Row_CoL_Bus_Util = 0.098064 
Issued_on_Two_Bus_Simul_Util = 0.001167 
issued_two_Eff = 0.011903 
queue_avg = 33.042278 


dram_util_bins: 0 0 0 0 0 0 0 0 0 0
dram_eff_bins: 0 0 0 0 0 0 0 0 0 0
mrqq: max=172 avg=33.0423
Memory Partition 17: 
Cache L2_bank_034:
MSHR contents

Cache L2_bank_035:
MSHR contents

In Dram Latency Queue (total = 0): 
DRAM[17]: 16 bks, busW=32 BL=2 CL=44, tRRD=11 tCCD=4, tRCD=44 tRAS=104 tRP=44 tRC=147
n_cmd=93378 n_nop=84203 n_act=559 n_pre=543 n_ref_event=0 n_req=8192 n_rd=8192 n_rd_L2_A=0 n_write=0 n_wr_bk=0 bw_util=0.08773
n_activity=52874 dram_eff=0.1549
bk0: 512a 78002i bk1: 512a 82011i bk2: 512a 81531i bk3: 512a 82120i bk4: 512a 78019i bk5: 512a 79634i bk6: 512a 80255i bk7: 512a 82296i bk8: 512a 79659i bk9: 512a 82303i bk10: 512a 77643i bk11: 512a 80840i bk12: 512a 80215i bk13: 512a 80524i bk14: 512a 77334i bk15: 512a 83230i 

------------------------------------------------------------------------

Row_Buffer_Locality = 0.931763
Row_Buffer_Locality_read = 0.931763
Row_Buffer_Locality_write = -nan
Bank_Level_Parallism = 4.260143
Bank_Level_Parallism_Col = 3.290626
Bank_Level_Parallism_Ready = 2.105225
write_to_read_ratio_blp_rw_average = 0.000000
GrpLevelPara = 1.726065 

BW Util details:
bwutil = 0.087729 
total_CMD = 93378 
util_bw = 32768 
Wasted_Col = 13956 
Wasted_Row = 4307 
Idle = 42347 

BW Util Bottlenecks: 
RCDc_limit = 12890 
RCDWRc_limit = 0 
WTRc_limit = 0 
RTWc_limit = 0 
CCDLc_limit = 13785 
rwq = 0 
CCDLc_limit_alone = 13785 
WTRc_limit_alone = 0 
RTWc_limit_alone = 0 

Commands details: 
total_CMD = 93378 
n_nop = 84203 
Read = 8192 
Write = 0 
L2_Alloc = 0 
L2_WB = 0 
n_act = 559 
n_pre = 543 
n_ref = 0 
n_req = 8192 
total_req = 8192 

Dual Bus Interface Util: 
issued_total_row = 1102 
issued_total_col = 8192 
Row_Bus_Util =  0.011801 
CoL_Bus_Util = 0.087729 
Either_Row_CoL_Bus_Util = 0.098257 
Issued_on_Two_Bus_Simul_Util = 0.001274 
issued_two_Eff = 0.012970 
queue_avg = 33.996990 


dram_util_bins: 0 0 0 0 0 0 0 0 0 0
dram_eff_bins: 0 0 0 0 0 0 0 0 0 0
mrqq: max=177 avg=33.997
Memory Partition 18: 
Cache L2_bank_036:
MSHR contents

Cache L2_bank_037:
MSHR contents

In Dram Latency Queue (total = 0): 
DRAM[18]: 16 bks, busW=32 BL=2 CL=44, tRRD=11 tCCD=4, tRCD=44 tRAS=104 tRP=44 tRC=147
n_cmd=93378 n_nop=84068 n_act=630 n_pre=614 n_ref_event=0 n_req=8192 n_rd=8192 n_rd_L2_A=0 n_write=0 n_wr_bk=0 bw_util=0.08773
n_activity=46077 dram_eff=0.1778
bk0: 512a 74056i bk1: 512a 75195i bk2: 512a 75721i bk3: 512a 76949i bk4: 512a 74662i bk5: 512a 77111i bk6: 512a 75238i bk7: 512a 75972i bk8: 512a 74350i bk9: 512a 78333i bk10: 512a 76435i bk11: 512a 76210i bk12: 512a 74306i bk13: 512a 78848i bk14: 512a 73050i bk15: 512a 76103i 

------------------------------------------------------------------------

Row_Buffer_Locality = 0.923096
Row_Buffer_Locality_read = 0.923096
Row_Buffer_Locality_write = -nan
Bank_Level_Parallism = 6.488410
Bank_Level_Parallism_Col = 5.531038
Bank_Level_Parallism_Ready = 4.125977
write_to_read_ratio_blp_rw_average = 0.000000
GrpLevelPara = 2.374000 

BW Util details:
bwutil = 0.087729 
total_CMD = 93378 
util_bw = 32768 
Wasted_Col = 9816 
Wasted_Row = 2187 
Idle = 48607 

BW Util Bottlenecks: 
RCDc_limit = 8259 
RCDWRc_limit = 0 
WTRc_limit = 0 
RTWc_limit = 0 
CCDLc_limit = 10751 
rwq = 0 
CCDLc_limit_alone = 10751 
WTRc_limit_alone = 0 
RTWc_limit_alone = 0 

Commands details: 
total_CMD = 93378 
n_nop = 84068 
Read = 8192 
Write = 0 
L2_Alloc = 0 
L2_WB = 0 
n_act = 630 
n_pre = 614 
n_ref = 0 
n_req = 8192 
total_req = 8192 

Dual Bus Interface Util: 
issued_total_row = 1244 
issued_total_col = 8192 
Row_Bus_Util =  0.013322 
CoL_Bus_Util = 0.087729 
Either_Row_CoL_Bus_Util = 0.099702 
Issued_on_Two_Bus_Simul_Util = 0.001349 
issued_two_Eff = 0.013534 
queue_avg = 45.364239 


dram_util_bins: 0 0 0 0 0 0 0 0 0 0
dram_eff_bins: 0 0 0 0 0 0 0 0 0 0
mrqq: max=256 avg=45.3642
Memory Partition 19: 
Cache L2_bank_038:
MSHR contents

Cache L2_bank_039:
MSHR contents

In Dram Latency Queue (total = 0): 
DRAM[19]: 16 bks, busW=32 BL=2 CL=44, tRRD=11 tCCD=4, tRCD=44 tRAS=104 tRP=44 tRC=147
n_cmd=93378 n_nop=83988 n_act=678 n_pre=662 n_ref_event=0 n_req=8192 n_rd=8192 n_rd_L2_A=0 n_write=0 n_wr_bk=0 bw_util=0.08773
n_activity=48211 dram_eff=0.1699
bk0: 512a 74369i bk1: 512a 77645i bk2: 512a 74000i bk3: 512a 78403i bk4: 512a 75079i bk5: 512a 75739i bk6: 512a 73936i bk7: 512a 78553i bk8: 512a 74334i bk9: 512a 80001i bk10: 512a 75983i bk11: 512a 80299i bk12: 512a 74862i bk13: 512a 77570i bk14: 512a 73810i bk15: 512a 78126i 

------------------------------------------------------------------------

Row_Buffer_Locality = 0.917236
Row_Buffer_Locality_read = 0.917236
Row_Buffer_Locality_write = -nan
Bank_Level_Parallism = 6.024635
Bank_Level_Parallism_Col = 5.056632
Bank_Level_Parallism_Ready = 3.640259
write_to_read_ratio_blp_rw_average = 0.000000
GrpLevelPara = 2.228990 

BW Util details:
bwutil = 0.087729 
total_CMD = 93378 
util_bw = 32768 
Wasted_Col = 10736 
Wasted_Row = 3073 
Idle = 46801 

BW Util Bottlenecks: 
RCDc_limit = 9908 
RCDWRc_limit = 0 
WTRc_limit = 0 
RTWc_limit = 0 
CCDLc_limit = 9985 
rwq = 0 
CCDLc_limit_alone = 9985 
WTRc_limit_alone = 0 
RTWc_limit_alone = 0 

Commands details: 
total_CMD = 93378 
n_nop = 83988 
Read = 8192 
Write = 0 
L2_Alloc = 0 
L2_WB = 0 
n_act = 678 
n_pre = 662 
n_ref = 0 
n_req = 8192 
total_req = 8192 

Dual Bus Interface Util: 
issued_total_row = 1340 
issued_total_col = 8192 
Row_Bus_Util =  0.014350 
CoL_Bus_Util = 0.087729 
Either_Row_CoL_Bus_Util = 0.100559 
Issued_on_Two_Bus_Simul_Util = 0.001521 
issued_two_Eff = 0.015122 
queue_avg = 39.770439 


dram_util_bins: 0 0 0 0 0 0 0 0 0 0
dram_eff_bins: 0 0 0 0 0 0 0 0 0 0
mrqq: max=229 avg=39.7704
Memory Partition 20: 
Cache L2_bank_040:
MSHR contents

Cache L2_bank_041:
MSHR contents

In Dram Latency Queue (total = 0): 
DRAM[20]: 16 bks, busW=32 BL=2 CL=44, tRRD=11 tCCD=4, tRCD=44 tRAS=104 tRP=44 tRC=147
n_cmd=93378 n_nop=83953 n_act=689 n_pre=673 n_ref_event=0 n_req=8192 n_rd=8192 n_rd_L2_A=0 n_write=0 n_wr_bk=0 bw_util=0.08773
n_activity=45829 dram_eff=0.1788
bk0: 512a 75959i bk1: 512a 75300i bk2: 512a 76269i bk3: 512a 75614i bk4: 512a 74827i bk5: 512a 74606i bk6: 512a 73909i bk7: 512a 73974i bk8: 512a 73057i bk9: 512a 74903i bk10: 512a 78079i bk11: 512a 75083i bk12: 512a 76765i bk13: 512a 76306i bk14: 512a 76575i bk15: 512a 75438i 

------------------------------------------------------------------------

Row_Buffer_Locality = 0.915894
Row_Buffer_Locality_read = 0.915894
Row_Buffer_Locality_write = -nan
Bank_Level_Parallism = 6.678023
Bank_Level_Parallism_Col = 5.773005
Bank_Level_Parallism_Ready = 4.387573
write_to_read_ratio_blp_rw_average = 0.000000
GrpLevelPara = 2.520003 

BW Util details:
bwutil = 0.087729 
total_CMD = 93378 
util_bw = 32768 
Wasted_Col = 9323 
Wasted_Row = 2305 
Idle = 48982 

BW Util Bottlenecks: 
RCDc_limit = 8660 
RCDWRc_limit = 0 
WTRc_limit = 0 
RTWc_limit = 0 
CCDLc_limit = 8773 
rwq = 0 
CCDLc_limit_alone = 8773 
WTRc_limit_alone = 0 
RTWc_limit_alone = 0 

Commands details: 
total_CMD = 93378 
n_nop = 83953 
Read = 8192 
Write = 0 
L2_Alloc = 0 
L2_WB = 0 
n_act = 689 
n_pre = 673 
n_ref = 0 
n_req = 8192 
total_req = 8192 

Dual Bus Interface Util: 
issued_total_row = 1362 
issued_total_col = 8192 
Row_Bus_Util =  0.014586 
CoL_Bus_Util = 0.087729 
Either_Row_CoL_Bus_Util = 0.100934 
Issued_on_Two_Bus_Simul_Util = 0.001381 
issued_two_Eff = 0.013687 
queue_avg = 43.865406 


dram_util_bins: 0 0 0 0 0 0 0 0 0 0
dram_eff_bins: 0 0 0 0 0 0 0 0 0 0
mrqq: max=256 avg=43.8654
Memory Partition 21: 
Cache L2_bank_042:
MSHR contents

Cache L2_bank_043:
MSHR contents

In Dram Latency Queue (total = 0): 
DRAM[21]: 16 bks, busW=32 BL=2 CL=44, tRRD=11 tCCD=4, tRCD=44 tRAS=104 tRP=44 tRC=147
n_cmd=93378 n_nop=83911 n_act=715 n_pre=699 n_ref_event=0 n_req=8192 n_rd=8192 n_rd_L2_A=0 n_write=0 n_wr_bk=0 bw_util=0.08773
n_activity=47679 dram_eff=0.1718
bk0: 512a 74494i bk1: 512a 75341i bk2: 512a 73672i bk3: 512a 76623i bk4: 512a 74840i bk5: 512a 75493i bk6: 512a 73337i bk7: 512a 75561i bk8: 512a 73813i bk9: 512a 74542i bk10: 512a 72841i bk11: 512a 75185i bk12: 512a 73734i bk13: 512a 74174i bk14: 512a 72635i bk15: 512a 76794i 

------------------------------------------------------------------------

Row_Buffer_Locality = 0.912720
Row_Buffer_Locality_read = 0.912720
Row_Buffer_Locality_write = -nan
Bank_Level_Parallism = 6.819327
Bank_Level_Parallism_Col = 6.209502
Bank_Level_Parallism_Ready = 4.914551
write_to_read_ratio_blp_rw_average = 0.000000
GrpLevelPara = 2.589313 

BW Util details:
bwutil = 0.087729 
total_CMD = 93378 
util_bw = 32768 
Wasted_Col = 9881 
Wasted_Row = 2895 
Idle = 47834 

BW Util Bottlenecks: 
RCDc_limit = 8346 
RCDWRc_limit = 0 
WTRc_limit = 0 
RTWc_limit = 0 
CCDLc_limit = 8065 
rwq = 0 
CCDLc_limit_alone = 8065 
WTRc_limit_alone = 0 
RTWc_limit_alone = 0 

Commands details: 
total_CMD = 93378 
n_nop = 83911 
Read = 8192 
Write = 0 
L2_Alloc = 0 
L2_WB = 0 
n_act = 715 
n_pre = 699 
n_ref = 0 
n_req = 8192 
total_req = 8192 

Dual Bus Interface Util: 
issued_total_row = 1414 
issued_total_col = 8192 
Row_Bus_Util =  0.015143 
CoL_Bus_Util = 0.087729 
Either_Row_CoL_Bus_Util = 0.101384 
Issued_on_Two_Bus_Simul_Util = 0.001489 
issued_two_Eff = 0.014683 
queue_avg = 45.710255 


dram_util_bins: 0 0 0 0 0 0 0 0 0 0
dram_eff_bins: 0 0 0 0 0 0 0 0 0 0
mrqq: max=256 avg=45.7103
Memory Partition 22: 
Cache L2_bank_044:
MSHR contents

Cache L2_bank_045:
MSHR contents

In Dram Latency Queue (total = 0): 
DRAM[22]: 16 bks, busW=32 BL=2 CL=44, tRRD=11 tCCD=4, tRCD=44 tRAS=104 tRP=44 tRC=147
n_cmd=93378 n_nop=83869 n_act=754 n_pre=738 n_ref_event=0 n_req=8192 n_rd=8192 n_rd_L2_A=0 n_write=0 n_wr_bk=0 bw_util=0.08773
n_activity=46498 dram_eff=0.1762
bk0: 512a 77743i bk1: 512a 78385i bk2: 512a 77897i bk3: 512a 76511i bk4: 512a 77843i bk5: 512a 76369i bk6: 512a 78099i bk7: 512a 76063i bk8: 512a 75973i bk9: 512a 78180i bk10: 512a 80836i bk11: 512a 76174i bk12: 512a 79658i bk13: 512a 77815i bk14: 512a 77896i bk15: 512a 76311i 

------------------------------------------------------------------------

Row_Buffer_Locality = 0.907959
Row_Buffer_Locality_read = 0.907959
Row_Buffer_Locality_write = -nan
Bank_Level_Parallism = 5.849828
Bank_Level_Parallism_Col = 4.765163
Bank_Level_Parallism_Ready = 3.370117
write_to_read_ratio_blp_rw_average = 0.000000
GrpLevelPara = 2.389230 

BW Util details:
bwutil = 0.087729 
total_CMD = 93378 
util_bw = 32768 
Wasted_Col = 9796 
Wasted_Row = 2124 
Idle = 48690 

BW Util Bottlenecks: 
RCDc_limit = 9496 
RCDWRc_limit = 0 
WTRc_limit = 0 
RTWc_limit = 0 
CCDLc_limit = 9529 
rwq = 0 
CCDLc_limit_alone = 9529 
WTRc_limit_alone = 0 
RTWc_limit_alone = 0 

Commands details: 
total_CMD = 93378 
n_nop = 83869 
Read = 8192 
Write = 0 
L2_Alloc = 0 
L2_WB = 0 
n_act = 754 
n_pre = 738 
n_ref = 0 
n_req = 8192 
total_req = 8192 

Dual Bus Interface Util: 
issued_total_row = 1492 
issued_total_col = 8192 
Row_Bus_Util =  0.015978 
CoL_Bus_Util = 0.087729 
Either_Row_CoL_Bus_Util = 0.101833 
Issued_on_Two_Bus_Simul_Util = 0.001874 
issued_two_Eff = 0.018404 
queue_avg = 34.244610 


dram_util_bins: 0 0 0 0 0 0 0 0 0 0
dram_eff_bins: 0 0 0 0 0 0 0 0 0 0
mrqq: max=256 avg=34.2446
Memory Partition 23: 
Cache L2_bank_046:
MSHR contents

Cache L2_bank_047:
MSHR contents

In Dram Latency Queue (total = 0): 
DRAM[23]: 16 bks, busW=32 BL=2 CL=44, tRRD=11 tCCD=4, tRCD=44 tRAS=104 tRP=44 tRC=147
n_cmd=93378 n_nop=83795 n_act=788 n_pre=772 n_ref_event=0 n_req=8192 n_rd=8192 n_rd_L2_A=0 n_write=0 n_wr_bk=0 bw_util=0.08773
n_activity=47723 dram_eff=0.1717
bk0: 512a 77352i bk1: 512a 76100i bk2: 512a 77137i bk3: 512a 77949i bk4: 512a 78835i bk5: 512a 77126i bk6: 512a 76565i bk7: 512a 77891i bk8: 512a 78727i bk9: 512a 77164i bk10: 512a 77153i bk11: 512a 77759i bk12: 512a 75891i bk13: 512a 77724i bk14: 512a 74819i bk15: 512a 77966i 

------------------------------------------------------------------------

Row_Buffer_Locality = 0.903809
Row_Buffer_Locality_read = 0.903809
Row_Buffer_Locality_write = -nan
Bank_Level_Parallism = 5.856838
Bank_Level_Parallism_Col = 5.081641
Bank_Level_Parallism_Ready = 3.820679
write_to_read_ratio_blp_rw_average = 0.000000
GrpLevelPara = 2.498934 

BW Util details:
bwutil = 0.087729 
total_CMD = 93378 
util_bw = 32768 
Wasted_Col = 10350 
Wasted_Row = 2508 
Idle = 47752 

BW Util Bottlenecks: 
RCDc_limit = 9865 
RCDWRc_limit = 0 
WTRc_limit = 0 
RTWc_limit = 0 
CCDLc_limit = 8070 
rwq = 0 
CCDLc_limit_alone = 8070 
WTRc_limit_alone = 0 
RTWc_limit_alone = 0 

Commands details: 
total_CMD = 93378 
n_nop = 83795 
Read = 8192 
Write = 0 
L2_Alloc = 0 
L2_WB = 0 
n_act = 788 
n_pre = 772 
n_ref = 0 
n_req = 8192 
total_req = 8192 

Dual Bus Interface Util: 
issued_total_row = 1560 
issued_total_col = 8192 
Row_Bus_Util =  0.016706 
CoL_Bus_Util = 0.087729 
Either_Row_CoL_Bus_Util = 0.102626 
Issued_on_Two_Bus_Simul_Util = 0.001810 
issued_two_Eff = 0.017635 
queue_avg = 32.699684 


dram_util_bins: 0 0 0 0 0 0 0 0 0 0
dram_eff_bins: 0 0 0 0 0 0 0 0 0 0
mrqq: max=256 avg=32.6997

========= L2 cache stats =========
L2_cache_bank[0]: Access = 5464, Miss = 5464, Miss_rate = 1.000, Pending_hits = 0, Reservation_fails = 7178
L2_cache_bank[1]: Access = 5464, Miss = 5464, Miss_rate = 1.000, Pending_hits = 0, Reservation_fails = 0
L2_cache_bank[2]: Access = 5464, Miss = 5464, Miss_rate = 1.000, Pending_hits = 0, Reservation_fails = 7056
L2_cache_bank[3]: Access = 5464, Miss = 5464, Miss_rate = 1.000, Pending_hits = 0, Reservation_fails = 0
L2_cache_bank[4]: Access = 5464, Miss = 5464, Miss_rate = 1.000, Pending_hits = 0, Reservation_fails = 7395
L2_cache_bank[5]: Access = 5464, Miss = 5464, Miss_rate = 1.000, Pending_hits = 0, Reservation_fails = 0
L2_cache_bank[6]: Access = 5464, Miss = 5464, Miss_rate = 1.000, Pending_hits = 0, Reservation_fails = 7270
L2_cache_bank[7]: Access = 5464, Miss = 5464, Miss_rate = 1.000, Pending_hits = 0, Reservation_fails = 0
L2_cache_bank[8]: Access = 5464, Miss = 5464, Miss_rate = 1.000, Pending_hits = 0, Reservation_fails = 5060
L2_cache_bank[9]: Access = 5464, Miss = 5464, Miss_rate = 1.000, Pending_hits = 0, Reservation_fails = 3597
L2_cache_bank[10]: Access = 5464, Miss = 5464, Miss_rate = 1.000, Pending_hits = 0, Reservation_fails = 6212
L2_cache_bank[11]: Access = 5464, Miss = 5464, Miss_rate = 1.000, Pending_hits = 0, Reservation_fails = 0
L2_cache_bank[12]: Access = 5464, Miss = 5464, Miss_rate = 1.000, Pending_hits = 0, Reservation_fails = 960
L2_cache_bank[13]: Access = 5464, Miss = 5464, Miss_rate = 1.000, Pending_hits = 0, Reservation_fails = 1421
L2_cache_bank[14]: Access = 5464, Miss = 5464, Miss_rate = 1.000, Pending_hits = 0, Reservation_fails = 2706
L2_cache_bank[15]: Access = 5464, Miss = 5464, Miss_rate = 1.000, Pending_hits = 0, Reservation_fails = 1468
L2_cache_bank[16]: Access = 5464, Miss = 5464, Miss_rate = 1.000, Pending_hits = 0, Reservation_fails = 0
L2_cache_bank[17]: Access = 5456, Miss = 5456, Miss_rate = 1.000, Pending_hits = 0, Reservation_fails = 7069
L2_cache_bank[18]: Access = 5464, Miss = 5464, Miss_rate = 1.000, Pending_hits = 0, Reservation_fails = 0
L2_cache_bank[19]: Access = 5456, Miss = 5456, Miss_rate = 1.000, Pending_hits = 0, Reservation_fails = 7029
L2_cache_bank[20]: Access = 5464, Miss = 5464, Miss_rate = 1.000, Pending_hits = 0, Reservation_fails = 1882
L2_cache_bank[21]: Access = 5456, Miss = 5456, Miss_rate = 1.000, Pending_hits = 0, Reservation_fails = 7396
L2_cache_bank[22]: Access = 5464, Miss = 5464, Miss_rate = 1.000, Pending_hits = 0, Reservation_fails = 0
L2_cache_bank[23]: Access = 5456, Miss = 5456, Miss_rate = 1.000, Pending_hits = 0, Reservation_fails = 7728
L2_cache_bank[24]: Access = 5464, Miss = 5464, Miss_rate = 1.000, Pending_hits = 0, Reservation_fails = 3311
L2_cache_bank[25]: Access = 5456, Miss = 5456, Miss_rate = 1.000, Pending_hits = 0, Reservation_fails = 5067
L2_cache_bank[26]: Access = 5464, Miss = 5464, Miss_rate = 1.000, Pending_hits = 0, Reservation_fails = 513
L2_cache_bank[27]: Access = 5456, Miss = 5456, Miss_rate = 1.000, Pending_hits = 0, Reservation_fails = 7243
L2_cache_bank[28]: Access = 5464, Miss = 5464, Miss_rate = 1.000, Pending_hits = 0, Reservation_fails = 2139
L2_cache_bank[29]: Access = 5456, Miss = 5456, Miss_rate = 1.000, Pending_hits = 0, Reservation_fails = 227
L2_cache_bank[30]: Access = 5464, Miss = 5464, Miss_rate = 1.000, Pending_hits = 0, Reservation_fails = 0
L2_cache_bank[31]: Access = 5456, Miss = 5456, Miss_rate = 1.000, Pending_hits = 0, Reservation_fails = 1955
L2_cache_bank[32]: Access = 5464, Miss = 5464, Miss_rate = 1.000, Pending_hits = 0, Reservation_fails = 6930
L2_cache_bank[33]: Access = 5456, Miss = 5456, Miss_rate = 1.000, Pending_hits = 0, Reservation_fails = 0
L2_cache_bank[34]: Access = 5464, Miss = 5464, Miss_rate = 1.000, Pending_hits = 0, Reservation_fails = 7091
L2_cache_bank[35]: Access = 5456, Miss = 5456, Miss_rate = 1.000, Pending_hits = 0, Reservation_fails = 0
L2_cache_bank[36]: Access = 5464, Miss = 5464, Miss_rate = 1.000, Pending_hits = 0, Reservation_fails = 7552
L2_cache_bank[37]: Access = 5456, Miss = 5456, Miss_rate = 1.000, Pending_hits = 0, Reservation_fails = 295
L2_cache_bank[38]: Access = 5464, Miss = 5464, Miss_rate = 1.000, Pending_hits = 0, Reservation_fails = 7281
L2_cache_bank[39]: Access = 5456, Miss = 5456, Miss_rate = 1.000, Pending_hits = 0, Reservation_fails = 0
L2_cache_bank[40]: Access = 5464, Miss = 5464, Miss_rate = 1.000, Pending_hits = 0, Reservation_fails = 4506
L2_cache_bank[41]: Access = 5456, Miss = 5456, Miss_rate = 1.000, Pending_hits = 0, Reservation_fails = 4216
L2_cache_bank[42]: Access = 5464, Miss = 5464, Miss_rate = 1.000, Pending_hits = 0, Reservation_fails = 6495
L2_cache_bank[43]: Access = 5456, Miss = 5456, Miss_rate = 1.000, Pending_hits = 0, Reservation_fails = 1737
L2_cache_bank[44]: Access = 5464, Miss = 5464, Miss_rate = 1.000, Pending_hits = 0, Reservation_fails = 1750
L2_cache_bank[45]: Access = 5456, Miss = 5456, Miss_rate = 1.000, Pending_hits = 0, Reservation_fails = 3575
L2_cache_bank[46]: Access = 5464, Miss = 5464, Miss_rate = 1.000, Pending_hits = 0, Reservation_fails = 2528
L2_cache_bank[47]: Access = 5456, Miss = 5456, Miss_rate = 1.000, Pending_hits = 0, Reservation_fails = 2053
L2_total_cache_accesses = 262144
L2_total_cache_misses = 262144
L2_total_cache_miss_rate = 1.0000
L2_total_cache_pending_hits = 0
L2_total_cache_reservation_fails = 157891
L2_total_cache_breakdown:
	L2_cache_stats_breakdown[GLOBAL_ACC_R][HIT] = 0
	L2_cache_stats_breakdown[GLOBAL_ACC_R][HIT_RESERVED] = 0
	L2_cache_stats_breakdown[GLOBAL_ACC_R][MISS] = 49152
	L2_cache_stats_breakdown[GLOBAL_ACC_R][RESERVATION_FAIL] = 157891
	L2_cache_stats_breakdown[GLOBAL_ACC_R][SECTOR_MISS] = 147456
	L2_cache_stats_breakdown[GLOBAL_ACC_R][MSHR_HIT] = 0
	L2_cache_stats_breakdown[LOCAL_ACC_R][HIT] = 0
	L2_cache_stats_breakdown[LOCAL_ACC_R][HIT_RESERVED] = 0
	L2_cache_stats_breakdown[LOCAL_ACC_R][MISS] = 0
	L2_cache_stats_breakdown[LOCAL_ACC_R][RESERVATION_FAIL] = 0
	L2_cache_stats_breakdown[LOCAL_ACC_R][SECTOR_MISS] = 0
	L2_cache_stats_breakdown[LOCAL_ACC_R][MSHR_HIT] = 0
	L2_cache_stats_breakdown[CONST_ACC_R][HIT] = 0
	L2_cache_stats_breakdown[CONST_ACC_R][HIT_RESERVED] = 0
	L2_cache_stats_breakdown[CONST_ACC_R][MISS] = 0
	L2_cache_stats_breakdown[CONST_ACC_R][RESERVATION_FAIL] = 0
	L2_cache_stats_breakdown[CONST_ACC_R][SECTOR_MISS] = 0
	L2_cache_stats_breakdown[CONST_ACC_R][MSHR_HIT] = 0
	L2_cache_stats_breakdown[TEXTURE_ACC_R][HIT] = 0
	L2_cache_stats_breakdown[TEXTURE_ACC_R][HIT_RESERVED] = 0
	L2_cache_stats_breakdown[TEXTURE_ACC_R][MISS] = 0
	L2_cache_stats_breakdown[TEXTURE_ACC_R][RESERVATION_FAIL] = 0
	L2_cache_stats_breakdown[TEXTURE_ACC_R][SECTOR_MISS] = 0
	L2_cache_stats_breakdown[TEXTURE_ACC_R][MSHR_HIT] = 0
	L2_cache_stats_breakdown[GLOBAL_ACC_W][HIT] = 0
	L2_cache_stats_breakdown[GLOBAL_ACC_W][HIT_RESERVED] = 0
	L2_cache_stats_breakdown[GLOBAL_ACC_W][MISS] = 16384
	L2_cache_stats_breakdown[GLOBAL_ACC_W][RESERVATION_FAIL] = 0
	L2_cache_stats_breakdown[GLOBAL_ACC_W][SECTOR_MISS] = 49152
	L2_cache_stats_breakdown[GLOBAL_ACC_W][MSHR_HIT] = 0
	L2_cache_stats_breakdown[LOCAL_ACC_W][HIT] = 0
	L2_cache_stats_breakdown[LOCAL_ACC_W][HIT_RESERVED] = 0
	L2_cache_stats_breakdown[LOCAL_ACC_W][MISS] = 0
	L2_cache_stats_breakdown[LOCAL_ACC_W][RESERVATION_FAIL] = 0
	L2_cache_stats_breakdown[LOCAL_ACC_W][SECTOR_MISS] = 0
	L2_cache_stats_breakdown[LOCAL_ACC_W][MSHR_HIT] = 0
	L2_cache_stats_breakdown[L1_WRBK_ACC][HIT] = 0
	L2_cache_stats_breakdown[L1_WRBK_ACC][HIT_RESERVED] = 0
	L2_cache_stats_breakdown[L1_WRBK_ACC][MISS] = 0
	L2_cache_stats_breakdown[L1_WRBK_ACC][RESERVATION_FAIL] = 0
	L2_cache_stats_breakdown[L1_WRBK_ACC][SECTOR_MISS] = 0
	L2_cache_stats_breakdown[L1_WRBK_ACC][MSHR_HIT] = 0
	L2_cache_stats_breakdown[L2_WRBK_ACC][HIT] = 0
	L2_cache_stats_breakdown[L2_WRBK_ACC][HIT_RESERVED] = 0
	L2_cache_stats_breakdown[L2_WRBK_ACC][MISS] = 0
	L2_cache_stats_breakdown[L2_WRBK_ACC][RESERVATION_FAIL] = 0
	L2_cache_stats_breakdown[L2_WRBK_ACC][SECTOR_MISS] = 0
	L2_cache_stats_breakdown[L2_WRBK_ACC][MSHR_HIT] = 0
	L2_cache_stats_breakdown[INST_ACC_R][HIT] = 0
	L2_cache_stats_breakdown[INST_ACC_R][HIT_RESERVED] = 0
	L2_cache_stats_breakdown[INST_ACC_R][MISS] = 0
	L2_cache_stats_breakdown[INST_ACC_R][RESERVATION_FAIL] = 0
	L2_cache_stats_breakdown[INST_ACC_R][SECTOR_MISS] = 0
	L2_cache_stats_breakdown[INST_ACC_R][MSHR_HIT] = 0
	L2_cache_stats_breakdown[L1_WR_ALLOC_R][HIT] = 0
	L2_cache_stats_breakdown[L1_WR_ALLOC_R][HIT_RESERVED] = 0
	L2_cache_stats_breakdown[L1_WR_ALLOC_R][MISS] = 0
	L2_cache_stats_breakdown[L1_WR_ALLOC_R][RESERVATION_FAIL] = 0
	L2_cache_stats_breakdown[L1_WR_ALLOC_R][SECTOR_MISS] = 0
	L2_cache_stats_breakdown[L1_WR_ALLOC_R][MSHR_HIT] = 0
	L2_cache_stats_breakdown[L2_WR_ALLOC_R][HIT] = 0
	L2_cache_stats_breakdown[L2_WR_ALLOC_R][HIT_RESERVED] = 0
	L2_cache_stats_breakdown[L2_WR_ALLOC_R][MISS] = 0
	L2_cache_stats_breakdown[L2_WR_ALLOC_R][RESERVATION_FAIL] = 0
	L2_cache_stats_breakdown[L2_WR_ALLOC_R][SECTOR_MISS] = 0
	L2_cache_stats_breakdown[L2_WR_ALLOC_R][MSHR_HIT] = 0
	L2_cache_stats_breakdown[GLOBAL_ACC_R][TOTAL_ACCESS] = 196608
	L2_cache_stats_breakdown[GLOBAL_ACC_W][TOTAL_ACCESS] = 65536
L2_total_cache_reservation_fail_breakdown:
	L2_cache_stats_fail_breakdown[GLOBAL_ACC_R][MSHR_ENRTY_FAIL] = 157891
L2_cache_data_port_util = 0.000
L2_cache_fill_port_util = 0.069

icnt_total_pkts_mem_to_simt=262144
icnt_total_pkts_simt_to_mem=262144
LD_mem_lat_dist  0 0 0 0 0 0 0 0 0 0 0 0 0 0 0 0 0 0 0 0 0 0 0 0 0 0 0
ST_mem_lat_dist  0 0 0 0 0 0 0 0 0 0 0 0 0 0 0 0 0 0 0 0 0 0 0 0 0 0 0
----------------------------Interconnect-DETAILS--------------------------------
Req_Network_injected_packets_num = 262144
Req_Network_cycles = 59165
Req_Network_injected_packets_per_cycle =       4.4307 
Req_Network_conflicts_per_cycle =      24.8703
Req_Network_conflicts_per_cycle_util =      31.2949
Req_Bank_Level_Parallism =       5.5753
Req_Network_in_buffer_full_per_cycle =       0.0000
Req_Network_in_buffer_avg_util =       4.1539
Req_Network_out_buffer_full_per_cycle =       0.4059
Req_Network_out_buffer_avg_util =      17.1638

Reply_Network_injected_packets_num = 262144
Reply_Network_cycles = 59165
Reply_Network_injected_packets_per_cycle =        4.4307
Reply_Network_conflicts_per_cycle =        0.1427
Reply_Network_conflicts_per_cycle_util =       0.1842
Reply_Bank_Level_Parallism =       5.7185
Reply_Network_in_buffer_full_per_cycle =       0.0000
Reply_Network_in_buffer_avg_util =       0.0045
Reply_Network_out_buffer_full_per_cycle =       0.0000
Reply_Network_out_buffer_avg_util =       0.0336
----------------------------END-of-Interconnect-DETAILS-------------------------


gpgpu_simulation_time = 0 days, 0 hrs, 6 min, 29 sec (389 sec)
gpgpu_simulation_rate = 722749 (inst/sec)
gpgpu_simulation_rate = 152 (cycle/sec)
gpgpu_silicon_slowdown = 13026315x
event update
GPGPU-Sim API: cudaEventSynchronize ** waiting for event
GPGPU-Sim API: cudaEventSynchronize ** event detected
stream_fma_v6_variant3 time_ms=388000.0000  global_GB/s=    0.00  est_GFLOP/s=    0.00  AI=48.125  max_abs=0.000e+00  max_rel=0.000e+00
verification=PASS
GPGPU-Sim: *** exit detected ***
