self exe links to: /tmp/stream_fma_base_tier1_v23_20260607_135441/v3_policy6/stream_fma_v6_v2_m4_c128_cta512
self exe links to: /tmp/stream_fma_base_tier1_v23_20260607_135441/v3_policy6/stream_fma_v6_v2_m4_c128_cta512
11.0


        *** GPGPU-Sim Simulator Version 4.2.0  [build gpgpu-sim_git-commit-48fd9fc_modified_3.0] ***


GPGPU-Sim PTX: simulation mode 0 (can change with PTX_SIM_MODE_FUNC environment variable:
               1=functional simulation only, 0=detailed performance simulator)
GPGPU-Sim PTX: overriding embedded ptx with ptx file (PTX_SIM_USE_PTX_FILE is set)
GPGPU-Sim: Configuration options:

-save_embedded_ptx                      0 # saves ptx files embedded in binary as <n>.ptx
-keep                                   0 # keep intermediate files created by GPGPU-Sim when interfacing with external programs
-gpgpu_ptx_save_converted_ptxplus                    0 # Saved converted ptxplus to a file
-gpgpu_occupancy_sm_number                   70 # The SM number to pass to ptxas when getting register usage for computing GPU occupancy. This parameter is required in the config.
-ptx_opcode_latency_int      4,13,4,5,145,21 # Opcode latencies for integers <ADD,MAX,MUL,MAD,DIV,SHFL>Default 1,1,19,25,145,32
-ptx_opcode_latency_fp          4,13,4,5,39 # Opcode latencies for single precision floating points <ADD,MAX,MUL,MAD,DIV>Default 1,1,1,1,30
-ptx_opcode_latency_dp         8,19,8,8,330 # Opcode latencies for double precision floating points <ADD,MAX,MUL,MAD,DIV>Default 8,8,8,8,335
-ptx_opcode_latency_sfu                  100 # Opcode latencies for SFU instructionsDefault 8
-ptx_opcode_latency_tesnor                   64 # Opcode latencies for Tensor instructionsDefault 64
-ptx_opcode_initiation_int          2,2,2,2,8,4 # Opcode initiation intervals for integers <ADD,MAX,MUL,MAD,DIV,SHFL>Default 1,1,4,4,32,4
-ptx_opcode_initiation_fp            1,1,1,1,4 # Opcode initiation intervals for single precision floating points <ADD,MAX,MUL,MAD,DIV>Default 1,1,1,1,5
-ptx_opcode_initiation_dp          2,2,2,2,130 # Opcode initiation intervals for double precision floating points <ADD,MAX,MUL,MAD,DIV>Default 8,8,8,8,130
-ptx_opcode_initiation_sfu                    8 # Opcode initiation intervals for sfu instructionsDefault 8
-ptx_opcode_initiation_tensor                   64 # Opcode initiation intervals for tensor instructionsDefault 64
-cdp_latency         7200,8000,100,12000,1600 # CDP API latency <cudaStreamCreateWithFlags, cudaGetParameterBufferV2_init_perWarp, cudaGetParameterBufferV2_perKernel, cudaLaunchDeviceV2_init_perWarp, cudaLaunchDevicV2_perKernel>Default 7200,8000,100,12000,1600
-network_mode                           2 # Interconnection network mode
-inter_config_file                   mesh # Interconnection network config file
-icnt_in_buffer_limit                  512 # in_buffer_limit
-icnt_out_buffer_limit                  512 # out_buffer_limit
-icnt_subnets                           2 # subnets
-icnt_arbiter_algo                      1 # arbiter_algo
-icnt_verbose                           0 # inct_verbose
-icnt_grant_cycles                      1 # grant_cycles
-gpgpu_ptx_use_cuobjdump                    1 # Use cuobjdump to extract ptx and sass from binaries
-gpgpu_experimental_lib_support                    0 # Try to extract code from cuda libraries [Broken because of unknown cudaGetExportTable]
-checkpoint_option                      0 #  checkpointing flag (0 = no checkpoint)
-checkpoint_kernel                      1 #  checkpointing during execution of which kernel (1- 1st kernel)
-checkpoint_CTA                         0 #  checkpointing after # of CTA (< less than total CTA)
-resume_option                          0 #  resume flag (0 = no resume)
-resume_kernel                          0 #  Resume from which kernel (1= 1st kernel)
-resume_CTA                             0 #  resume from which CTA 
-checkpoint_CTA_t                       0 #  resume from which CTA 
-checkpoint_insn_Y                      0 #  resume from which CTA 
-gpgpu_ptx_convert_to_ptxplus                    0 # Convert SASS (native ISA) to ptxplus and run ptxplus
-gpgpu_ptx_force_max_capability                   70 # Force maximum compute capability
-gpgpu_ptx_inst_debug_to_file                    0 # Dump executed instructions' debug information to file
-gpgpu_ptx_inst_debug_file       inst_debug.txt # Executed instructions' debug output file
-gpgpu_ptx_inst_debug_thread_uid                    1 # Thread UID for executed instructions' debug output
-gpgpu_simd_model                       1 # 1 = post-dominator
-gpgpu_shader_core_pipeline              2048:32 # shader core pipeline config, i.e., {<nthread>:<warpsize>}
-gpgpu_tex_cache:l1  N:4:128:256,L:R:m:N:L,T:512:8,128:2 # per-shader L1 texture cache  (READ-ONLY) config  {<nsets>:<bsize>:<assoc>,<rep>:<wr>:<alloc>:<wr_alloc>,<mshr>:<N>:<merge>,<mq>:<rf>}
-gpgpu_const_cache:l1 N:128:64:8,L:R:f:N:L,S:2:64,4 # per-shader L1 constant memory cache  (READ-ONLY) config  {<nsets>:<bsize>:<assoc>,<rep>:<wr>:<alloc>:<wr_alloc>,<mshr>:<N>:<merge>,<mq>} 
-gpgpu_cache:il1     N:64:128:16,L:R:f:N:L,S:2:48,4 # shader L1 instruction cache config  {<nsets>:<bsize>:<assoc>,<rep>:<wr>:<alloc>:<wr_alloc>,<mshr>:<N>:<merge>,<mq>} 
-gpgpu_cache:dl1     S:4:128:64,L:T:m:L:L,A:512:8,256:0,32 # per-shader L1 data cache config  {<nsets>:<bsize>:<assoc>,<rep>:<wr>:<alloc>:<wr_alloc>,<mshr>:<N>:<merge>,<mq> | none}
-gpgpu_l1_cache_write_ratio                   25 # L1D write ratio
-gpgpu_l1_banks                         4 # The number of L1 cache banks
-gpgpu_l1_banks_byte_interleaving                   32 # l1 banks byte interleaving granularity
-gpgpu_l1_banks_hashing_function                    0 # l1 banks hashing function
-gpgpu_l1_latency                      20 # L1 Hit Latency
-gpgpu_smem_latency                    20 # smem Latency
-gpgpu_cache:dl1PrefL1                 none # per-shader L1 data cache config  {<nsets>:<bsize>:<assoc>,<rep>:<wr>:<alloc>:<wr_alloc>,<mshr>:<N>:<merge>,<mq> | none}
-gpgpu_cache:dl1PrefShared                 none # per-shader L1 data cache config  {<nsets>:<bsize>:<assoc>,<rep>:<wr>:<alloc>:<wr_alloc>,<mshr>:<N>:<merge>,<mq> | none}
-gpgpu_gmem_skip_L1D                    0 # global memory access skip L1D cache (implements -Xptxas -dlcm=cg, default=no skip)
-gpgpu_perfect_mem                      0 # enable perfect memory mode (no cache miss)
-n_regfile_gating_group                    4 # group of lanes that should be read/written together)
-gpgpu_clock_gated_reg_file                    0 # enable clock gated reg file for power calculations
-gpgpu_clock_gated_lanes                    1 # enable clock gated lanes for power calculations
-gpgpu_shader_registers                65536 # Number of registers per shader core. Limits number of concurrent CTAs. (default 8192)
-gpgpu_registers_per_block                65536 # Maximum number of registers per CTA. (default 8192)
-gpgpu_ignore_resources_limitation                    0 # gpgpu_ignore_resources_limitation (default 0)
-gpgpu_shader_cta                      32 # Maximum number of concurrent CTAs in shader (default 32)
-gpgpu_num_cta_barriers                   16 # Maximum number of named barriers per CTA (default 16)
-gpgpu_n_clusters                     132 # number of processing clusters
-gpgpu_n_cores_per_cluster                    1 # number of simd cores per cluster
-gpgpu_n_cluster_ejection_buffer_size                   32 # number of packets in ejection buffer
-gpgpu_n_ldst_response_buffer_size                    2 # number of response packets in ld/st unit ejection buffer
-gpgpu_shmem_per_block               232448 # Size of shared memory per thread block or CTA (default 48kB)
-gpgpu_shmem_size                  233472 # Size of shared memory per shader core (default 16kB)
-gpgpu_shmem_option  0,8,16,32,64,100,132,164,196,228 # Option list of shared memory sizes
-gpgpu_unified_l1d_size                  256 # Size of unified data cache(L1D + shared memory) in KB
-gpgpu_adaptive_cache_config                    1 # adaptive_cache_config
-gpgpu_shmem_sizeDefault               233472 # Size of shared memory per shader core (default 16kB)
-gpgpu_shmem_size_PrefL1                16384 # Size of shared memory per shader core (default 16kB)
-gpgpu_shmem_size_PrefShared                16384 # Size of shared memory per shader core (default 16kB)
-gpgpu_shmem_num_banks                   32 # Number of banks in the shared memory in each shader core (default 16)
-gpgpu_shmem_limited_broadcast                    0 # Limit shared memory to do one broadcast per cycle (default on)
-gpgpu_shmem_warp_parts                    1 # Number of portions a warp is divided into for shared memory bank conflict check 
-gpgpu_mem_unit_ports                    1 # The number of memory transactions allowed per core cycle
-gpgpu_shmem_warp_parts                    1 # Number of portions a warp is divided into for shared memory bank conflict check 
-gpgpu_warpdistro_shader                   -1 # Specify which shader core to collect the warp size distribution from
-gpgpu_warp_issue_shader                    0 # Specify which shader core to collect the warp issue distribution from
-gpgpu_local_mem_map                    1 # Mapping from local memory space address to simulated GPU physical address space (default = enabled)
-gpgpu_num_reg_banks                   32 # Number of register banks (default = 8)
-gpgpu_reg_bank_use_warp_id                    0 # Use warp ID in mapping registers to banks (default = off)
-gpgpu_sub_core_model                    1 # Sub Core Volta/Pascal model (default = off)
-gpgpu_enable_specialized_operand_collector                    0 # enable_specialized_operand_collector
-gpgpu_operand_collector_num_units_sp                    4 # number of collector units (default = 4)
-gpgpu_operand_collector_num_units_dp                    0 # number of collector units (default = 0)
-gpgpu_operand_collector_num_units_sfu                    4 # number of collector units (default = 4)
-gpgpu_operand_collector_num_units_int                    0 # number of collector units (default = 0)
-gpgpu_operand_collector_num_units_tensor_core                    4 # number of collector units (default = 4)
-gpgpu_operand_collector_num_units_mem                    2 # number of collector units (default = 2)
-gpgpu_operand_collector_num_units_gen                   16 # number of collector units (default = 0)
-gpgpu_operand_collector_num_in_ports_sp                    1 # number of collector unit in ports (default = 1)
-gpgpu_operand_collector_num_in_ports_dp                    0 # number of collector unit in ports (default = 0)
-gpgpu_operand_collector_num_in_ports_sfu                    1 # number of collector unit in ports (default = 1)
-gpgpu_operand_collector_num_in_ports_int                    0 # number of collector unit in ports (default = 0)
-gpgpu_operand_collector_num_in_ports_tensor_core                    1 # number of collector unit in ports (default = 1)
-gpgpu_operand_collector_num_in_ports_mem                    1 # number of collector unit in ports (default = 1)
-gpgpu_operand_collector_num_in_ports_gen                   16 # number of collector unit in ports (default = 0)
-gpgpu_operand_collector_num_out_ports_sp                    1 # number of collector unit in ports (default = 1)
-gpgpu_operand_collector_num_out_ports_dp                    0 # number of collector unit in ports (default = 0)
-gpgpu_operand_collector_num_out_ports_sfu                    1 # number of collector unit in ports (default = 1)
-gpgpu_operand_collector_num_out_ports_int                    0 # number of collector unit in ports (default = 0)
-gpgpu_operand_collector_num_out_ports_tensor_core                    1 # number of collector unit in ports (default = 1)
-gpgpu_operand_collector_num_out_ports_mem                    1 # number of collector unit in ports (default = 1)
-gpgpu_operand_collector_num_out_ports_gen                   16 # number of collector unit in ports (default = 0)
-gpgpu_coalesce_arch                   70 # Coalescing arch (GT200 = 13, Fermi = 20)
-gpgpu_num_sched_per_core                    4 # Number of warp schedulers per core
-gpgpu_max_insn_issue_per_warp                    1 # Max number of instructions that can be issued per warp in one cycle by scheduler (either 1 or 2)
-gpgpu_dual_issue_diff_exec_units                    1 # should dual issue use two different execution unit resources (Default = 1)
-gpgpu_pc_pair_issue_enabled                    1 # enable producer/consumer cross-warp pair issue (default = 0)
-gpgpu_pc_pair_warps_per_cta                    8 # CTA-local warp period for producer/consumer role classification (default = 32)
-gpgpu_pc_pair_producer_warps_per_cta                    4 # number of producer warps in each CTA-local pair issue period (default = 16)
-gpgpu_pc_pair_cross_partition_same_exec                    0 # allow producer/consumer pair issue to route a same-exec-unit second warp to another free sub-core output register partition (default = 0)
-gpgpu_pc_pair_rfq_pair_barrier                    0 # replace full CTA sync barriers with producer/consumer pair-token release for RFQ-style experiments (default = 0)
-gpgpu_pc_pair_rfq_nonblocking_producer                    1 # treat producer sync barriers as nonblocking RFQ sends and consumer sync barriers as token waits for RFQ-style experiments (default = 0)
-gpgpu_pc_pair_pc_bucket_shift                    4 # right shift applied before hashing producer/consumer PCs into 64 diagnostic buckets (default = 4)
-gpgpu_pc_pair_policy                    6 # producer/consumer pair selection policy: 0=first compatible, 1=hot-region filter/rank, 2=strict hot-region, 3=strict hot-region with PC-history tie-break, 4=adaptive strict with late setup-tail fallback, 5=relaxed no-filter upper-bound ranker, 6=policy 4 plus selective hot cross-partition routing, 7=RFQ-aware adaptive policy 6 with long-stream pair bypass, 8=RFQ-aware opportunistic second issue after normal first issue (default = 0)
-gpgpu_pc_pair_adaptive_fallback_min_attempts                    0 # minimum total pair attempts before policy 4 may allow setup-tail plus consumer FFMA fallback pairs (default = 0)
-gpgpu_pc_pair_adaptive_disable_max_blocks                    2 # policies 4, 6, 7, and 8 disable pair issue when kernel grid blocks are at or below this value (default = 2)
-gpgpu_pc_pair_adaptive_fallback_min_blocks                   16 # policy 4/6 allows setup-tail plus consumer FFMA fallback pairs, and policy 7 bypasses pair issue under RFQ, and policy 8 applies long-stream throttling, when kernel grid blocks are at or above this value (default = 16)
-gpgpu_pc_pair_policy8_long_stream_interval                   64 # for policy 8 long RFQ streams, only attempt every Nth producer-first cycle; 0 or 1 means no throttling (default = 64)
-gpgpu_pc_pair_debug                    0 # print producer/consumer pair-issue debug messages (default = 0)
-gpgpu_simt_core_sim_order                    1 # Select the simulation order of cores in a cluster (0=Fix, 1=Round-Robin)
-gpgpu_pipeline_widths 4,4,4,4,4,4,4,4,4,4,8,4,4 # Pipeline widths ID_OC_SP,ID_OC_DP,ID_OC_INT,ID_OC_SFU,ID_OC_MEM,OC_EX_SP,OC_EX_DP,OC_EX_INT,OC_EX_SFU,OC_EX_MEM,EX_WB,ID_OC_TENSOR_CORE,OC_EX_TENSOR_CORE
-gpgpu_tensor_core_avail                    1 # Tensor Core Available (default=0)
-gpgpu_num_sp_units                     4 # Number of SP units (default=1)
-gpgpu_num_dp_units                     4 # Number of DP units (default=0)
-gpgpu_num_int_units                    4 # Number of INT units (default=0)
-gpgpu_num_sfu_units                    4 # Number of SF units (default=1)
-gpgpu_num_tensor_core_units                    4 # Number of tensor_core units (default=1)
-gpgpu_num_mem_units                    1 # Number if ldst units (default=1) WARNING: not hooked up to anything
-gpgpu_scheduler                      lrr # Scheduler configuration: < lrr | gto | two_level_active > If two_level_active:<num_active_warps>:<inner_prioritization>:<outer_prioritization>For complete list of prioritization values see shader.h enum scheduler_prioritization_typeDefault: gto
-gpgpu_concurrent_kernel_sm                    0 # Support concurrent kernels on a SM (default = disabled)
-gpgpu_perfect_inst_const_cache                    1 # perfect inst and const cache mode, so all inst and const hits in the cache(default = disabled)
-gpgpu_inst_fetch_throughput                    4 # the number of fetched intruction per warp each cycle
-gpgpu_reg_file_port_throughput                    2 # the number ports of the register file
-specialized_unit_1         0,4,4,4,4,BRA # specialized unit config {<enabled>,<num_units>:<latency>:<initiation>,<ID_OC_SPEC>:<OC_EX_SPEC>,<NAME>}
-specialized_unit_2         0,4,4,4,4,BRA # specialized unit config {<enabled>,<num_units>:<latency>:<initiation>,<ID_OC_SPEC>:<OC_EX_SPEC>,<NAME>}
-specialized_unit_3         0,4,4,4,4,BRA # specialized unit config {<enabled>,<num_units>:<latency>:<initiation>,<ID_OC_SPEC>:<OC_EX_SPEC>,<NAME>}
-specialized_unit_4         0,4,4,4,4,BRA # specialized unit config {<enabled>,<num_units>:<latency>:<initiation>,<ID_OC_SPEC>:<OC_EX_SPEC>,<NAME>}
-specialized_unit_5         0,4,4,4,4,BRA # specialized unit config {<enabled>,<num_units>:<latency>:<initiation>,<ID_OC_SPEC>:<OC_EX_SPEC>,<NAME>}
-specialized_unit_6         0,4,4,4,4,BRA # specialized unit config {<enabled>,<num_units>:<latency>:<initiation>,<ID_OC_SPEC>:<OC_EX_SPEC>,<NAME>}
-specialized_unit_7         0,4,4,4,4,BRA # specialized unit config {<enabled>,<num_units>:<latency>:<initiation>,<ID_OC_SPEC>:<OC_EX_SPEC>,<NAME>}
-specialized_unit_8         0,4,4,4,4,BRA # specialized unit config {<enabled>,<num_units>:<latency>:<initiation>,<ID_OC_SPEC>:<OC_EX_SPEC>,<NAME>}
-gpgpu_perf_sim_memcpy                    0 # Fill the L2 cache on memcpy
-gpgpu_simple_dram_model                    0 # simple_dram_model with fixed latency and BW
-gpgpu_dram_scheduler                    1 # 0 = fifo, 1 = FR-FCFS (defaul)
-gpgpu_dram_partition_queues      256:256:256:256 # i2$:$2d:d2$:$2i
-l2_ideal                               0 # Use a ideal L2 cache that always hit
-gpgpu_cache:dl2     S:256:128:32,L:B:m:L:L,A:192:4,32:0,32 # unified banked L2 data cache config  {<nsets>:<bsize>:<assoc>,<rep>:<wr>:<alloc>:<wr_alloc>,<mshr>:<N>:<merge>,<mq>}
-gpgpu_cache:dl2_texture_only                    0 # L2 cache used for texture only
-gpgpu_n_mem                           24 # number of memory modules (e.g. memory controllers) in gpu
-gpgpu_n_sub_partition_per_mchannel                    2 # number of memory subpartition in each memory module
-gpgpu_n_mem_per_ctrlr                    1 # number of memory chips per memory controller
-gpgpu_memlatency_stat                    0 # track and display latency statistics 0x2 enables MC, 0x4 enables queue logs
-gpgpu_frfcfs_dram_sched_queue_size                  256 # 0 = unlimited (default); # entries per chip
-gpgpu_dram_return_queue_size                  512 # 0 = unlimited (default); # entries per chip
-gpgpu_dram_buswidth                   32 # default = 4 bytes (8 bytes per cycle at DDR)
-gpgpu_dram_burst_length                    2 # Burst length of each DRAM request (default = 4 data bus cycle)
-dram_data_command_freq_ratio                    2 # Frequency ratio between DRAM data bus and command bus (default = 2 times, i.e. DDR)
-gpgpu_dram_timing_opt nbk=16:CCD=4:RRD=11:RCD=44:RAS=104:RP=44:RC=147:CL=44:WL=8:CDLR=11:WR=38:nbkgrp=4:CCDL=8:RTPL=11 # DRAM timing parameters = {nbk:tCCD:tRRD:tRCD:tRAS:tRP:tRC:CL:WL:tCDLR:tWR:nbkgrp:tCCDL:tRTPL}
-gpgpu_l2_rop_latency                  160 # ROP queue latency (default 85)
-dram_latency                         100 # DRAM latency (default 30)
-dram_dual_bus_interface                  257 # dual_bus_interface (default = 0) 
-dram_bnk_indexing_policy                    0 # dram_bnk_indexing_policy (0 = normal indexing, 1 = Xoring with the higher bits) (Default = 0)
-dram_bnkgrp_indexing_policy                    1 # dram_bnkgrp_indexing_policy (0 = take higher bits, 1 = take lower bits) (Default = 0)
-dram_seperate_write_queue_enable                    1 # Seperate_Write_Queue_Enable
-dram_write_queue_size             64:56:32 # Write_Queue_Size
-dram_elimnate_rw_turnaround                    0 # elimnate_rw_turnaround i.e set tWTR and tRTW = 0
-icnt_flit_size                        40 # icnt_flit_size
-SST_mode                               0 # SST mode
-gpgpu_mem_addr_mapping dramid@8;00000000.00000000.00000000.00000000.0000RRRR.RRRRRRRR.RBBBCCCB.CCCSSSSS # mapping memory address to dram model {dramid@<start bit>;<memory address map>}
-gpgpu_mem_addr_test                    0 # run sweep test to check address mapping for aliased address
-gpgpu_mem_address_mask                    1 # 0 = old addressing mask, 1 = new addressing mask, 2 = new add. mask + flipped bank sel and chip sel bits
-gpgpu_memory_partition_indexing                    0 # 0 = no indexing, 1 = bitwise xoring, 2 = IPoly, 3 = custom indexing
-accelwattch_xml_file accelwattch_sass_sim.xml # AccelWattch XML file
-power_simulation_enabled                    0 # Turn on power simulator (1=On, 0=Off)
-power_per_cycle_dump                    0 # Dump detailed power output each cycle
-hw_perf_file_name            hw_perf.csv # Hardware Performance Statistics file
-hw_perf_bench_name                       # Kernel Name in Hardware Performance Statistics file
-power_simulation_mode                    0 # Switch performance counter input for power simulation (0=Sim, 1=HW, 2=HW-Sim Hybrid)
-dvfs_enabled                           0 # Turn on DVFS for power model
-aggregate_power_stats                    0 # Accumulate power across all kernels
-accelwattch_hybrid_perfsim_L1_RH                    0 # Get L1 Read Hits for Accelwattch-Hybrid from Accel-Sim
-accelwattch_hybrid_perfsim_L1_RM                    0 # Get L1 Read Misses for Accelwattch-Hybrid from Accel-Sim
-accelwattch_hybrid_perfsim_L1_WH                    0 # Get L1 Write Hits for Accelwattch-Hybrid from Accel-Sim
-accelwattch_hybrid_perfsim_L1_WM                    0 # Get L1 Write Misses for Accelwattch-Hybrid from Accel-Sim
-accelwattch_hybrid_perfsim_L2_RH                    0 # Get L2 Read Hits for Accelwattch-Hybrid from Accel-Sim
-accelwattch_hybrid_perfsim_L2_RM                    0 # Get L2 Read Misses for Accelwattch-Hybrid from Accel-Sim
-accelwattch_hybrid_perfsim_L2_WH                    0 # Get L2 Write Hits for Accelwattch-Hybrid from Accel-Sim
-accelwattch_hybrid_perfsim_L2_WM                    0 # Get L2 Write Misses for Accelwattch-Hybrid from Accel-Sim
-accelwattch_hybrid_perfsim_CC_ACC                    0 # Get Constant Cache Acesses for Accelwattch-Hybrid from Accel-Sim
-accelwattch_hybrid_perfsim_SHARED_ACC                    0 # Get Shared Memory Acesses for Accelwattch-Hybrid from Accel-Sim
-accelwattch_hybrid_perfsim_DRAM_RD                    0 # Get DRAM Reads for Accelwattch-Hybrid from Accel-Sim
-accelwattch_hybrid_perfsim_DRAM_WR                    0 # Get DRAM Writes for Accelwattch-Hybrid from Accel-Sim
-accelwattch_hybrid_perfsim_NOC                    0 # Get Interconnect Acesses for Accelwattch-Hybrid from Accel-Sim
-accelwattch_hybrid_perfsim_PIPE_DUTY                    0 # Get Pipeline Duty Cycle Acesses for Accelwattch-Hybrid from Accel-Sim
-accelwattch_hybrid_perfsim_NUM_SM_IDLE                    0 # Get Number of Idle SMs for Accelwattch-Hybrid from Accel-Sim
-accelwattch_hybrid_perfsim_CYCLES                    0 # Get Executed Cycles for Accelwattch-Hybrid from Accel-Sim
-accelwattch_hybrid_perfsim_VOLTAGE                    0 # Get Chip Voltage for Accelwattch-Hybrid from Accel-Sim
-power_trace_enabled                    0 # produce a file for the power trace (1=On, 0=Off)
-power_trace_zlevel                     6 # Compression level of the power trace output log (0=no comp, 9=highest)
-steady_power_levels_enabled                    0 # produce a file for the steady power levels (1=On, 0=Off)
-steady_state_definition                  8:4 # allowed deviation:number of samples
-gpgpu_max_cycle                        0 # terminates gpu simulation early (0 = no limit)
-gpgpu_max_insn                         0 # terminates gpu simulation early (0 = no limit)
-gpgpu_max_cta                          0 # terminates gpu simulation early (0 = no limit)
-gpgpu_max_completed_cta                    0 # terminates gpu simulation early (0 = no limit)
-gpgpu_runtime_stat                   500 # display runtime statistics such as dram utilization {<freq>:<flag>}
-liveness_message_freq                    1 # Minimum number of seconds between simulation liveness messages (0 = always print)
-gpgpu_compute_capability_major                    7 # Major compute capability version number
-gpgpu_compute_capability_minor                    0 # Minor compute capability version number
-gpgpu_flush_l1_cache                    1 # Flush L1 cache at the end of each kernel call
-gpgpu_flush_l2_cache                    0 # Flush L2 cache at the end of each kernel call
-gpgpu_deadlock_detect                    0 # Stop the simulation at deadlock (1=on (default), 0=off)
-gpgpu_ptx_instruction_classification                    0 # if enabled will classify ptx instruction types per kernel (Max 255 kernels now)
-gpgpu_ptx_sim_mode                     0 # Select between Performance (default) or Functional simulation (1)
-gpgpu_clock_domains 1980.0:1980.0:1980.0:3125.0 # Clock Domain Frequencies in MhZ {<Core Clock>:<ICNT Clock>:<L2 Clock>:<DRAM Clock>}
-gpgpu_max_concurrent_kernel                  128 # maximum kernels that can run concurrently on GPU, set this value according to max resident grids for your compute capability
-gpgpu_cflog_interval                    0 # Interval between each snapshot in control flow logger
-visualizer_enabled                     0 # Turn on visualizer output (1=On, 0=Off)
-visualizer_outputfile                 NULL # Specifies the output log file for visualizer
-visualizer_zlevel                      6 # Compression level of the visualizer output log (0=no comp, 9=highest)
-gpgpu_stack_size_limit                 1024 # GPU thread stack size
-gpgpu_heap_size_limit              8388608 # GPU malloc heap size 
-gpgpu_runtime_sync_depth_limit                    2 # GPU device runtime synchronize depth
-gpgpu_runtime_pending_launch_count_limit                 2048 # GPU device runtime pending launch count
-trace_enabled                          0 # Turn on traces
-trace_components                    none # comma seperated list of traces to enable. Complete list found in trace_streams.tup. Default none
-trace_sampling_core                    0 # The core which is printed using CORE_DPRINTF. Default 0
-trace_sampling_memory_partition                   -1 # The memory partition which is printed using MEMPART_DPRINTF. Default -1 (i.e. all)
-enable_ptx_file_line_stats                    1 # Turn on PTX source line statistic profiling. (1 = On)
-ptx_line_stats_filename gpgpu_inst_stats.txt # Output file for PTX source line statistics.
-gpgpu_kernel_launch_latency                 5000 # Kernel launch latency in cycles. Default: 0
-gpgpu_cdp_enabled                      0 # Turn on CDP
-gpgpu_TB_launch_latency                    0 # thread block launch latency in cycles. Default: 0
DRAM Timing Options:
nbk                                    16 # number of banks
CCD                                     4 # column to column delay
RRD                                    11 # minimal delay between activation of rows in different banks
RCD                                    44 # row to column delay
RAS                                   104 # time needed to activate row
RP                                     44 # time needed to precharge (deactivate) row
RC                                    147 # row cycle time
CDLR                                   11 # switching from write to read (changes tWTR)
WR                                     38 # last data-in to row precharge
CL                                     44 # CAS latency
WL                                      8 # Write latency
nbkgrp                                  4 # number of bank groups
CCDL                                    8 # column to column delay between accesses to different bank groups
RTPL                                   11 # read to precharge delay between accesses to different bank groups
Total number of memory sub partition = 48
addr_dec_mask[CHIP]  = 0000000000000000 	high:64 low:0
addr_dec_mask[BK]    = 0000000000007100 	high:15 low:8
addr_dec_mask[ROW]   = 000000000fff8000 	high:28 low:15
addr_dec_mask[COL]   = 0000000000000eff 	high:12 low:0
addr_dec_mask[BURST] = 000000000000001f 	high:5 low:0
sub_partition_id_mask = 0000000000000100
GPGPU-Sim uArch: clock freqs: 1980000000.000000:1980000000.000000:1980000000.000000:3125000000.000000
GPGPU-Sim uArch: clock periods: 0.00000000050505050505:0.00000000050505050505:0.00000000050505050505:0.00000000032000000000
*** Initializing Memory Statistics ***
GPGPU-Sim uArch: perfoed417b28f45c5e71552d5b0fb3bdc81a  /tmp/stream_fma_base_tier1_v23_20260607_135441/v3_policy6/stream_fma_v6_v2_m4_c128_cta512
Extracting PTX file and ptxas options    1: stream_fma_v6_v2_m4_c128_cta512.1.sm_70.ptx -arch=sm_70
rmance model initialization complete.
GPGPU-Sim PTX: __cudaRegisterFatBinary, fat_cubin_handle = 1, filename=default
self exe links to: /tmp/stream_fma_base_tier1_v23_20260607_135441/v3_policy6/stream_fma_v6_v2_m4_c128_cta512
Running md5sum using "md5sum /tmp/stream_fma_base_tier1_v23_20260607_135441/v3_policy6/stream_fma_v6_v2_m4_c128_cta512 "
self exe links to: /tmp/stream_fma_base_tier1_v23_20260607_135441/v3_policy6/stream_fma_v6_v2_m4_c128_cta512
Extracting specific PTX file named stream_fma_v6_v2_m4_c128_cta512.1.sm_70.ptx 
GPGPU-Sim PTX: __cudaRegisterFunction stream_fma_v6_v3_m8_kernel : hostFun 0x0x55c63f161d60, fat_cubin_handle = 1
GPGPU-Sim PTX: Parsing stream_fma_v6_v2_m4_c128_cta512.1.sm_70.ptx
GPGPU-Sim PTX: allocating shared region for "_ZZ34stream_fma_v6_variant2_kernel_implILi1EEvPKfS1_S1_PfmiE6smem_a" from 0x0 to 0x400 (shared memory space)
GPGPU-Sim PTX: allocating shared region for "_ZZ34stream_fma_v6_variant2_kernel_implILi1EEvPKfS1_S1_PfmiE6smem_b" from 0x400 to 0x800 (shared memory space)
GPGPU-Sim PTX: allocating shared region for "_ZZ34stream_fma_v6_variant2_kernel_implILi1EEvPKfS1_S1_PfmiE6smem_c" from 0x800 to 0xc00 (shared memory space)
GPGPU-Sim PTX: Warning -- ignoring pragma 'nounroll'
GPGPU-Sim PTX: Warning -- ignoring pragma 'nounroll'
GPGPU-Sim PTX: instruction assembly for function 'stream_fma_v6_v2_m1_kernel'...   done.
GPGPU-Sim PTX: allocating shared region for "_ZZ34stream_fma_v6_variant2_kernel_implILi2EEvPKfS1_S1_PfmiE6smem_a" from 0x0 to 0x400 (shared memory space)
GPGPU-Sim PTX: allocating shared region for "_ZZ34stream_fma_v6_variant2_kernel_implILi2EEvPKfS1_S1_PfmiE6smem_b" from 0x400 to 0x800 (shared memory space)
GPGPU-Sim PTX: allocating shared region for "_ZZ34stream_fma_v6_variant2_kernel_implILi2EEvPKfS1_S1_PfmiE6smem_c" from 0x800 to 0xc00 (shared memory space)
GPGPU-Sim PTX: Warning -- ignoring pragma 'nounroll'
GPGPU-Sim PTX: Warning -- ignoring pragma 'nounroll'
GPGPU-Sim PTX: Warning -- ignoring pragma 'nounroll'
GPGPU-Sim PTX: Warning -- ignoring pragma 'nounroll'
GPGPU-Sim PTX: instruction assembly for function 'stream_fma_v6_v2_m2_kernel'...   done.
GPGPU-Sim PTX: allocating shared region for "_ZZ34stream_fma_v6_variant2_kernel_implILi4EEvPKfS1_S1_PfmiE6smem_a" from 0x0 to 0x400 (shared memory space)
GPGPU-Sim PTX: allocating shared region for "_ZZ34stream_fma_v6_variant2_kernel_implILi4EEvPKfS1_S1_PfmiE6smem_b" from 0x400 to 0x800 (shared memory space)
GPGPU-Sim PTX: allocating shared region for "_ZZ34stream_fma_v6_variant2_kernel_implILi4EEvPKfS1_S1_PfmiE6smem_c" from 0x800 to 0xc00 (shared memory space)
GPGPU-Sim PTX: Warning -- ignoring pragma 'nounroll'
GPGPU-Sim PTX: Warning -- ignoring pragma 'nounroll'
GPGPU-Sim PTX: Warning -- ignoring pragma 'nounroll'
GPGPU-Sim PTX: Warning -- ignoring pragma 'nounroll'
GPGPU-Sim PTX: Warning -- ignoring pragma 'nounroll'
GPGPU-Sim PTX: Warning -- ignoring pragma 'nounroll'
GPGPU-Sim PTX: Warning -- ignoring pragma 'nounroll'
GPGPU-Sim PTX: Warning -- ignoring pragma 'nounroll'
GPGPU-Sim PTX: instruction assembly for function 'stream_fma_v6_v2_m4_kernel'...   done.
GPGPU-Sim PTX: allocating shared region for "_ZZ34stream_fma_v6_variant2_kernel_implILi8EEvPKfS1_S1_PfmiE6smem_a" from 0x0 to 0x400 (shared memory space)
GPGPU-Sim PTX: allocating shared region for "_ZZ34stream_fma_v6_variant2_kernel_implILi8EEvPKfS1_S1_PfmiE6smem_b" from 0x400 to 0x800 (shared memory space)
GPGPU-Sim PTX: allocating shared region for "_ZZ34stream_fma_v6_variant2_kernel_implILi8EEvPKfS1_S1_PfmiE6smem_c" from 0x800 to 0xc00 (shared memory space)
GPGPU-Sim PTX: Warning -- ignoring pragma 'nounroll'
GPGPU-Sim PTX: Warning -- ignoring pragma 'nounroll'
GPGPU-Sim PTX: Warning -- ignoring pragma 'nounroll'
GPGPU-Sim PTX: Warning -- ignoring pragma 'nounroll'
GPGPU-Sim PTX: Warning -- ignoring pragma 'nounroll'
GPGPU-Sim PTX: Warning -- ignoring pragma 'nounroll'
GPGPU-Sim PTX: Warning -- ignoring pragma 'nounroll'
GPGPU-Sim PTX: Warning -- ignoring pragma 'nounroll'
GPGPU-Sim PTX: Warning -- ignoring pragma 'nounroll'
GPGPU-Sim PTX: Warning -- ignoring pragma 'nounroll'
GPGPU-Sim PTX: Warning -- ignoring pragma 'nounroll'
GPGPU-Sim PTX: Warning -- ignoring pragma 'nounroll'
GPGPU-Sim PTX: Warning -- ignoring pragma 'nounroll'
GPGPU-Sim PTX: Warning -- ignoring pragma 'nounroll'
GPGPU-Sim PTX: Warning -- ignoring pragma 'nounroll'
GPGPU-Sim PTX: Warning -- ignoring pragma 'nounroll'
GPGPU-Sim PTX: instruction assembly for function 'stream_fma_v6_v2_m8_kernel'...   done.
GPGPU-Sim PTX: allocating shared region for "_ZZ34stream_fma_v6_variant3_kernel_implILi1EEvPKfS1_S1_PfmiE7queue_a" from 0x0 to 0x400 (shared memory space)
GPGPU-Sim PTX: allocating shared region for "_ZZ34stream_fma_v6_variant3_kernel_implILi1EEvPKfS1_S1_PfmiE7queue_b" from 0x400 to 0x800 (shared memory space)
GPGPU-Sim PTX: allocating shared region for "_ZZ34stream_fma_v6_variant3_kernel_implILi1EEvPKfS1_S1_PfmiE7queue_c" from 0x800 to 0xc00 (shared memory space)
GPGPU-Sim PTX: Warning -- ignoring pragma 'nounroll'
GPGPU-Sim PTX: Warning -- ignoring pragma 'nounroll'
GPGPU-Sim PTX: instruction assembly for function 'stream_fma_v6_v3_m1_kernel'...   done.
GPGPU-Sim PTX: allocating shared region for "_ZZ34stream_fma_v6_variant3_kernel_implILi2EEvPKfS1_S1_PfmiE7queue_a" from 0x0 to 0x800 (shared memory space)
GPGPU-Sim PTX: allocating shared region for "_ZZ34stream_fma_v6_variant3_kernel_implILi2EEvPKfS1_S1_PfmiE7queue_b" from 0x800 to 0x1000 (shared memory space)
GPGPU-Sim PTX: allocating shared region for "_ZZ34stream_fma_v6_variant3_kernel_implILi2EEvPKfS1_S1_PfmiE7queue_c" from 0x1000 to 0x1800 (shared memory space)
GPGPU-Sim PTX: Warning -- ignoring pragma 'nounroll'
GPGPU-Sim PTX: Warning -- ignoring pragma 'nounroll'
GPGPU-Sim PTX: Warning -- ignoring pragma 'nounroll'
GPGPU-Sim PTX: Warning -- ignoring pragma 'nounroll'
GPGPU-Sim PTX: instruction assembly for function 'stream_fma_v6_v3_m2_kernel'...   done.
GPGPU-Sim PTX: allocating shared region for "_ZZ34stream_fma_v6_variant3_kernel_implILi4EEvPKfS1_S1_PfmiE7queue_a" from 0x0 to 0x1000 (shared memory space)
GPGPU-Sim PTX: allocating shared region for "_ZZ34stream_fma_v6_variant3_kernel_implILi4EEvPKfS1_S1_PfmiE7queue_b" from 0x1000 to 0x2000 (shared memory space)
GPGPU-Sim PTX: allocating shared region for "_ZZ34stream_fma_v6_variant3_kernel_implILi4EEvPKfS1_S1_PfmiE7queue_c" from 0x2000 to 0x3000 (shared memory space)
GPGPU-Sim PTX: Warning -- ignoring pragma 'nounroll'
GPGPU-Sim PTX: Warning -- ignoring pragma 'nounroll'
GPGPU-Sim PTX: Warning -- ignoring pragma 'nounroll'
GPGPU-Sim PTX: Warning -- ignoring pragma 'nounroll'
GPGPU-Sim PTX: Warning -- ignoring pragma 'nounroll'
GPGPU-Sim PTX: Warning -- ignoring pragma 'nounroll'
GPGPU-Sim PTX: Warning -- ignoring pragma 'nounroll'
GPGPU-Sim PTX: Warning -- ignoring pragma 'nounroll'
GPGPU-Sim PTX: instruction assembly for function 'stream_fma_v6_v3_m4_kernel'...   done.
GPGPU-Sim PTX: allocating shared region for "_ZZ34stream_fma_v6_variant3_kernel_implILi8EEvPKfS1_S1_PfmiE7queue_a" from 0x0 to 0x2000 (shared memory space)
GPGPU-Sim PTX: allocating shared region for "_ZZ34stream_fma_v6_variant3_kernel_implILi8EEvPKfS1_S1_PfmiE7queue_b" from 0x2000 to 0x4000 (shared memory space)
GPGPU-Sim PTX: allocating shared region for "_ZZ34stream_fma_v6_variant3_kernel_implILi8EEvPKfS1_S1_PfmiE7queue_c" from 0x4000 to 0x6000 (shared memory space)
GPGPU-Sim PTX: Warning -- ignoring pragma 'nounroll'
GPGPU-Sim PTX: Warning -- ignoring pragma 'nounroll'
GPGPU-Sim PTX: Warning -- ignoring pragma 'nounroll'
GPGPU-Sim PTX: Warning -- ignoring pragma 'nounroll'
GPGPU-Sim PTX: Warning -- ignoring pragma 'nounroll'
GPGPU-Sim PTX: Warning -- ignoring pragma 'nounroll'
GPGPU-Sim PTX: Warning -- ignoring pragma 'nounroll'
GPGPU-Sim PTX: Warning -- ignoring pragma 'nounroll'
GPGPU-Sim PTX: Warning -- ignoring pragma 'nounroll'
GPGPU-Sim PTX: Warning -- ignoring pragma 'nounroll'
GPGPU-Sim PTX: Warning -- ignoring pragma 'nounroll'
GPGPU-Sim PTX: Warning -- ignoring pragma 'nounroll'
GPGPU-Sim PTX: Warning -- ignoring pragma 'nounroll'
GPGPU-Sim PTX: Warning -- ignoring pragma 'nounroll'
GPGPU-Sim PTX: Warning -- ignoring pragma 'nounroll'
GPGPU-Sim PTX: Warning -- ignoring pragma 'nounroll'
GPGPU-Sim PTX: instruction assembly for function 'stream_fma_v6_v3_m8_kernel'...   done.
GPGPU-Sim PTX: finished parsing EMBEDDED .ptx file stream_fma_v6_v2_m4_c128_cta512.1.sm_70.ptx
GPGPU-Sim PTX: loading globals with explicit initializers... 
GPGPU-Sim PTX: finished loading globals (0 bytes total).
GPGPU-Sim PTX: loading constants with explicit initializers...  done.
GPGPU-Sim PTX: Loading PTXInfo from stream_fma_v6_v2_m4_c128_cta512.1.sm_70.ptx
GPGPU-Sim PTX: Kernel 'stream_fma_v6_v3_m8_kernel' : regs=19, lmem=0, smem=24576, cmem=396
GPGPU-Sim PTX: Kernel 'stream_fma_v6_v3_m4_kernel' : regs=18, lmem=0, smem=12288, cmem=396
GPGPU-Sim PTX: Kernel 'stream_fma_v6_v3_m2_kernel' : regs=22, lmem=0, smem=6144, cmem=396
GPGPU-Sim PTX: Kernel 'stream_fma_v6_v3_m1_kernel' : regs=21, lmem=0, smem=3072, cmem=396
GPGPU-Sim PTX: Kernel 'stream_fma_v6_v2_m8_kernel' : regs=19, lmem=0, smem=3072, cmem=396
GPGPU-Sim PTX: Kernel 'stream_fma_v6_v2_m4_kernel' : regs=18, lmem=0, smem=3072, cmem=396
GPGPU-Sim PTX: Kernel 'stream_fma_v6_v2_m2_kernel' : regs=22, lmem=0, smem=3072, cmem=396
GPGPU-Sim PTX: Kernel 'stream_fma_v6_v2_m1_kernel' : regs=21, lmem=0, smem=3072, cmem=396
GPGPU-Sim PTX: __cudaRegisterFunction stream_fma_v6_v3_m4_kernel : hostFun 0x0x55c63f161c30, fat_cubin_handle = 1
GPGPU-Sim PTX: __cudaRegisterFunction stream_fma_v6_v3_m2_kernel : hostFun 0x0x55c63f162480, fat_cubin_handle = 1
GPGPU-Sim PTX: __cudaRegisterFunction stream_fma_v6_v3_m1_kernel : hostFun 0x0x55c63f162350, fat_cubin_handle = 1
GPGPU-Sim PTX: __cudaRegisterFunction stream_fma_v6_v2_m8_kernel : hostFun 0x0x55c63f162220, fat_cubin_handle = 1
GPGPU-Sim PTX: __cudaRegisterFunction stream_fma_v6_v2_m4_kernel : hostFun 0x0x55c63f1620f0, fat_cubin_handle = 1
GPGPU-Sim PTX: __cudaRegisterFunction stream_fma_v6_v2_m2_kernel : hostFun 0x0x55c63f161fc0, fat_cubin_handle = 1
GPGPU-Sim PTX: __cudaRegisterFunction stream_fma_v6_v2_m1_kernel : hostFun 0x0x55c63f161e90, fat_cubin_handle = 1
device=GPGPU-Sim_vGPGPU-Sim Simulator Version 4.2.0   cc=7.0  variant=3  n=16384  iters=128  memory_iters=4  repeats=1  warmup=0
CTAs=16  threads/CTA=256  elements/CTA=1024  chunks/CTA=8  chunk_elements=128  producer_warps/CTA=4  consumer_warps/CTA=4  shared_buffers=8  shared_bytes=12288  rfq_queue_depth=8  barriers_per_chunk=1  mapping=warp_specialized_w0_3_producer_w4_7_consumer
GPGPU-Sim: synchronize waiting for inactive GPU simulation
GPGPU-Sim API: Stream Manager State
GPGPU-Sim: detected inactive GPU simulation thread
event update
GPGPU-Sim PTX: Setting up arguments for 8 bytes starting at 0x7ffc437c3138..
GPGPU-Sim PTX: Setting up arguments for 8 bytes starting at 0x7ffc437c3140..
GPGPU-Sim PTX: Setting up arguments for 8 bytes starting at 0x7ffc437c3148..
GPGPU-Sim PTX: Setting up arguments for 8 bytes starting at 0x7ffc437c3150..
GPGPU-Sim PTX: Setting up arguments for 8 bytes starting at 0x7ffc437c3128..
GPGPU-Sim PTX: Setting up arguments for 4 bytes starting at 0x7ffc437c3124..

GPGPU-Sim PTX: cudaLaunch for 0x0x55c63f161c30 (mode=performance simulation) on stream 0
GPGPU-Sim PTX: finding reconvergence points for 'stream_fma_v6_v3_m4_kernel'...
GPGPU-Sim PTX: Finding dominators for 'stream_fma_v6_v3_m4_kernel'...
GPGPU-Sim PTX: Finding immediate dominators for 'stream_fma_v6_v3_m4_kernel'...
GPGPU-Sim PTX: Finding postdominators for 'stream_fma_v6_v3_m4_kernel'...
GPGPU-Sim PTX: Finding immediate postdominators for 'stream_fma_v6_v3_m4_kernel'...
GPGPU-Sim PTX: pre-decoding instructions for 'stream_fma_v6_v3_m4_kernel'...
GPGPU-Sim PTX: reconvergence points for stream_fma_v6_v3_m4_kernel...
GPGPU-Sim PTX:  1 (potential) branch divergence @  PC=0x5910 (stream_fma_v6_v2_m4_c128_cta512.1.sm_70.ptx:3695) @%p4 bra $L__BB6_2;
GPGPU-Sim PTX:    immediate post dominator      @  PC=0x59a0 (stream_fma_v6_v2_m4_c128_cta512.1.sm_70.ptx:3716) bar.sync 0;
GPGPU-Sim PTX:  2 (potential) branch divergence @  PC=0x59c8 (stream_fma_v6_v2_m4_c128_cta512.1.sm_70.ptx:3721) @%p7 bra $L__BB6_11;
GPGPU-Sim PTX:    immediate post dominator      @  PC=0x5b68 (stream_fma_v6_v2_m4_c128_cta512.1.sm_70.ptx:3788) add.s64 %rd6, %rd4, 128;
GPGPU-Sim PTX:  3 (potential) branch divergence @  PC=0x5a28 (stream_fma_v6_v2_m4_c128_cta512.1.sm_70.ptx:3734) @%p8 bra $L__BB6_10;
GPGPU-Sim PTX:    immediate post dominator      @  PC=0x5b50 (stream_fma_v6_v2_m4_c128_cta512.1.sm_70.ptx:3783) add.f32 %f212, %f365, %f375;
GPGPU-Sim PTX:  4 (potential) branch divergence @  PC=0x5a48 (stream_fma_v6_v2_m4_c128_cta512.1.sm_70.ptx:3739) @%p9 bra $L__BB6_7;
GPGPU-Sim PTX:    immediate post dominator      @  PC=0x5ae8 (stream_fma_v6_v2_m4_c128_cta512.1.sm_70.ptx:3764) setp.eq.s32 %p11, %r175, 0;
GPGPU-Sim PTX:  5 (potential) branch divergence @  PC=0x5ae0 (stream_fma_v6_v2_m4_c128_cta512.1.sm_70.ptx:3761) @%p10 bra $L__BB6_6;
GPGPU-Sim PTX:    immediate post dominator      @  PC=0x5ae8 (stream_fma_v6_v2_m4_c128_cta512.1.sm_70.ptx:3764) setp.eq.s32 %p11, %r175, 0;
GPGPU-Sim PTX:  6 (potential) branch divergence @  PC=0x5af0 (stream_fma_v6_v2_m4_c128_cta512.1.sm_70.ptx:3765) @%p11 bra $L__BB6_10;
GPGPU-Sim PTX:    immediate post dominator      @  PC=0x5b50 (stream_fma_v6_v2_m4_c128_cta512.1.sm_70.ptx:3783) add.f32 %f212, %f365, %f375;
GPGPU-Sim PTX:  7 (potential) branch divergence @  PC=0x5b48 (stream_fma_v6_v2_m4_c128_cta512.1.sm_70.ptx:3780) @%p12 bra $L__BB6_9;
GPGPU-Sim PTX:    immediate post dominator      @  PC=0x5b50 (stream_fma_v6_v2_m4_c128_cta512.1.sm_70.ptx:3783) add.f32 %f212, %f365, %f375;
GPGPU-Sim PTX:  8 (potential) branch divergence @  PC=0x5b80 (stream_fma_v6_v2_m4_c128_cta512.1.sm_70.ptx:3791) @%p15 bra $L__BB6_13;
GPGPU-Sim PTX:    immediate post dominator      @  PC=0x5c10 (stream_fma_v6_v2_m4_c128_cta512.1.sm_70.ptx:3812) bar.sync 0;
GPGPU-Sim PTX:  9 (potential) branch divergence @  PC=0x5c20 (stream_fma_v6_v2_m4_c128_cta512.1.sm_70.ptx:3814) @%p18 bra $L__BB6_22;
GPGPU-Sim PTX:    immediate post dominator      @  PC=0x5dc0 (stream_fma_v6_v2_m4_c128_cta512.1.sm_70.ptx:3881) add.s64 %rd7, %rd4, 256;
GPGPU-Sim PTX: 10 (potential) branch divergence @  PC=0x5c80 (stream_fma_v6_v2_m4_c128_cta512.1.sm_70.ptx:3827) @%p19 bra $L__BB6_21;
GPGPU-Sim PTX:    immediate post dominator      @  PC=0x5da8 (stream_fma_v6_v2_m4_c128_cta512.1.sm_70.ptx:3876) add.f32 %f233, %f380, %f390;
GPGPU-Sim PTX: 11 (potential) branch divergence @  PC=0x5ca0 (stream_fma_v6_v2_m4_c128_cta512.1.sm_70.ptx:3832) @%p20 bra $L__BB6_18;
GPGPU-Sim PTX:    immediate post dominator      @  PC=0x5d40 (stream_fma_v6_v2_m4_c128_cta512.1.sm_70.ptx:3857) setp.eq.s32 %p22, %r177, 0;
GPGPU-Sim PTX: 12 (potential) branch divergence @  PC=0x5d38 (stream_fma_v6_v2_m4_c128_cta512.1.sm_70.ptx:3854) @%p21 bra $L__BB6_17;
GPGPU-Sim PTX:    immediate post dominator      @  PC=0x5d40 (stream_fma_v6_v2_m4_c128_cta512.1.sm_70.ptx:3857) setp.eq.s32 %p22, %r177, 0;
GPGPU-Sim PTX: 13 (potential) branch divergence @  PC=0x5d48 (stream_fma_v6_v2_m4_c128_cta512.1.sm_70.ptx:3858) @%p22 bra $L__BB6_21;
GPGPU-Sim PTX:    immediate post dominator      @  PC=0x5da8 (stream_fma_v6_v2_m4_c128_cta512.1.sm_70.ptx:3876) add.f32 %f233, %f380, %f390;
GPGPU-Sim PTX: 14 (potential) branch divergence @  PC=0x5da0 (stream_fma_v6_v2_m4_c128_cta512.1.sm_70.ptx:3873) @%p23 bra $L__BB6_20;
GPGPU-Sim PTX:    immediate post dominator      @  PC=0x5da8 (stream_fma_v6_v2_m4_c128_cta512.1.sm_70.ptx:3876) add.f32 %f233, %f380, %f390;
GPGPU-Sim PTX: 15 (potential) branch divergence @  PC=0x5dd8 (stream_fma_v6_v2_m4_c128_cta512.1.sm_70.ptx:3884) @%p26 bra $L__BB6_24;
GPGPU-Sim PTX:    immediate post dominator      @  PC=0x5e68 (stream_fma_v6_v2_m4_c128_cta512.1.sm_70.ptx:3905) bar.sync 0;
GPGPU-Sim PTX: 16 (potential) branch divergence @  PC=0x5e78 (stream_fma_v6_v2_m4_c128_cta512.1.sm_70.ptx:3907) @%p29 bra $L__BB6_33;
GPGPU-Sim PTX:    immediate post dominator      @  PC=0x6018 (stream_fma_v6_v2_m4_c128_cta512.1.sm_70.ptx:3974) add.s64 %rd8, %rd4, 384;
GPGPU-Sim PTX: 17 (potential) branch divergence @  PC=0x5ed8 (stream_fma_v6_v2_m4_c128_cta512.1.sm_70.ptx:3920) @%p30 bra $L__BB6_32;
GPGPU-Sim PTX:    immediate post dominator      @  PC=0x6000 (stream_fma_v6_v2_m4_c128_cta512.1.sm_70.ptx:3969) add.f32 %f254, %f395, %f405;
GPGPU-Sim PTX: 18 (potential) branch divergence @  PC=0x5ef8 (stream_fma_v6_v2_m4_c128_cta512.1.sm_70.ptx:3925) @%p31 bra $L__BB6_29;
GPGPU-Sim PTX:    immediate post dominator      @  PC=0x5f98 (stream_fma_v6_v2_m4_c128_cta512.1.sm_70.ptx:3950) setp.eq.s32 %p33, %r179, 0;
GPGPU-Sim PTX: 19 (potential) branch divergence @  PC=0x5f90 (stream_fma_v6_v2_m4_c128_cta512.1.sm_70.ptx:3947) @%p32 bra $L__BB6_28;
GPGPU-Sim PTX:    immediate post dominator      @  PC=0x5f98 (stream_fma_v6_v2_m4_c128_cta512.1.sm_70.ptx:3950) setp.eq.s32 %p33, %r179, 0;
GPGPU-Sim PTX: 20 (potential) branch divergence @  PC=0x5fa0 (stream_fma_v6_v2_m4_c128_cta512.1.sm_70.ptx:3951) @%p33 bra $L__BB6_32;
GPGPU-Sim PTX:    immediate post dominator      @  PC=0x6000 (stream_fma_v6_v2_m4_c128_cta512.1.sm_70.ptx:3969) add.f32 %f254, %f395, %f405;
GPGPU-Sim PTX: 21 (potential) branch divergence @  PC=0x5ff8 (stream_fma_v6_v2_m4_c128_cta512.1.sm_70.ptx:3966) @%p34 bra $L__BB6_31;
GPGPU-Sim PTX:    immediate post dominator      @  PC=0x6000 (stream_fma_v6_v2_m4_c128_cta512.1.sm_70.ptx:3969) add.f32 %f254, %f395, %f405;
GPGPU-Sim PTX: 22 (potential) branch divergence @  PC=0x6030 (stream_fma_v6_v2_m4_c128_cta512.1.sm_70.ptx:3977) @%p37 bra $L__BB6_35;
GPGPU-Sim PTX:    immediate post dominator      @  PC=0x60c0 (stream_fma_v6_v2_m4_c128_cta512.1.sm_70.ptx:3998) bar.sync 0;
GPGPU-Sim PTX: 23 (potential) branch divergence @  PC=0x60d0 (stream_fma_v6_v2_m4_c128_cta512.1.sm_70.ptx:4000) @%p40 bra $L__BB6_44;
GPGPU-Sim PTX:    immediate post dominator      @  PC=0x6270 (stream_fma_v6_v2_m4_c128_cta512.1.sm_70.ptx:4067) add.s64 %rd9, %rd4, 512;
GPGPU-Sim PTX: 24 (potential) branch divergence @  PC=0x6130 (stream_fma_v6_v2_m4_c128_cta512.1.sm_70.ptx:4013) @%p41 bra $L__BB6_43;
GPGPU-Sim PTX:    immediate post dominator      @  PC=0x6258 (stream_fma_v6_v2_m4_c128_cta512.1.sm_70.ptx:4062) add.f32 %f275, %f410, %f420;
GPGPU-Sim PTX: 25 (potential) branch divergence @  PC=0x6150 (stream_fma_v6_v2_m4_c128_cta512.1.sm_70.ptx:4018) @%p42 bra $L__BB6_40;
GPGPU-Sim PTX:    immediate post dominator      @  PC=0x61f0 (stream_fma_v6_v2_m4_c128_cta512.1.sm_70.ptx:4043) setp.eq.s32 %p44, %r181, 0;
GPGPU-Sim PTX: 26 (potential) branch divergence @  PC=0x61e8 (stream_fma_v6_v2_m4_c128_cta512.1.sm_70.ptx:4040) @%p43 bra $L__BB6_39;
GPGPU-Sim PTX:    immediate post dominator      @  PC=0x61f0 (stream_fma_v6_v2_m4_c128_cta512.1.sm_70.ptx:4043) setp.eq.s32 %p44, %r181, 0;
GPGPU-Sim PTX: 27 (potential) branch divergence @  PC=0x61f8 (stream_fma_v6_v2_m4_c128_cta512.1.sm_70.ptx:4044) @%p44 bra $L__BB6_43;
GPGPU-Sim PTX:    immediate post dominator      @  PC=0x6258 (stream_fma_v6_v2_m4_c128_cta512.1.sm_70.ptx:4062) add.f32 %f275, %f410, %f420;
GPGPU-Sim PTX: 28 (potential) branch divergence @  PC=0x6250 (stream_fma_v6_v2_m4_c128_cta512.1.sm_70.ptx:4059) @%p45 bra $L__BB6_42;
GPGPU-Sim PTX:    immediate post dominator      @  PC=0x6258 (stream_fma_v6_v2_m4_c128_cta512.1.sm_70.ptx:4062) add.f32 %f275, %f410, %f420;
GPGPU-Sim PTX: 29 (potential) branch divergence @  PC=0x6288 (stream_fma_v6_v2_m4_c128_cta512.1.sm_70.ptx:4070) @%p48 bra $L__BB6_46;
GPGPU-Sim PTX:    immediate post dominator      @  PC=0x6318 (stream_fma_v6_v2_m4_c128_cta512.1.sm_70.ptx:4091) bar.sync 0;
GPGPU-Sim PTX: 30 (potential) branch divergence @  PC=0x6328 (stream_fma_v6_v2_m4_c128_cta512.1.sm_70.ptx:4093) @%p51 bra $L__BB6_55;
GPGPU-Sim PTX:    immediate post dominator      @  PC=0x64c8 (stream_fma_v6_v2_m4_c128_cta512.1.sm_70.ptx:4160) add.s64 %rd10, %rd4, 640;
GPGPU-Sim PTX: 31 (potential) branch divergence @  PC=0x6388 (stream_fma_v6_v2_m4_c128_cta512.1.sm_70.ptx:4106) @%p52 bra $L__BB6_54;
GPGPU-Sim PTX:    immediate post dominator      @  PC=0x64b0 (stream_fma_v6_v2_m4_c128_cta512.1.sm_70.ptx:4155) add.f32 %f296, %f425, %f435;
GPGPU-Sim PTX: 32 (potential) branch divergence @  PC=0x63a8 (stream_fma_v6_v2_m4_c128_cta512.1.sm_70.ptx:4111) @%p53 bra $L__BB6_51;
GPGPU-Sim PTX:    immediate post dominator      @  PC=0x6448 (stream_fma_v6_v2_m4_c128_cta512.1.sm_70.ptx:4136) setp.eq.s32 %p55, %r183, 0;
GPGPU-Sim PTX: 33 (potential) branch divergence @  PC=0x6440 (stream_fma_v6_v2_m4_c128_cta512.1.sm_70.ptx:4133) @%p54 bra $L__BB6_50;
GPGPU-Sim PTX:    immediate post dominator      @  PC=0x6448 (stream_fma_v6_v2_m4_c128_cta512.1.sm_70.ptx:4136) setp.eq.s32 %p55, %r183, 0;
GPGPU-Sim PTX: 34 (potential) branch divergence @  PC=0x6450 (stream_fma_v6_v2_m4_c128_cta512.1.sm_70.ptx:4137) @%p55 bra $L__BB6_54;
GPGPU-Sim PTX:    immediate post dominator      @  PC=0x64b0 (stream_fma_v6_v2_m4_c128_cta512.1.sm_70.ptx:4155) add.f32 %f296, %f425, %f435;
GPGPU-Sim PTX: 35 (potential) branch divergence @  PC=0x64a8 (stream_fma_v6_v2_m4_c128_cta512.1.sm_70.ptx:4152) @%p56 bra $L__BB6_53;
GPGPU-Sim PTX:    immediate post dominator      @  PC=0x64b0 (stream_fma_v6_v2_m4_c128_cta512.1.sm_70.ptx:4155) add.f32 %f296, %f425, %f435;
GPGPU-Sim PTX: 36 (potential) branch divergence @  PC=0x64e0 (stream_fma_v6_v2_m4_c128_cta512.1.sm_70.ptx:4163) @%p59 bra $L__BB6_57;
GPGPU-Sim PTX:    immediate post dominator      @  PC=0x6570 (stream_fma_v6_v2_m4_c128_cta512.1.sm_70.ptx:4184) bar.sync 0;
GPGPU-Sim PTX: 37 (potential) branch divergence @  PC=0x6580 (stream_fma_v6_v2_m4_c128_cta512.1.sm_70.ptx:4186) @%p62 bra $L__BB6_66;
GPGPU-Sim PTX:    immediate post dominator      @  PC=0x6720 (stream_fma_v6_v2_m4_c128_cta512.1.sm_70.ptx:4253) add.s64 %rd11, %rd4, 768;
GPGPU-Sim PTX: 38 (potential) branch divergence @  PC=0x65e0 (stream_fma_v6_v2_m4_c128_cta512.1.sm_70.ptx:4199) @%p63 bra $L__BB6_65;
GPGPU-Sim PTX:    immediate post dominator      @  PC=0x6708 (stream_fma_v6_v2_m4_c128_cta512.1.sm_70.ptx:4248) add.f32 %f317, %f440, %f450;
GPGPU-Sim PTX: 39 (potential) branch divergence @  PC=0x6600 (stream_fma_v6_v2_m4_c128_cta512.1.sm_70.ptx:4204) @%p64 bra $L__BB6_62;
GPGPU-Sim PTX:    immediate post dominator      @  PC=0x66a0 (stream_fma_v6_v2_m4_c128_cta512.1.sm_70.ptx:4229) setp.eq.s32 %p66, %r185, 0;
GPGPU-Sim PTX: 40 (potential) branch divergence @  PC=0x6698 (stream_fma_v6_v2_m4_c128_cta512.1.sm_70.ptx:4226) @%p65 bra $L__BB6_61;
GPGPU-Sim PTX:    immediate post dominator      @  PC=0x66a0 (stream_fma_v6_v2_m4_c128_cta512.1.sm_70.ptx:4229) setp.eq.s32 %p66, %r185, 0;
GPGPU-Sim PTX: 41 (potential) branch divergence @  PC=0x66a8 (stream_fma_v6_v2_m4_c128_cta512.1.sm_70.ptx:4230) @%p66 bra $L__BB6_65;
GPGPU-Sim PTX:    immediate post dominator      @  PC=0x6708 (stream_fma_v6_v2_m4_c128_cta512.1.sm_70.ptx:4248) add.f32 %f317, %f440, %f450;
GPGPU-Sim PTX: 42 (potential) branch divergence @  PC=0x6700 (stream_fma_v6_v2_m4_c128_cta512.1.sm_70.ptx:4245) @%p67 bra $L__BB6_64;
GPGPU-Sim PTX:    immediate post dominator      @  PC=0x6708 (stream_fma_v6_v2_m4_c128_cta512.1.sm_70.ptx:4248) add.f32 %f317, %f440, %f450;
GPGPU-Sim PTX: 43 (potential) branch divergence @  PC=0x6738 (stream_fma_v6_v2_m4_c128_cta512.1.sm_70.ptx:4256) @%p70 bra $L__BB6_68;
GPGPU-Sim PTX:    immediate post dominator      @  PC=0x67c8 (stream_fma_v6_v2_m4_c128_cta512.1.sm_70.ptx:4277) bar.sync 0;
GPGPU-Sim PTX: 44 (potential) branch divergence @  PC=0x67d8 (stream_fma_v6_v2_m4_c128_cta512.1.sm_70.ptx:4279) @%p73 bra $L__BB6_77;
GPGPU-Sim PTX:    immediate post dominator      @  PC=0x6978 (stream_fma_v6_v2_m4_c128_cta512.1.sm_70.ptx:4346) add.s64 %rd12, %rd4, 896;
GPGPU-Sim PTX: 45 (potential) branch divergence @  PC=0x6838 (stream_fma_v6_v2_m4_c128_cta512.1.sm_70.ptx:4292) @%p74 bra $L__BB6_76;
GPGPU-Sim PTX:    immediate post dominator      @  PC=0x6960 (stream_fma_v6_v2_m4_c128_cta512.1.sm_70.ptx:4341) add.f32 %f338, %f455, %f465;
GPGPU-Sim PTX: 46 (potential) branch divergence @  PC=0x6858 (stream_fma_v6_v2_m4_c128_cta512.1.sm_70.ptx:4297) @%p75 bra $L__BB6_73;
GPGPU-Sim PTX:    immediate post dominator      @  PC=0x68f8 (stream_fma_v6_v2_m4_c128_cta512.1.sm_70.ptx:4322) setp.eq.s32 %p77, %r187, 0;
GPGPU-Sim PTX: 47 (potential) branch divergence @  PC=0x68f0 (stream_fma_v6_v2_m4_c128_cta512.1.sm_70.ptx:4319) @%p76 bra $L__BB6_72;
GPGPU-Sim PTX:    immediate post dominator      @  PC=0x68f8 (stream_fma_v6_v2_m4_c128_cta512.1.sm_70.ptx:4322) setp.eq.s32 %p77, %r187, 0;
GPGPU-Sim PTX: 48 (potential) branch divergence @  PC=0x6900 (stream_fma_v6_v2_m4_c128_cta512.1.sm_70.ptx:4323) @%p77 bra $L__BB6_76;
GPGPU-Sim PTX:    immediate post dominator      @  PC=0x6960 (stream_fma_v6_v2_m4_c128_cta512.1.sm_70.ptx:4341) add.f32 %f338, %f455, %f465;
GPGPU-Sim PTX: 49 (potential) branch divergence @  PC=0x6958 (stream_fma_v6_v2_m4_c128_cta512.1.sm_70.ptx:4338) @%p78 bra $L__BB6_75;
GPGPU-Sim PTX:    immediate post dominator      @  PC=0x6960 (stream_fma_v6_v2_m4_c128_cta512.1.sm_70.ptx:4341) add.f32 %f338, %f455, %f465;
GPGPU-Sim PTX: 50 (potential) branch divergence @  PC=0x6990 (stream_fma_v6_v2_m4_c128_cta512.1.sm_70.ptx:4349) @%p81 bra $L__BB6_79;
GPGPU-Sim PTX:    immediate post dominator      @  PC=0x6a20 (stream_fma_v6_v2_m4_c128_cta512.1.sm_70.ptx:4370) bar.sync 0;
GPGPU-Sim PTX: 51 (potential) branch divergence @  PC=0x6a30 (stream_fma_v6_v2_m4_c128_cta512.1.sm_70.ptx:4372) @%p84 bra $L__BB6_88;
GPGPU-Sim PTX:    immediate post dominator      @  PC=0x6bd0 (stream_fma_v6_v2_m4_c128_cta512.1.sm_70.ptx:4439) ret;
GPGPU-Sim PTX: 52 (potential) branch divergence @  PC=0x6a90 (stream_fma_v6_v2_m4_c128_cta512.1.sm_70.ptx:4385) @%p85 bra $L__BB6_87;
GPGPU-Sim PTX:    immediate post dominator      @  PC=0x6bb8 (stream_fma_v6_v2_m4_c128_cta512.1.sm_70.ptx:4434) add.f32 %f359, %f470, %f480;
GPGPU-Sim PTX: 53 (potential) branch divergence @  PC=0x6ab0 (stream_fma_v6_v2_m4_c128_cta512.1.sm_70.ptx:4390) @%p86 bra $L__BB6_84;
GPGPU-Sim PTX:    immediate post dominator      @  PC=0x6b50 (stream_fma_v6_v2_m4_c128_cta512.1.sm_70.ptx:4415) setp.eq.s32 %p88, %r189, 0;
GPGPU-Sim PTX: 54 (potential) branch divergence @  PC=0x6b48 (stream_fma_v6_v2_m4_c128_cta512.1.sm_70.ptx:4412) @%p87 bra $L__BB6_83;
GPGPU-Sim PTX:    immediate post dominator      @  PC=0x6b50 (stream_fma_v6_v2_m4_c128_cta512.1.sm_70.ptx:4415) setp.eq.s32 %p88, %r189, 0;
GPGPU-Sim PTX: 55 (potential) branch divergence @  PC=0x6b58 (stream_fma_v6_v2_m4_c128_cta512.1.sm_70.ptx:4416) @%p88 bra $L__BB6_87;
GPGPU-Sim PTX:    immediate post dominator      @  PC=0x6bb8 (stream_fma_v6_v2_m4_c128_cta512.1.sm_70.ptx:4434) add.f32 %f359, %f470, %f480;
GPGPU-Sim PTX: 56 (potential) branch divergence @  PC=0x6bb0 (stream_fma_v6_v2_m4_c128_cta512.1.sm_70.ptx:4431) @%p89 bra $L__BB6_86;
GPGPU-Sim PTX:    immediate post dominator      @  PC=0x6bb8 (stream_fma_v6_v2_m4_c128_cta512.1.sm_70.ptx:4434) add.f32 %f359, %f470, %f480;
GPGPU-Sim PTX: ... end of reconvergence points for stream_fma_v6_v3_m4_kernel
GPGPU-Sim PTX: ... done pre-decoding instructions for 'stream_fma_v6_v3_m4_kernel'.
GPGPU-Sim PTX: pushing kernel 'stream_fma_v6_v3_m4_kernel' to stream 0, gridDim= (16,1,1) blockDim = (256,1,1) 
GPGPU-Sim uArch: Shader 0 bind to kernel 1 'stream_fma_v6_v3_m4_kernel'
GPGPU-Sim uArch: CTA/core = 8, limited by: threads
GPGPU-Sim: Reconfigure L1 cache to 240KB
GPGPU-Sim uArch: Shader 1 bind to kernel 1 'stream_fma_v6_v3_m4_kernel'
GPGPU-Sim uArch: Shader 2 bind to kernel 1 'stream_fma_v6_v3_m4_kernel'
GPGPU-Sim uArch: Shader 3 bind to kernel 1 'stream_fma_v6_v3_m4_kernel'
GPGPU-Sim uArch: Shader 4 bind to kernel 1 'stream_fma_v6_v3_m4_kernel'
GPGPU-Sim uArch: Shader 5 bind to kernel 1 'stream_fma_v6_v3_m4_kernel'
GPGPU-Sim uArch: Shader 6 bind to kernel 1 'stream_fma_v6_v3_m4_kernel'
GPGPU-Sim uArch: Shader 7 bind to kernel 1 'stream_fma_v6_v3_m4_kernel'
GPGPU-Sim uArch: Shader 8 bind to kernel 1 'stream_fma_v6_v3_m4_kernel'
GPGPU-Sim uArch: Shader 9 bind to kernel 1 'stream_fma_v6_v3_m4_kernel'
GPGPU-Sim uArch: Shader 10 bind to kernel 1 'stream_fma_v6_v3_m4_kernel'
GPGPU-Sim uArch: Shader 11 bind to kernel 1 'stream_fma_v6_v3_m4_kernel'
GPGPU-Sim uArch: Shader 12 bind to kernel 1 'stream_fma_v6_v3_m4_kernel'
GPGPU-Sim uArch: Shader 13 bind to kernel 1 'stream_fma_v6_v3_m4_kernel'
GPGPU-Sim uArch: Shader 14 bind to kernel 1 'stream_fma_v6_v3_m4_kernel'
GPGPU-Sim uArch: Shader 15 bind to kernel 1 'stream_fma_v6_v3_m4_kernel'
Destroy streams for kernel 1: size 0
kernel_name = stream_fma_v6_v3_m4_kernel 
kernel_launch_uid = 1 
kernel_stream_id = 0
gpu_sim_cycle = 28101
gpu_sim_insn = 8785920
gpu_ipc =     312.6551
gpu_tot_sim_cycle = 28101
gpu_tot_sim_insn = 8785920
gpu_tot_ipc =     312.6551
gpu_tot_issued_cta = 16
gpu_occupancy = 8.7513% 
gpu_tot_occupancy = 8.7513% 
max_total_param_size = 0
gpu_stall_dramfull = 0
gpu_stall_icnt2sh    = 0
partiton_level_parallism =       0.2915
partiton_level_parallism_total  =       0.2915
partiton_level_parallism_util =       1.8584
partiton_level_parallism_util_total  =       1.8584
L2_BW  =      18.4707 GB/Sec
L2_BW_total  =      18.4707 GB/Sec
gpu_total_sim_rate=462416

========= Core cache stats =========
L1I_cache:
	L1I_total_cache_accesses = 0
	L1I_total_cache_misses = 0
	L1I_total_cache_pending_hits = 0
	L1I_total_cache_reservation_fails = 0
L1D_cache:
	L1D_cache_core[0]: Access = 512, Miss = 512, Miss_rate = 1.000, Pending_hits = 0, Reservation_fails = 0
	L1D_cache_core[1]: Access = 512, Miss = 512, Miss_rate = 1.000, Pending_hits = 0, Reservation_fails = 0
	L1D_cache_core[2]: Access = 512, Miss = 512, Miss_rate = 1.000, Pending_hits = 0, Reservation_fails = 0
	L1D_cache_core[3]: Access = 512, Miss = 512, Miss_rate = 1.000, Pending_hits = 0, Reservation_fails = 0
	L1D_cache_core[4]: Access = 512, Miss = 512, Miss_rate = 1.000, Pending_hits = 0, Reservation_fails = 0
	L1D_cache_core[5]: Access = 512, Miss = 512, Miss_rate = 1.000, Pending_hits = 0, Reservation_fails = 0
	L1D_cache_core[6]: Access = 512, Miss = 512, Miss_rate = 1.000, Pending_hits = 0, Reservation_fails = 0
	L1D_cache_core[7]: Access = 512, Miss = 512, Miss_rate = 1.000, Pending_hits = 0, Reservation_fails = 0
	L1D_cache_core[8]: Access = 512, Miss = 512, Miss_rate = 1.000, Pending_hits = 0, Reservation_fails = 0
	L1D_cache_core[9]: Access = 512, Miss = 512, Miss_rate = 1.000, Pending_hits = 0, Reservation_fails = 0
	L1D_cache_core[10]: Access = 512, Miss = 512, Miss_rate = 1.000, Pending_hits = 0, Reservation_fails = 0
	L1D_cache_core[11]: Access = 512, Miss = 512, Miss_rate = 1.000, Pending_hits = 0, Reservation_fails = 0
	L1D_cache_core[12]: Access = 512, Miss = 512, Miss_rate = 1.000, Pending_hits = 0, Reservation_fails = 0
	L1D_cache_core[13]: Access = 512, Miss = 512, Miss_rate = 1.000, Pending_hits = 0, Reservation_fails = 0
	L1D_cache_core[14]: Access = 512, Miss = 512, Miss_rate = 1.000, Pending_hits = 0, Reservation_fails = 0
	L1D_cache_core[15]: Access = 512, Miss = 512, Miss_rate = 1.000, Pending_hits = 0, Reservation_fails = 0
	L1D_cache_core[16]: Access = 0, Miss = 0, Miss_rate = -nan, Pending_hits = 0, Reservation_fails = 0
	L1D_cache_core[17]: Access = 0, Miss = 0, Miss_rate = -nan, Pending_hits = 0, Reservation_fails = 0
	L1D_cache_core[18]: Access = 0, Miss = 0, Miss_rate = -nan, Pending_hits = 0, Reservation_fails = 0
	L1D_cache_core[19]: Access = 0, Miss = 0, Miss_rate = -nan, Pending_hits = 0, Reservation_fails = 0
	L1D_cache_core[20]: Access = 0, Miss = 0, Miss_rate = -nan, Pending_hits = 0, Reservation_fails = 0
	L1D_cache_core[21]: Access = 0, Miss = 0, Miss_rate = -nan, Pending_hits = 0, Reservation_fails = 0
	L1D_cache_core[22]: Access = 0, Miss = 0, Miss_rate = -nan, Pending_hits = 0, Reservation_fails = 0
	L1D_cache_core[23]: Access = 0, Miss = 0, Miss_rate = -nan, Pending_hits = 0, Reservation_fails = 0
	L1D_cache_core[24]: Access = 0, Miss = 0, Miss_rate = -nan, Pending_hits = 0, Reservation_fails = 0
	L1D_cache_core[25]: Access = 0, Miss = 0, Miss_rate = -nan, Pending_hits = 0, Reservation_fails = 0
	L1D_cache_core[26]: Access = 0, Miss = 0, Miss_rate = -nan, Pending_hits = 0, Reservation_fails = 0
	L1D_cache_core[27]: Access = 0, Miss = 0, Miss_rate = -nan, Pending_hits = 0, Reservation_fails = 0
	L1D_cache_core[28]: Access = 0, Miss = 0, Miss_rate = -nan, Pending_hits = 0, Reservation_fails = 0
	L1D_cache_core[29]: Access = 0, Miss = 0, Miss_rate = -nan, Pending_hits = 0, Reservation_fails = 0
	L1D_cache_core[30]: Access = 0, Miss = 0, Miss_rate = -nan, Pending_hits = 0, Reservation_fails = 0
	L1D_cache_core[31]: Access = 0, Miss = 0, Miss_rate = -nan, Pending_hits = 0, Reservation_fails = 0
	L1D_cache_core[32]: Access = 0, Miss = 0, Miss_rate = -nan, Pending_hits = 0, Reservation_fails = 0
	L1D_cache_core[33]: Access = 0, Miss = 0, Miss_rate = -nan, Pending_hits = 0, Reservation_fails = 0
	L1D_cache_core[34]: Access = 0, Miss = 0, Miss_rate = -nan, Pending_hits = 0, Reservation_fails = 0
	L1D_cache_core[35]: Access = 0, Miss = 0, Miss_rate = -nan, Pending_hits = 0, Reservation_fails = 0
	L1D_cache_core[36]: Access = 0, Miss = 0, Miss_rate = -nan, Pending_hits = 0, Reservation_fails = 0
	L1D_cache_core[37]: Access = 0, Miss = 0, Miss_rate = -nan, Pending_hits = 0, Reservation_fails = 0
	L1D_cache_core[38]: Access = 0, Miss = 0, Miss_rate = -nan, Pending_hits = 0, Reservation_fails = 0
	L1D_cache_core[39]: Access = 0, Miss = 0, Miss_rate = -nan, Pending_hits = 0, Reservation_fails = 0
	L1D_cache_core[40]: Access = 0, Miss = 0, Miss_rate = -nan, Pending_hits = 0, Reservation_fails = 0
	L1D_cache_core[41]: Access = 0, Miss = 0, Miss_rate = -nan, Pending_hits = 0, Reservation_fails = 0
	L1D_cache_core[42]: Access = 0, Miss = 0, Miss_rate = -nan, Pending_hits = 0, Reservation_fails = 0
	L1D_cache_core[43]: Access = 0, Miss = 0, Miss_rate = -nan, Pending_hits = 0, Reservation_fails = 0
	L1D_cache_core[44]: Access = 0, Miss = 0, Miss_rate = -nan, Pending_hits = 0, Reservation_fails = 0
	L1D_cache_core[45]: Access = 0, Miss = 0, Miss_rate = -nan, Pending_hits = 0, Reservation_fails = 0
	L1D_cache_core[46]: Access = 0, Miss = 0, Miss_rate = -nan, Pending_hits = 0, Reservation_fails = 0
	L1D_cache_core[47]: Access = 0, Miss = 0, Miss_rate = -nan, Pending_hits = 0, Reservation_fails = 0
	L1D_cache_core[48]: Access = 0, Miss = 0, Miss_rate = -nan, Pending_hits = 0, Reservation_fails = 0
	L1D_cache_core[49]: Access = 0, Miss = 0, Miss_rate = -nan, Pending_hits = 0, Reservation_fails = 0
	L1D_cache_core[50]: Access = 0, Miss = 0, Miss_rate = -nan, Pending_hits = 0, Reservation_fails = 0
	L1D_cache_core[51]: Access = 0, Miss = 0, Miss_rate = -nan, Pending_hits = 0, Reservation_fails = 0
	L1D_cache_core[52]: Access = 0, Miss = 0, Miss_rate = -nan, Pending_hits = 0, Reservation_fails = 0
	L1D_cache_core[53]: Access = 0, Miss = 0, Miss_rate = -nan, Pending_hits = 0, Reservation_fails = 0
	L1D_cache_core[54]: Access = 0, Miss = 0, Miss_rate = -nan, Pending_hits = 0, Reservation_fails = 0
	L1D_cache_core[55]: Access = 0, Miss = 0, Miss_rate = -nan, Pending_hits = 0, Reservation_fails = 0
	L1D_cache_core[56]: Access = 0, Miss = 0, Miss_rate = -nan, Pending_hits = 0, Reservation_fails = 0
	L1D_cache_core[57]: Access = 0, Miss = 0, Miss_rate = -nan, Pending_hits = 0, Reservation_fails = 0
	L1D_cache_core[58]: Access = 0, Miss = 0, Miss_rate = -nan, Pending_hits = 0, Reservation_fails = 0
	L1D_cache_core[59]: Access = 0, Miss = 0, Miss_rate = -nan, Pending_hits = 0, Reservation_fails = 0
	L1D_cache_core[60]: Access = 0, Miss = 0, Miss_rate = -nan, Pending_hits = 0, Reservation_fails = 0
	L1D_cache_core[61]: Access = 0, Miss = 0, Miss_rate = -nan, Pending_hits = 0, Reservation_fails = 0
	L1D_cache_core[62]: Access = 0, Miss = 0, Miss_rate = -nan, Pending_hits = 0, Reservation_fails = 0
	L1D_cache_core[63]: Access = 0, Miss = 0, Miss_rate = -nan, Pending_hits = 0, Reservation_fails = 0
	L1D_cache_core[64]: Access = 0, Miss = 0, Miss_rate = -nan, Pending_hits = 0, Reservation_fails = 0
	L1D_cache_core[65]: Access = 0, Miss = 0, Miss_rate = -nan, Pending_hits = 0, Reservation_fails = 0
	L1D_cache_core[66]: Access = 0, Miss = 0, Miss_rate = -nan, Pending_hits = 0, Reservation_fails = 0
	L1D_cache_core[67]: Access = 0, Miss = 0, Miss_rate = -nan, Pending_hits = 0, Reservation_fails = 0
	L1D_cache_core[68]: Access = 0, Miss = 0, Miss_rate = -nan, Pending_hits = 0, Reservation_fails = 0
	L1D_cache_core[69]: Access = 0, Miss = 0, Miss_rate = -nan, Pending_hits = 0, Reservation_fails = 0
	L1D_cache_core[70]: Access = 0, Miss = 0, Miss_rate = -nan, Pending_hits = 0, Reservation_fails = 0
	L1D_cache_core[71]: Access = 0, Miss = 0, Miss_rate = -nan, Pending_hits = 0, Reservation_fails = 0
	L1D_cache_core[72]: Access = 0, Miss = 0, Miss_rate = -nan, Pending_hits = 0, Reservation_fails = 0
	L1D_cache_core[73]: Access = 0, Miss = 0, Miss_rate = -nan, Pending_hits = 0, Reservation_fails = 0
	L1D_cache_core[74]: Access = 0, Miss = 0, Miss_rate = -nan, Pending_hits = 0, Reservation_fails = 0
	L1D_cache_core[75]: Access = 0, Miss = 0, Miss_rate = -nan, Pending_hits = 0, Reservation_fails = 0
	L1D_cache_core[76]: Access = 0, Miss = 0, Miss_rate = -nan, Pending_hits = 0, Reservation_fails = 0
	L1D_cache_core[77]: Access = 0, Miss = 0, Miss_rate = -nan, Pending_hits = 0, Reservation_fails = 0
	L1D_cache_core[78]: Access = 0, Miss = 0, Miss_rate = -nan, Pending_hits = 0, Reservation_fails = 0
	L1D_cache_core[79]: Access = 0, Miss = 0, Miss_rate = -nan, Pending_hits = 0, Reservation_fails = 0
	L1D_cache_core[80]: Access = 0, Miss = 0, Miss_rate = -nan, Pending_hits = 0, Reservation_fails = 0
	L1D_cache_core[81]: Access = 0, Miss = 0, Miss_rate = -nan, Pending_hits = 0, Reservation_fails = 0
	L1D_cache_core[82]: Access = 0, Miss = 0, Miss_rate = -nan, Pending_hits = 0, Reservation_fails = 0
	L1D_cache_core[83]: Access = 0, Miss = 0, Miss_rate = -nan, Pending_hits = 0, Reservation_fails = 0
	L1D_cache_core[84]: Access = 0, Miss = 0, Miss_rate = -nan, Pending_hits = 0, Reservation_fails = 0
	L1D_cache_core[85]: Access = 0, Miss = 0, Miss_rate = -nan, Pending_hits = 0, Reservation_fails = 0
	L1D_cache_core[86]: Access = 0, Miss = 0, Miss_rate = -nan, Pending_hits = 0, Reservation_fails = 0
	L1D_cache_core[87]: Access = 0, Miss = 0, Miss_rate = -nan, Pending_hits = 0, Reservation_fails = 0
	L1D_cache_core[88]: Access = 0, Miss = 0, Miss_rate = -nan, Pending_hits = 0, Reservation_fails = 0
	L1D_cache_core[89]: Access = 0, Miss = 0, Miss_rate = -nan, Pending_hits = 0, Reservation_fails = 0
	L1D_cache_core[90]: Access = 0, Miss = 0, Miss_rate = -nan, Pending_hits = 0, Reservation_fails = 0
	L1D_cache_core[91]: Access = 0, Miss = 0, Miss_rate = -nan, Pending_hits = 0, Reservation_fails = 0
	L1D_cache_core[92]: Access = 0, Miss = 0, Miss_rate = -nan, Pending_hits = 0, Reservation_fails = 0
	L1D_cache_core[93]: Access = 0, Miss = 0, Miss_rate = -nan, Pending_hits = 0, Reservation_fails = 0
	L1D_cache_core[94]: Access = 0, Miss = 0, Miss_rate = -nan, Pending_hits = 0, Reservation_fails = 0
	L1D_cache_core[95]: Access = 0, Miss = 0, Miss_rate = -nan, Pending_hits = 0, Reservation_fails = 0
	L1D_cache_core[96]: Access = 0, Miss = 0, Miss_rate = -nan, Pending_hits = 0, Reservation_fails = 0
	L1D_cache_core[97]: Access = 0, Miss = 0, Miss_rate = -nan, Pending_hits = 0, Reservation_fails = 0
	L1D_cache_core[98]: Access = 0, Miss = 0, Miss_rate = -nan, Pending_hits = 0, Reservation_fails = 0
	L1D_cache_core[99]: Access = 0, Miss = 0, Miss_rate = -nan, Pending_hits = 0, Reservation_fails = 0
	L1D_cache_core[100]: Access = 0, Miss = 0, Miss_rate = -nan, Pending_hits = 0, Reservation_fails = 0
	L1D_cache_core[101]: Access = 0, Miss = 0, Miss_rate = -nan, Pending_hits = 0, Reservation_fails = 0
	L1D_cache_core[102]: Access = 0, Miss = 0, Miss_rate = -nan, Pending_hits = 0, Reservation_fails = 0
	L1D_cache_core[103]: Access = 0, Miss = 0, Miss_rate = -nan, Pending_hits = 0, Reservation_fails = 0
	L1D_cache_core[104]: Access = 0, Miss = 0, Miss_rate = -nan, Pending_hits = 0, Reservation_fails = 0
	L1D_cache_core[105]: Access = 0, Miss = 0, Miss_rate = -nan, Pending_hits = 0, Reservation_fails = 0
	L1D_cache_core[106]: Access = 0, Miss = 0, Miss_rate = -nan, Pending_hits = 0, Reservation_fails = 0
	L1D_cache_core[107]: Access = 0, Miss = 0, Miss_rate = -nan, Pending_hits = 0, Reservation_fails = 0
	L1D_cache_core[108]: Access = 0, Miss = 0, Miss_rate = -nan, Pending_hits = 0, Reservation_fails = 0
	L1D_cache_core[109]: Access = 0, Miss = 0, Miss_rate = -nan, Pending_hits = 0, Reservation_fails = 0
	L1D_cache_core[110]: Access = 0, Miss = 0, Miss_rate = -nan, Pending_hits = 0, Reservation_fails = 0
	L1D_cache_core[111]: Access = 0, Miss = 0, Miss_rate = -nan, Pending_hits = 0, Reservation_fails = 0
	L1D_cache_core[112]: Access = 0, Miss = 0, Miss_rate = -nan, Pending_hits = 0, Reservation_fails = 0
	L1D_cache_core[113]: Access = 0, Miss = 0, Miss_rate = -nan, Pending_hits = 0, Reservation_fails = 0
	L1D_cache_core[114]: Access = 0, Miss = 0, Miss_rate = -nan, Pending_hits = 0, Reservation_fails = 0
	L1D_cache_core[115]: Access = 0, Miss = 0, Miss_rate = -nan, Pending_hits = 0, Reservation_fails = 0
	L1D_cache_core[116]: Access = 0, Miss = 0, Miss_rate = -nan, Pending_hits = 0, Reservation_fails = 0
	L1D_cache_core[117]: Access = 0, Miss = 0, Miss_rate = -nan, Pending_hits = 0, Reservation_fails = 0
	L1D_cache_core[118]: Access = 0, Miss = 0, Miss_rate = -nan, Pending_hits = 0, Reservation_fails = 0
	L1D_cache_core[119]: Access = 0, Miss = 0, Miss_rate = -nan, Pending_hits = 0, Reservation_fails = 0
	L1D_cache_core[120]: Access = 0, Miss = 0, Miss_rate = -nan, Pending_hits = 0, Reservation_fails = 0
	L1D_cache_core[121]: Access = 0, Miss = 0, Miss_rate = -nan, Pending_hits = 0, Reservation_fails = 0
	L1D_cache_core[122]: Access = 0, Miss = 0, Miss_rate = -nan, Pending_hits = 0, Reservation_fails = 0
	L1D_cache_core[123]: Access = 0, Miss = 0, Miss_rate = -nan, Pending_hits = 0, Reservation_fails = 0
	L1D_cache_core[124]: Access = 0, Miss = 0, Miss_rate = -nan, Pending_hits = 0, Reservation_fails = 0
	L1D_cache_core[125]: Access = 0, Miss = 0, Miss_rate = -nan, Pending_hits = 0, Reservation_fails = 0
	L1D_cache_core[126]: Access = 0, Miss = 0, Miss_rate = -nan, Pending_hits = 0, Reservation_fails = 0
	L1D_cache_core[127]: Access = 0, Miss = 0, Miss_rate = -nan, Pending_hits = 0, Reservation_fails = 0
	L1D_cache_core[128]: Access = 0, Miss = 0, Miss_rate = -nan, Pending_hits = 0, Reservation_fails = 0
	L1D_cache_core[129]: Access = 0, Miss = 0, Miss_rate = -nan, Pending_hits = 0, Reservation_fails = 0
	L1D_cache_core[130]: Access = 0, Miss = 0, Miss_rate = -nan, Pending_hits = 0, Reservation_fails = 0
	L1D_cache_core[131]: Access = 0, Miss = 0, Miss_rate = -nan, Pending_hits = 0, Reservation_fails = 0
	L1D_total_cache_accesses = 8192
	L1D_total_cache_misses = 8192
	L1D_total_cache_miss_rate = 1.0000
	L1D_total_cache_pending_hits = 0
	L1D_total_cache_reservation_fails = 0
	L1D_cache_data_port_util = 0.000
	L1D_cache_fill_port_util = 0.017
L1C_cache:
	L1C_total_cache_accesses = 0
	L1C_total_cache_misses = 0
	L1C_total_cache_pending_hits = 0
	L1C_total_cache_reservation_fails = 0
L1T_cache:
	L1T_total_cache_accesses = 0
	L1T_total_cache_misses = 0
	L1T_total_cache_pending_hits = 0
	L1T_total_cache_reservation_fails = 0

Total_core_cache_stats:
	Total_core_cache_stats_breakdown[GLOBAL_ACC_R][HIT] = 0
	Total_core_cache_stats_breakdown[GLOBAL_ACC_R][HIT_RESERVED] = 0
	Total_core_cache_stats_breakdown[GLOBAL_ACC_R][MISS] = 1536
	Total_core_cache_stats_breakdown[GLOBAL_ACC_R][RESERVATION_FAIL] = 0
	Total_core_cache_stats_breakdown[GLOBAL_ACC_R][SECTOR_MISS] = 4608
	Total_core_cache_stats_breakdown[GLOBAL_ACC_R][MSHR_HIT] = 0
	Total_core_cache_stats_breakdown[LOCAL_ACC_R][HIT] = 0
	Total_core_cache_stats_breakdown[LOCAL_ACC_R][HIT_RESERVED] = 0
	Total_core_cache_stats_breakdown[LOCAL_ACC_R][MISS] = 0
	Total_core_cache_stats_breakdown[LOCAL_ACC_R][RESERVATION_FAIL] = 0
	Total_core_cache_stats_breakdown[LOCAL_ACC_R][SECTOR_MISS] = 0
	Total_core_cache_stats_breakdown[LOCAL_ACC_R][MSHR_HIT] = 0
	Total_core_cache_stats_breakdown[CONST_ACC_R][HIT] = 0
	Total_core_cache_stats_breakdown[CONST_ACC_R][HIT_RESERVED] = 0
	Total_core_cache_stats_breakdown[CONST_ACC_R][MISS] = 0
	Total_core_cache_stats_breakdown[CONST_ACC_R][RESERVATION_FAIL] = 0
	Total_core_cache_stats_breakdown[CONST_ACC_R][SECTOR_MISS] = 0
	Total_core_cache_stats_breakdown[CONST_ACC_R][MSHR_HIT] = 0
	Total_core_cache_stats_breakdown[TEXTURE_ACC_R][HIT] = 0
	Total_core_cache_stats_breakdown[TEXTURE_ACC_R][HIT_RESERVED] = 0
	Total_core_cache_stats_breakdown[TEXTURE_ACC_R][MISS] = 0
	Total_core_cache_stats_breakdown[TEXTURE_ACC_R][RESERVATION_FAIL] = 0
	Total_core_cache_stats_breakdown[TEXTURE_ACC_R][SECTOR_MISS] = 0
	Total_core_cache_stats_breakdown[TEXTURE_ACC_R][MSHR_HIT] = 0
	Total_core_cache_stats_breakdown[GLOBAL_ACC_W][HIT] = 0
	Total_core_cache_stats_breakdown[GLOBAL_ACC_W][HIT_RESERVED] = 0
	Total_core_cache_stats_breakdown[GLOBAL_ACC_W][MISS] = 512
	Total_core_cache_stats_breakdown[GLOBAL_ACC_W][RESERVATION_FAIL] = 0
	Total_core_cache_stats_breakdown[GLOBAL_ACC_W][SECTOR_MISS] = 1536
	Total_core_cache_stats_breakdown[GLOBAL_ACC_W][MSHR_HIT] = 0
	Total_core_cache_stats_breakdown[LOCAL_ACC_W][HIT] = 0
	Total_core_cache_stats_breakdown[LOCAL_ACC_W][HIT_RESERVED] = 0
	Total_core_cache_stats_breakdown[LOCAL_ACC_W][MISS] = 0
	Total_core_cache_stats_breakdown[LOCAL_ACC_W][RESERVATION_FAIL] = 0
	Total_core_cache_stats_breakdown[LOCAL_ACC_W][SECTOR_MISS] = 0
	Total_core_cache_stats_breakdown[LOCAL_ACC_W][MSHR_HIT] = 0
	Total_core_cache_stats_breakdown[L1_WRBK_ACC][HIT] = 0
	Total_core_cache_stats_breakdown[L1_WRBK_ACC][HIT_RESERVED] = 0
	Total_core_cache_stats_breakdown[L1_WRBK_ACC][MISS] = 0
	Total_core_cache_stats_breakdown[L1_WRBK_ACC][RESERVATION_FAIL] = 0
	Total_core_cache_stats_breakdown[L1_WRBK_ACC][SECTOR_MISS] = 0
	Total_core_cache_stats_breakdown[L1_WRBK_ACC][MSHR_HIT] = 0
	Total_core_cache_stats_breakdown[L2_WRBK_ACC][HIT] = 0
	Total_core_cache_stats_breakdown[L2_WRBK_ACC][HIT_RESERVED] = 0
	Total_core_cache_stats_breakdown[L2_WRBK_ACC][MISS] = 0
	Total_core_cache_stats_breakdown[L2_WRBK_ACC][RESERVATION_FAIL] = 0
	Total_core_cache_stats_breakdown[L2_WRBK_ACC][SECTOR_MISS] = 0
	Total_core_cache_stats_breakdown[L2_WRBK_ACC][MSHR_HIT] = 0
	Total_core_cache_stats_breakdown[INST_ACC_R][HIT] = 0
	Total_core_cache_stats_breakdown[INST_ACC_R][HIT_RESERVED] = 0
	Total_core_cache_stats_breakdown[INST_ACC_R][MISS] = 0
	Total_core_cache_stats_breakdown[INST_ACC_R][RESERVATION_FAIL] = 0
	Total_core_cache_stats_breakdown[INST_ACC_R][SECTOR_MISS] = 0
	Total_core_cache_stats_breakdown[INST_ACC_R][MSHR_HIT] = 0
	Total_core_cache_stats_breakdown[L1_WR_ALLOC_R][HIT] = 0
	Total_core_cache_stats_breakdown[L1_WR_ALLOC_R][HIT_RESERVED] = 0
	Total_core_cache_stats_breakdown[L1_WR_ALLOC_R][MISS] = 0
	Total_core_cache_stats_breakdown[L1_WR_ALLOC_R][RESERVATION_FAIL] = 0
	Total_core_cache_stats_breakdown[L1_WR_ALLOC_R][SECTOR_MISS] = 0
	Total_core_cache_stats_breakdown[L1_WR_ALLOC_R][MSHR_HIT] = 0
	Total_core_cache_stats_breakdown[L2_WR_ALLOC_R][HIT] = 0
	Total_core_cache_stats_breakdown[L2_WR_ALLOC_R][HIT_RESERVED] = 0
	Total_core_cache_stats_breakdown[L2_WR_ALLOC_R][MISS] = 0
	Total_core_cache_stats_breakdown[L2_WR_ALLOC_R][RESERVATION_FAIL] = 0
	Total_core_cache_stats_breakdown[L2_WR_ALLOC_R][SECTOR_MISS] = 0
	Total_core_cache_stats_breakdown[L2_WR_ALLOC_R][MSHR_HIT] = 0
	Total_core_cache_stats_breakdown[GLOBAL_ACC_R][TOTAL_ACCESS] = 6144
	Total_core_cache_stats_breakdown[GLOBAL_ACC_W][TOTAL_ACCESS] = 2048

Total_core_cache_fail_stats:
ctas_completed 16, Shader 0 warp_id issue ditsribution:
warp_id:
0, 1, 2, 3, 4, 5, 6, 7, 
distro:
213, 213, 213, 213, 4117, 4117, 4117, 4117, 
gpgpu_n_tot_thrd_icount = 8785920
gpgpu_n_tot_w_icount = 277120
gpgpu_n_stall_shd_mem = 0
gpgpu_n_mem_read_local = 0
gpgpu_n_mem_write_local = 0
gpgpu_n_mem_read_global = 6144
gpgpu_n_mem_write_global = 2048
gpgpu_n_mem_texture = 0
gpgpu_n_mem_const = 0
gpgpu_n_load_insn  = 49152
gpgpu_n_store_insn = 16384
gpgpu_n_shmem_insn = 98304
gpgpu_n_sstarr_insn = 0
gpgpu_n_tex_insn = 0
gpgpu_n_const_mem_insn = 0
gpgpu_n_param_mem_insn = 24576
gpgpu_n_shmem_bkconflict = 0
gpgpu_n_l1cache_bkconflict = 0
gpgpu_n_intrawarp_mshr_merge = 0
gpgpu_n_cmem_portconflict = 0
gpgpu_stall_shd_mem[c_mem][resource_stall] = 0
gpgpu_stall_shd_mem[s_mem][bk_conf] = 0
gpgpu_stall_shd_mem[gl_mem][resource_stall] = 0
gpgpu_stall_shd_mem[gl_mem][coal_stall] = 0
gpgpu_stall_shd_mem[gl_mem][data_port_stall] = 0
gpu_reg_bank_conflict_stalls = 0
Warp Occupancy Distribution:
Stall:1354	W0_Idle:28986	W0_Scoreboard:1168152	W1:0	W2:0	W3:0	W4:0	W5:0	W6:0	W7:0	W8:0	W9:0	W10:0	W11:0	W12:0	W13:0	W14:0	W15:0	W16:0	W17:0	W18:0	W19:0	W20:0	W21:0	W22:0	W23:0	W24:0	W25:0	W26:0	W27:0	W28:0	W29:0	W30:0	W31:0	W32:277120
single_issue_nums: WS0:68102	WS1:67934	WS2:67828	WS3:68016	
dual_issue_nums: WS0:589	WS1:673	WS2:726	WS3:632	
pc_pair_attempts = 1472992
pc_pair_success = 2620
pc_pair_diag_success_exec_type[NONE][NONE] = 0
pc_pair_diag_success_exec_type[NONE][SP] = 0
pc_pair_diag_success_exec_type[NONE][SFU] = 0
pc_pair_diag_success_exec_type[NONE][MEM] = 0
pc_pair_diag_success_exec_type[NONE][DP] = 0
pc_pair_diag_success_exec_type[NONE][INT] = 0
pc_pair_diag_success_exec_type[NONE][TENSOR] = 0
pc_pair_diag_success_exec_type[NONE][SPECIALIZED] = 0
pc_pair_diag_success_exec_type[SP][NONE] = 0
pc_pair_diag_success_exec_type[SP][SP] = 0
pc_pair_diag_success_exec_type[SP][SFU] = 0
pc_pair_diag_success_exec_type[SP][MEM] = 0
pc_pair_diag_success_exec_type[SP][DP] = 0
pc_pair_diag_success_exec_type[SP][INT] = 0
pc_pair_diag_success_exec_type[SP][TENSOR] = 0
pc_pair_diag_success_exec_type[SP][SPECIALIZED] = 0
pc_pair_diag_success_exec_type[SFU][NONE] = 0
pc_pair_diag_success_exec_type[SFU][SP] = 0
pc_pair_diag_success_exec_type[SFU][SFU] = 0
pc_pair_diag_success_exec_type[SFU][MEM] = 0
pc_pair_diag_success_exec_type[SFU][DP] = 0
pc_pair_diag_success_exec_type[SFU][INT] = 0
pc_pair_diag_success_exec_type[SFU][TENSOR] = 0
pc_pair_diag_success_exec_type[SFU][SPECIALIZED] = 0
pc_pair_diag_success_exec_type[MEM][NONE] = 0
pc_pair_diag_success_exec_type[MEM][SP] = 97
pc_pair_diag_success_exec_type[MEM][SFU] = 0
pc_pair_diag_success_exec_type[MEM][MEM] = 288
pc_pair_diag_success_exec_type[MEM][DP] = 0
pc_pair_diag_success_exec_type[MEM][INT] = 47
pc_pair_diag_success_exec_type[MEM][TENSOR] = 0
pc_pair_diag_success_exec_type[MEM][SPECIALIZED] = 0
pc_pair_diag_success_exec_type[DP][NONE] = 0
pc_pair_diag_success_exec_type[DP][SP] = 0
pc_pair_diag_success_exec_type[DP][SFU] = 0
pc_pair_diag_success_exec_type[DP][MEM] = 0
pc_pair_diag_success_exec_type[DP][DP] = 0
pc_pair_diag_success_exec_type[DP][INT] = 0
pc_pair_diag_success_exec_type[DP][TENSOR] = 0
pc_pair_diag_success_exec_type[DP][SPECIALIZED] = 0
pc_pair_diag_success_exec_type[INT][NONE] = 0
pc_pair_diag_success_exec_type[INT][SP] = 1248
pc_pair_diag_success_exec_type[INT][SFU] = 0
pc_pair_diag_success_exec_type[INT][MEM] = 0
pc_pair_diag_success_exec_type[INT][DP] = 0
pc_pair_diag_success_exec_type[INT][INT] = 940
pc_pair_diag_success_exec_type[INT][TENSOR] = 0
pc_pair_diag_success_exec_type[INT][SPECIALIZED] = 0
pc_pair_diag_success_exec_type[TENSOR][NONE] = 0
pc_pair_diag_success_exec_type[TENSOR][SP] = 0
pc_pair_diag_success_exec_type[TENSOR][SFU] = 0
pc_pair_diag_success_exec_type[TENSOR][MEM] = 0
pc_pair_diag_success_exec_type[TENSOR][DP] = 0
pc_pair_diag_success_exec_type[TENSOR][INT] = 0
pc_pair_diag_success_exec_type[TENSOR][TENSOR] = 0
pc_pair_diag_success_exec_type[TENSOR][SPECIALIZED] = 0
pc_pair_diag_success_exec_type[SPECIALIZED][NONE] = 0
pc_pair_diag_success_exec_type[SPECIALIZED][SP] = 0
pc_pair_diag_success_exec_type[SPECIALIZED][SFU] = 0
pc_pair_diag_success_exec_type[SPECIALIZED][MEM] = 0
pc_pair_diag_success_exec_type[SPECIALIZED][DP] = 0
pc_pair_diag_success_exec_type[SPECIALIZED][INT] = 0
pc_pair_diag_success_exec_type[SPECIALIZED][TENSOR] = 0
pc_pair_diag_success_exec_type[SPECIALIZED][SPECIALIZED] = 0
pc_pair_diag_success_region[producer_load][consumer_ffma] = 432
pc_pair_diag_success_region[producer_int][consumer_ffma] = 2188
pc_pair_diag_success_producer_pc_top[0] = pc=0x5878 ptx_line=3676 count=64
pc_pair_diag_success_producer_pc_top[1] = pc=0x5890 ptx_line=3679 count=64
pc_pair_diag_success_producer_pc_top[2] = pc=0x59a8 ptx_line=3717 count=64
pc_pair_diag_success_producer_pc_top[3] = pc=0x59b8 ptx_line=3719 count=63
pc_pair_diag_success_producer_pc_top[4] = pc=0x5b90 ptx_line=3794 count=61
pc_pair_diag_success_producer_pc_top[5] = pc=0x59b0 ptx_line=3718 count=60
pc_pair_diag_success_producer_pc_top[6] = pc=0x59c0 ptx_line=3720 count=58
pc_pair_diag_success_producer_pc_top[7] = pc=0x59c8 ptx_line=3721 count=58
pc_pair_diag_success_producer_pc_top[8] = pc=0x5b68 ptx_line=3788 count=57
pc_pair_diag_success_producer_pc_top[9] = pc=0x5b78 ptx_line=3790 count=57
pc_pair_diag_success_producer_pc_top[10] = pc=0x5880 ptx_line=3677 count=48
pc_pair_diag_success_producer_pc_top[11] = pc=0x5888 ptx_line=3678 count=48
pc_pair_diag_success_producer_pc_top[12] = pc=0x5898 ptx_line=3680 count=48
pc_pair_diag_success_producer_pc_top[13] = pc=0x5920 ptx_line=3698 count=48
pc_pair_diag_success_producer_pc_top[14] = pc=0x5df8 ptx_line=3889 count=42
pc_pair_diag_success_producer_pc_top[15] = pc=0x5c10 ptx_line=3812 count=35
pc_pair_diag_success_consumer_pc_top[0] = pc=0x5870 ptx_line=3675 count=64
pc_pair_diag_success_consumer_pc_top[1] = pc=0x5878 ptx_line=3676 count=64
pc_pair_diag_success_consumer_pc_top[2] = pc=0x5888 ptx_line=3678 count=64
pc_pair_diag_success_consumer_pc_top[3] = pc=0x59a8 ptx_line=3717 count=64
pc_pair_diag_success_consumer_pc_top[4] = pc=0x59c0 ptx_line=3720 count=62
pc_pair_diag_success_consumer_pc_top[5] = pc=0x5a08 ptx_line=3730 count=61
pc_pair_diag_success_consumer_pc_top[6] = pc=0x59b0 ptx_line=3718 count=60
pc_pair_diag_success_consumer_pc_top[7] = pc=0x5ae0 ptx_line=3761 count=60
pc_pair_diag_success_consumer_pc_top[8] = pc=0x59b8 ptx_line=3719 count=59
pc_pair_diag_success_consumer_pc_top[9] = pc=0x59f0 ptx_line=3727 count=59
pc_pair_diag_success_consumer_pc_top[10] = pc=0x59d8 ptx_line=3724 count=58
pc_pair_diag_success_consumer_pc_top[11] = pc=0x59c8 ptx_line=3721 count=57
pc_pair_diag_success_consumer_pc_top[12] = pc=0x5a98 ptx_line=3752 count=57
pc_pair_diag_success_consumer_pc_top[13] = pc=0x5ac8 ptx_line=3758 count=57
pc_pair_diag_success_consumer_pc_top[14] = pc=0x5aa0 ptx_line=3753 count=56
pc_pair_diag_success_consumer_pc_top[15] = pc=0x5ce8 ptx_line=3844 count=55
pc_pair_diag_success_pc_pair_top[0] = producer_pc=0x5890 producer_line=3679 consumer_pc=0x5888 consumer_line=3678 count=64
pc_pair_diag_success_pc_pair_top[1] = producer_pc=0x59a8 producer_line=3717 consumer_pc=0x59a8 consumer_line=3717 count=64
pc_pair_diag_success_pc_pair_top[2] = producer_pc=0x5b90 producer_line=3794 consumer_pc=0x5a08 consumer_line=3730 count=61
pc_pair_diag_success_pc_pair_top[3] = producer_pc=0x59b0 producer_line=3718 consumer_pc=0x59b0 consumer_line=3718 count=60
pc_pair_diag_success_pc_pair_top[4] = producer_pc=0x59b8 producer_line=3719 consumer_pc=0x59b8 consumer_line=3719 count=59
pc_pair_diag_success_pc_pair_top[5] = producer_pc=0x59c0 producer_line=3720 consumer_pc=0x59c0 consumer_line=3720 count=58
pc_pair_diag_success_pc_pair_top[6] = producer_pc=0x59c8 producer_line=3721 consumer_pc=0x59c8 consumer_line=3721 count=57
pc_pair_diag_success_pc_pair_top[7] = producer_pc=0x5b68 producer_line=3788 consumer_pc=0x59d8 consumer_line=3724 count=57
pc_pair_diag_success_pc_pair_top[8] = producer_pc=0x5b78 producer_line=3790 consumer_pc=0x59f0 consumer_line=3727 count=57
pc_pair_diag_success_pc_pair_top[9] = producer_pc=0x5878 producer_line=3676 consumer_pc=0x5870 consumer_line=3675 count=48
pc_pair_diag_success_pc_pair_top[10] = producer_pc=0x5880 producer_line=3677 consumer_pc=0x5878 consumer_line=3676 count=48
pc_pair_diag_success_pc_pair_top[11] = producer_pc=0x5888 producer_line=3678 consumer_pc=0x5880 consumer_line=3677 count=48
pc_pair_diag_success_pc_pair_top[12] = producer_pc=0x5898 producer_line=3680 consumer_pc=0x5890 consumer_line=3679 count=48
pc_pair_diag_success_pc_pair_top[13] = producer_pc=0x5920 producer_line=3698 consumer_pc=0x59a0 consumer_line=3716 count=48
pc_pair_diag_success_pc_pair_top[14] = producer_pc=0x58a8 producer_line=3682 consumer_pc=0x58a0 consumer_line=3681 count=32
pc_pair_diag_success_pc_pair_top[15] = producer_pc=0x5df8 producer_line=3889 consumer_pc=0x5ae0 consumer_line=3761 count=25
pc_pair_diag_success_producer_pc_bucket[0] = 1
pc_pair_diag_success_producer_pc_bucket[1] = 72
pc_pair_diag_success_consumer_pc_bucket[1] = 8
pc_pair_diag_success_producer_pc_bucket[2] = 41
pc_pair_diag_success_consumer_pc_bucket[2] = 7
pc_pair_diag_success_producer_pc_bucket[3] = 26
pc_pair_diag_success_consumer_pc_bucket[3] = 3
pc_pair_diag_success_producer_pc_bucket[4] = 24
pc_pair_diag_success_producer_pc_bucket[5] = 29
pc_pair_diag_success_producer_pc_bucket[6] = 10
pc_pair_diag_success_producer_pc_bucket[7] = 105
pc_pair_diag_success_consumer_pc_bucket[7] = 128
pc_pair_diag_success_producer_pc_bucket[8] = 113
pc_pair_diag_success_consumer_pc_bucket[8] = 112
pc_pair_diag_success_producer_pc_bucket[9] = 121
pc_pair_diag_success_consumer_pc_bucket[9] = 48
pc_pair_diag_success_producer_pc_bucket[10] = 40
pc_pair_diag_success_consumer_pc_bucket[10] = 48
pc_pair_diag_success_producer_pc_bucket[11] = 30
pc_pair_diag_success_consumer_pc_bucket[11] = 16
pc_pair_diag_success_producer_pc_bucket[12] = 52
pc_pair_diag_success_consumer_pc_bucket[12] = 43
pc_pair_diag_success_producer_pc_bucket[13] = 43
pc_pair_diag_success_consumer_pc_bucket[13] = 81
pc_pair_diag_success_producer_pc_bucket[14] = 22
pc_pair_diag_success_consumer_pc_bucket[14] = 82
pc_pair_diag_success_producer_pc_bucket[15] = 23
pc_pair_diag_success_consumer_pc_bucket[15] = 52
pc_pair_diag_success_producer_pc_bucket[16] = 18
pc_pair_diag_success_consumer_pc_bucket[16] = 55
pc_pair_diag_success_producer_pc_bucket[17] = 16
pc_pair_diag_success_consumer_pc_bucket[17] = 98
pc_pair_diag_success_producer_pc_bucket[18] = 75
pc_pair_diag_success_consumer_pc_bucket[18] = 82
pc_pair_diag_success_producer_pc_bucket[19] = 22
pc_pair_diag_success_consumer_pc_bucket[19] = 69
pc_pair_diag_success_producer_pc_bucket[20] = 14
pc_pair_diag_success_consumer_pc_bucket[20] = 11
pc_pair_diag_success_producer_pc_bucket[21] = 19
pc_pair_diag_success_producer_pc_bucket[22] = 15
pc_pair_diag_success_producer_pc_bucket[23] = 27
pc_pair_diag_success_producer_pc_bucket[24] = 31
pc_pair_diag_success_producer_pc_bucket[25] = 23
pc_pair_diag_success_producer_pc_bucket[26] = 108
pc_pair_diag_success_consumer_pc_bucket[26] = 115
pc_pair_diag_success_producer_pc_bucket[27] = 155
pc_pair_diag_success_consumer_pc_bucket[27] = 119
pc_pair_diag_success_producer_pc_bucket[28] = 150
pc_pair_diag_success_consumer_pc_bucket[28] = 119
pc_pair_diag_success_producer_pc_bucket[29] = 68
pc_pair_diag_success_consumer_pc_bucket[29] = 58
pc_pair_diag_success_producer_pc_bucket[30] = 68
pc_pair_diag_success_producer_pc_bucket[31] = 71
pc_pair_diag_success_consumer_pc_bucket[31] = 60
pc_pair_diag_success_producer_pc_bucket[32] = 31
pc_pair_diag_success_consumer_pc_bucket[32] = 61
pc_pair_diag_success_producer_pc_bucket[33] = 31
pc_pair_diag_success_consumer_pc_bucket[33] = 5
pc_pair_diag_success_producer_pc_bucket[34] = 82
pc_pair_diag_success_consumer_pc_bucket[34] = 6
pc_pair_diag_success_producer_pc_bucket[35] = 18
pc_pair_diag_success_producer_pc_bucket[36] = 4
pc_pair_diag_success_producer_pc_bucket[37] = 8
pc_pair_diag_success_producer_pc_bucket[38] = 15
pc_pair_diag_success_producer_pc_bucket[39] = 64
pc_pair_diag_success_consumer_pc_bucket[39] = 36
pc_pair_diag_success_producer_pc_bucket[40] = 20
pc_pair_diag_success_consumer_pc_bucket[40] = 57
pc_pair_diag_success_producer_pc_bucket[41] = 18
pc_pair_diag_success_consumer_pc_bucket[41] = 99
pc_pair_diag_success_producer_pc_bucket[42] = 36
pc_pair_diag_success_consumer_pc_bucket[42] = 77
pc_pair_diag_success_producer_pc_bucket[43] = 19
pc_pair_diag_success_consumer_pc_bucket[43] = 49
pc_pair_diag_success_producer_pc_bucket[44] = 26
pc_pair_diag_success_consumer_pc_bucket[44] = 90
pc_pair_diag_success_producer_pc_bucket[45] = 21
pc_pair_diag_success_consumer_pc_bucket[45] = 68
pc_pair_diag_success_producer_pc_bucket[46] = 6
pc_pair_diag_success_consumer_pc_bucket[46] = 64
pc_pair_diag_success_producer_pc_bucket[47] = 18
pc_pair_diag_success_producer_pc_bucket[48] = 24
pc_pair_diag_success_producer_pc_bucket[49] = 29
pc_pair_diag_success_producer_pc_bucket[50] = 56
pc_pair_diag_success_consumer_pc_bucket[50] = 92
pc_pair_diag_success_producer_pc_bucket[51] = 24
pc_pair_diag_success_consumer_pc_bucket[51] = 83
pc_pair_diag_success_producer_pc_bucket[52] = 29
pc_pair_diag_success_consumer_pc_bucket[52] = 82
pc_pair_diag_success_producer_pc_bucket[53] = 10
pc_pair_diag_success_consumer_pc_bucket[53] = 86
pc_pair_diag_success_producer_pc_bucket[54] = 76
pc_pair_diag_success_consumer_pc_bucket[54] = 74
pc_pair_diag_success_producer_pc_bucket[55] = 70
pc_pair_diag_success_consumer_pc_bucket[55] = 87
pc_pair_diag_success_producer_pc_bucket[56] = 18
pc_pair_diag_success_consumer_pc_bucket[56] = 57
pc_pair_diag_success_producer_pc_bucket[57] = 80
pc_pair_diag_success_consumer_pc_bucket[57] = 33
pc_pair_diag_success_producer_pc_bucket[58] = 21
pc_pair_diag_success_producer_pc_bucket[59] = 30
pc_pair_diag_success_producer_pc_bucket[60] = 34
pc_pair_diag_success_producer_pc_bucket[61] = 50
pc_pair_diag_success_producer_pc_bucket[62] = 17
pc_pair_diag_success_producer_pc_bucket[63] = 3
pc_pair_diag_success_pc_pair_bucket[0][44] = 1
pc_pair_diag_success_pc_pair_bucket[1][39] = 3
pc_pair_diag_success_pc_pair_bucket[1][40] = 5
pc_pair_diag_success_pc_pair_bucket[1][41] = 32
pc_pair_diag_success_pc_pair_bucket[1][42] = 24
pc_pair_diag_success_pc_pair_bucket[1][43] = 1
pc_pair_diag_success_pc_pair_bucket[1][44] = 6
pc_pair_diag_success_pc_pair_bucket[1][46] = 1
pc_pair_diag_success_pc_pair_bucket[2][39] = 3
pc_pair_diag_success_pc_pair_bucket[2][40] = 8
pc_pair_diag_success_pc_pair_bucket[2][41] = 7
pc_pair_diag_success_pc_pair_bucket[2][42] = 12
pc_pair_diag_success_pc_pair_bucket[2][43] = 2
pc_pair_diag_success_pc_pair_bucket[2][44] = 5
pc_pair_diag_success_pc_pair_bucket[2][45] = 4
pc_pair_diag_success_pc_pair_bucket[3][39] = 3
pc_pair_diag_success_pc_pair_bucket[3][40] = 4
pc_pair_diag_success_pc_pair_bucket[3][41] = 1
pc_pair_diag_success_pc_pair_bucket[3][42] = 1
pc_pair_diag_success_pc_pair_bucket[3][43] = 1
pc_pair_diag_success_pc_pair_bucket[3][44] = 4
pc_pair_diag_success_pc_pair_bucket[3][45] = 12
pc_pair_diag_success_pc_pair_bucket[4][39] = 2
pc_pair_diag_success_pc_pair_bucket[4][40] = 1
pc_pair_diag_success_pc_pair_bucket[4][43] = 8
pc_pair_diag_success_pc_pair_bucket[4][44] = 2
pc_pair_diag_success_pc_pair_bucket[4][45] = 2
pc_pair_diag_success_pc_pair_bucket[4][46] = 9
pc_pair_diag_success_pc_pair_bucket[5][39] = 2
pc_pair_diag_success_pc_pair_bucket[5][40] = 2
pc_pair_diag_success_pc_pair_bucket[5][41] = 1
pc_pair_diag_success_pc_pair_bucket[5][43] = 2
pc_pair_diag_success_pc_pair_bucket[5][44] = 12
pc_pair_diag_success_pc_pair_bucket[5][45] = 7
pc_pair_diag_success_pc_pair_bucket[5][46] = 3
pc_pair_diag_success_pc_pair_bucket[6][39] = 4
pc_pair_diag_success_pc_pair_bucket[6][40] = 1
pc_pair_diag_success_pc_pair_bucket[6][41] = 1
pc_pair_diag_success_pc_pair_bucket[6][42] = 1
pc_pair_diag_success_pc_pair_bucket[6][44] = 1
pc_pair_diag_success_pc_pair_bucket[6][45] = 2
pc_pair_diag_success_pc_pair_bucket[7][1] = 7
pc_pair_diag_success_pc_pair_bucket[7][2] = 3
pc_pair_diag_success_pc_pair_bucket[7][7] = 80
pc_pair_diag_success_pc_pair_bucket[7][46] = 4
pc_pair_diag_success_pc_pair_bucket[7][54] = 4
pc_pair_diag_success_pc_pair_bucket[7][55] = 6
pc_pair_diag_success_pc_pair_bucket[7][56] = 1
pc_pair_diag_success_pc_pair_bucket[8][1] = 1
pc_pair_diag_success_pc_pair_bucket[8][2] = 4
pc_pair_diag_success_pc_pair_bucket[8][3] = 3
pc_pair_diag_success_pc_pair_bucket[8][7] = 48
pc_pair_diag_success_pc_pair_bucket[8][8] = 48
pc_pair_diag_success_pc_pair_bucket[8][55] = 9
pc_pair_diag_success_pc_pair_bucket[9][8] = 64
pc_pair_diag_success_pc_pair_bucket[9][9] = 48
pc_pair_diag_success_pc_pair_bucket[9][12] = 3
pc_pair_diag_success_pc_pair_bucket[9][13] = 2
pc_pair_diag_success_pc_pair_bucket[9][16] = 2
pc_pair_diag_success_pc_pair_bucket[9][17] = 2
pc_pair_diag_success_pc_pair_bucket[10][10] = 32
pc_pair_diag_success_pc_pair_bucket[10][13] = 4
pc_pair_diag_success_pc_pair_bucket[10][17] = 2
pc_pair_diag_success_pc_pair_bucket[10][18] = 2
pc_pair_diag_success_pc_pair_bucket[11][10] = 16
pc_pair_diag_success_pc_pair_bucket[11][12] = 1
pc_pair_diag_success_pc_pair_bucket[11][14] = 3
pc_pair_diag_success_pc_pair_bucket[11][15] = 3
pc_pair_diag_success_pc_pair_bucket[11][16] = 1
pc_pair_diag_success_pc_pair_bucket[11][17] = 3
pc_pair_diag_success_pc_pair_bucket[11][18] = 3
pc_pair_diag_success_pc_pair_bucket[12][11] = 16
pc_pair_diag_success_pc_pair_bucket[12][12] = 3
pc_pair_diag_success_pc_pair_bucket[12][13] = 2
pc_pair_diag_success_pc_pair_bucket[12][14] = 2
pc_pair_diag_success_pc_pair_bucket[12][15] = 2
pc_pair_diag_success_pc_pair_bucket[12][16] = 9
pc_pair_diag_success_pc_pair_bucket[12][18] = 13
pc_pair_diag_success_pc_pair_bucket[12][19] = 5
pc_pair_diag_success_pc_pair_bucket[13][12] = 2
pc_pair_diag_success_pc_pair_bucket[13][13] = 8
pc_pair_diag_success_pc_pair_bucket[13][14] = 12
pc_pair_diag_success_pc_pair_bucket[13][15] = 2
pc_pair_diag_success_pc_pair_bucket[13][16] = 4
pc_pair_diag_success_pc_pair_bucket[13][17] = 5
pc_pair_diag_success_pc_pair_bucket[13][18] = 4
pc_pair_diag_success_pc_pair_bucket[13][19] = 6
pc_pair_diag_success_pc_pair_bucket[14][13] = 1
pc_pair_diag_success_pc_pair_bucket[14][14] = 3
pc_pair_diag_success_pc_pair_bucket[14][15] = 2
pc_pair_diag_success_pc_pair_bucket[14][16] = 1
pc_pair_diag_success_pc_pair_bucket[14][17] = 13
pc_pair_diag_success_pc_pair_bucket[14][19] = 2
pc_pair_diag_success_pc_pair_bucket[15][12] = 2
pc_pair_diag_success_pc_pair_bucket[15][13] = 5
pc_pair_diag_success_pc_pair_bucket[15][14] = 2
pc_pair_diag_success_pc_pair_bucket[15][15] = 1
pc_pair_diag_success_pc_pair_bucket[15][16] = 2
pc_pair_diag_success_pc_pair_bucket[15][17] = 5
pc_pair_diag_success_pc_pair_bucket[15][18] = 5
pc_pair_diag_success_pc_pair_bucket[15][19] = 1
pc_pair_diag_success_pc_pair_bucket[16][13] = 4
pc_pair_diag_success_pc_pair_bucket[16][14] = 6
pc_pair_diag_success_pc_pair_bucket[16][17] = 4
pc_pair_diag_success_pc_pair_bucket[16][18] = 4
pc_pair_diag_success_pc_pair_bucket[17][12] = 1
pc_pair_diag_success_pc_pair_bucket[17][14] = 2
pc_pair_diag_success_pc_pair_bucket[17][15] = 1
pc_pair_diag_success_pc_pair_bucket[17][16] = 1
pc_pair_diag_success_pc_pair_bucket[17][17] = 9
pc_pair_diag_success_pc_pair_bucket[17][18] = 2
pc_pair_diag_success_pc_pair_bucket[18][13] = 6
pc_pair_diag_success_pc_pair_bucket[18][14] = 4
pc_pair_diag_success_pc_pair_bucket[18][16] = 1
pc_pair_diag_success_pc_pair_bucket[18][17] = 1
pc_pair_diag_success_pc_pair_bucket[18][18] = 3
pc_pair_diag_success_pc_pair_bucket[18][19] = 12
pc_pair_diag_success_pc_pair_bucket[18][26] = 48
pc_pair_diag_success_pc_pair_bucket[19][12] = 12
pc_pair_diag_success_pc_pair_bucket[19][13] = 2
pc_pair_diag_success_pc_pair_bucket[19][14] = 4
pc_pair_diag_success_pc_pair_bucket[19][15] = 1
pc_pair_diag_success_pc_pair_bucket[19][16] = 1
pc_pair_diag_success_pc_pair_bucket[19][17] = 1
pc_pair_diag_success_pc_pair_bucket[19][18] = 1
pc_pair_diag_success_pc_pair_bucket[20][14] = 1
pc_pair_diag_success_pc_pair_bucket[20][15] = 4
pc_pair_diag_success_pc_pair_bucket[20][17] = 3
pc_pair_diag_success_pc_pair_bucket[20][18] = 2
pc_pair_diag_success_pc_pair_bucket[20][19] = 3
pc_pair_diag_success_pc_pair_bucket[20][20] = 1
pc_pair_diag_success_pc_pair_bucket[21][15] = 1
pc_pair_diag_success_pc_pair_bucket[21][16] = 4
pc_pair_diag_success_pc_pair_bucket[21][18] = 3
pc_pair_diag_success_pc_pair_bucket[21][20] = 10
pc_pair_diag_success_pc_pair_bucket[21][26] = 1
pc_pair_diag_success_pc_pair_bucket[22][12] = 2
pc_pair_diag_success_pc_pair_bucket[22][14] = 1
pc_pair_diag_success_pc_pair_bucket[22][15] = 3
pc_pair_diag_success_pc_pair_bucket[22][16] = 6
pc_pair_diag_success_pc_pair_bucket[22][18] = 1
pc_pair_diag_success_pc_pair_bucket[22][26] = 2
pc_pair_diag_success_pc_pair_bucket[23][50] = 4
pc_pair_diag_success_pc_pair_bucket[23][51] = 4
pc_pair_diag_success_pc_pair_bucket[23][52] = 3
pc_pair_diag_success_pc_pair_bucket[23][53] = 3
pc_pair_diag_success_pc_pair_bucket[23][54] = 1
pc_pair_diag_success_pc_pair_bucket[23][55] = 2
pc_pair_diag_success_pc_pair_bucket[23][56] = 7
pc_pair_diag_success_pc_pair_bucket[23][57] = 3
pc_pair_diag_success_pc_pair_bucket[24][50] = 6
pc_pair_diag_success_pc_pair_bucket[24][51] = 7
pc_pair_diag_success_pc_pair_bucket[24][53] = 4
pc_pair_diag_success_pc_pair_bucket[24][54] = 5
pc_pair_diag_success_pc_pair_bucket[24][55] = 4
pc_pair_diag_success_pc_pair_bucket[24][56] = 3
pc_pair_diag_success_pc_pair_bucket[24][57] = 2
pc_pair_diag_success_pc_pair_bucket[25][50] = 2
pc_pair_diag_success_pc_pair_bucket[25][51] = 3
pc_pair_diag_success_pc_pair_bucket[25][53] = 1
pc_pair_diag_success_pc_pair_bucket[25][54] = 5
pc_pair_diag_success_pc_pair_bucket[25][55] = 7
pc_pair_diag_success_pc_pair_bucket[25][56] = 4
pc_pair_diag_success_pc_pair_bucket[25][57] = 1
pc_pair_diag_success_pc_pair_bucket[26][26] = 64
pc_pair_diag_success_pc_pair_bucket[26][50] = 6
pc_pair_diag_success_pc_pair_bucket[26][51] = 2
pc_pair_diag_success_pc_pair_bucket[26][52] = 10
pc_pair_diag_success_pc_pair_bucket[26][53] = 15
pc_pair_diag_success_pc_pair_bucket[26][55] = 6
pc_pair_diag_success_pc_pair_bucket[26][56] = 3
pc_pair_diag_success_pc_pair_bucket[26][57] = 2
pc_pair_diag_success_pc_pair_bucket[27][27] = 119
pc_pair_diag_success_pc_pair_bucket[27][28] = 4
pc_pair_diag_success_pc_pair_bucket[27][50] = 4
pc_pair_diag_success_pc_pair_bucket[27][51] = 6
pc_pair_diag_success_pc_pair_bucket[27][53] = 7
pc_pair_diag_success_pc_pair_bucket[27][54] = 7
pc_pair_diag_success_pc_pair_bucket[27][56] = 5
pc_pair_diag_success_pc_pair_bucket[27][57] = 3
pc_pair_diag_success_pc_pair_bucket[28][28] = 115
pc_pair_diag_success_pc_pair_bucket[28][29] = 1
pc_pair_diag_success_pc_pair_bucket[28][41] = 8
pc_pair_diag_success_pc_pair_bucket[28][44] = 4
pc_pair_diag_success_pc_pair_bucket[28][45] = 10
pc_pair_diag_success_pc_pair_bucket[28][50] = 3
pc_pair_diag_success_pc_pair_bucket[28][52] = 1
pc_pair_diag_success_pc_pair_bucket[28][53] = 2
pc_pair_diag_success_pc_pair_bucket[28][54] = 4
pc_pair_diag_success_pc_pair_bucket[28][57] = 2
pc_pair_diag_success_pc_pair_bucket[29][42] = 3
pc_pair_diag_success_pc_pair_bucket[29][43] = 3
pc_pair_diag_success_pc_pair_bucket[29][44] = 25
pc_pair_diag_success_pc_pair_bucket[29][46] = 4
pc_pair_diag_success_pc_pair_bucket[29][50] = 6
pc_pair_diag_success_pc_pair_bucket[29][51] = 13
pc_pair_diag_success_pc_pair_bucket[29][52] = 5
pc_pair_diag_success_pc_pair_bucket[29][53] = 1
pc_pair_diag_success_pc_pair_bucket[29][54] = 2
pc_pair_diag_success_pc_pair_bucket[29][55] = 3
pc_pair_diag_success_pc_pair_bucket[29][56] = 3
pc_pair_diag_success_pc_pair_bucket[30][39] = 1
pc_pair_diag_success_pc_pair_bucket[30][40] = 4
pc_pair_diag_success_pc_pair_bucket[30][41] = 1
pc_pair_diag_success_pc_pair_bucket[30][42] = 11
pc_pair_diag_success_pc_pair_bucket[30][43] = 5
pc_pair_diag_success_pc_pair_bucket[30][44] = 2
pc_pair_diag_success_pc_pair_bucket[30][45] = 24
pc_pair_diag_success_pc_pair_bucket[30][50] = 3
pc_pair_diag_success_pc_pair_bucket[30][52] = 3
pc_pair_diag_success_pc_pair_bucket[30][53] = 10
pc_pair_diag_success_pc_pair_bucket[30][54] = 2
pc_pair_diag_success_pc_pair_bucket[30][55] = 1
pc_pair_diag_success_pc_pair_bucket[30][56] = 1
pc_pair_diag_success_pc_pair_bucket[31][40] = 4
pc_pair_diag_success_pc_pair_bucket[31][42] = 3
pc_pair_diag_success_pc_pair_bucket[31][43] = 13
pc_pair_diag_success_pc_pair_bucket[31][44] = 6
pc_pair_diag_success_pc_pair_bucket[31][45] = 1
pc_pair_diag_success_pc_pair_bucket[31][46] = 25
pc_pair_diag_success_pc_pair_bucket[31][50] = 6
pc_pair_diag_success_pc_pair_bucket[31][51] = 3
pc_pair_diag_success_pc_pair_bucket[31][52] = 4
pc_pair_diag_success_pc_pair_bucket[31][53] = 3
pc_pair_diag_success_pc_pair_bucket[31][55] = 2
pc_pair_diag_success_pc_pair_bucket[31][56] = 1
pc_pair_diag_success_pc_pair_bucket[32][39] = 4
pc_pair_diag_success_pc_pair_bucket[32][40] = 1
pc_pair_diag_success_pc_pair_bucket[32][41] = 4
pc_pair_diag_success_pc_pair_bucket[32][44] = 7
pc_pair_diag_success_pc_pair_bucket[32][46] = 1
pc_pair_diag_success_pc_pair_bucket[32][50] = 1
pc_pair_diag_success_pc_pair_bucket[32][52] = 2
pc_pair_diag_success_pc_pair_bucket[32][53] = 4
pc_pair_diag_success_pc_pair_bucket[32][54] = 3
pc_pair_diag_success_pc_pair_bucket[32][56] = 1
pc_pair_diag_success_pc_pair_bucket[32][57] = 3
pc_pair_diag_success_pc_pair_bucket[33][39] = 3
pc_pair_diag_success_pc_pair_bucket[33][40] = 11
pc_pair_diag_success_pc_pair_bucket[33][41] = 11
pc_pair_diag_success_pc_pair_bucket[33][50] = 1
pc_pair_diag_success_pc_pair_bucket[33][51] = 2
pc_pair_diag_success_pc_pair_bucket[33][55] = 1
pc_pair_diag_success_pc_pair_bucket[33][56] = 2
pc_pair_diag_success_pc_pair_bucket[34][39] = 2
pc_pair_diag_success_pc_pair_bucket[34][40] = 1
pc_pair_diag_success_pc_pair_bucket[34][41] = 13
pc_pair_diag_success_pc_pair_bucket[34][42] = 11
pc_pair_diag_success_pc_pair_bucket[34][50] = 11
pc_pair_diag_success_pc_pair_bucket[34][51] = 13
pc_pair_diag_success_pc_pair_bucket[34][52] = 3
pc_pair_diag_success_pc_pair_bucket[34][53] = 3
pc_pair_diag_success_pc_pair_bucket[34][54] = 5
pc_pair_diag_success_pc_pair_bucket[34][55] = 8
pc_pair_diag_success_pc_pair_bucket[34][56] = 12
pc_pair_diag_success_pc_pair_bucket[35][40] = 1
pc_pair_diag_success_pc_pair_bucket[35][43] = 3
pc_pair_diag_success_pc_pair_bucket[35][44] = 1
pc_pair_diag_success_pc_pair_bucket[35][51] = 1
pc_pair_diag_success_pc_pair_bucket[35][52] = 1
pc_pair_diag_success_pc_pair_bucket[35][55] = 4
pc_pair_diag_success_pc_pair_bucket[35][57] = 7
pc_pair_diag_success_pc_pair_bucket[36][42] = 1
pc_pair_diag_success_pc_pair_bucket[36][43] = 1
pc_pair_diag_success_pc_pair_bucket[36][44] = 2
pc_pair_diag_success_pc_pair_bucket[37][41] = 3
pc_pair_diag_success_pc_pair_bucket[37][43] = 2
pc_pair_diag_success_pc_pair_bucket[37][44] = 2
pc_pair_diag_success_pc_pair_bucket[37][46] = 1
pc_pair_diag_success_pc_pair_bucket[38][41] = 4
pc_pair_diag_success_pc_pair_bucket[38][42] = 3
pc_pair_diag_success_pc_pair_bucket[38][43] = 2
pc_pair_diag_success_pc_pair_bucket[38][44] = 4
pc_pair_diag_success_pc_pair_bucket[38][45] = 1
pc_pair_diag_success_pc_pair_bucket[38][46] = 1
pc_pair_diag_success_pc_pair_bucket[39][12] = 1
pc_pair_diag_success_pc_pair_bucket[39][13] = 5
pc_pair_diag_success_pc_pair_bucket[39][14] = 8
pc_pair_diag_success_pc_pair_bucket[39][15] = 2
pc_pair_diag_success_pc_pair_bucket[39][16] = 1
pc_pair_diag_success_pc_pair_bucket[39][17] = 1
pc_pair_diag_success_pc_pair_bucket[39][18] = 11
pc_pair_diag_success_pc_pair_bucket[39][19] = 10
pc_pair_diag_success_pc_pair_bucket[39][39] = 2
pc_pair_diag_success_pc_pair_bucket[39][40] = 6
pc_pair_diag_success_pc_pair_bucket[39][41] = 1
pc_pair_diag_success_pc_pair_bucket[39][42] = 5
pc_pair_diag_success_pc_pair_bucket[39][43] = 3
pc_pair_diag_success_pc_pair_bucket[39][44] = 3
pc_pair_diag_success_pc_pair_bucket[39][45] = 5
pc_pair_diag_success_pc_pair_bucket[40][12] = 2
pc_pair_diag_success_pc_pair_bucket[40][13] = 4
pc_pair_diag_success_pc_pair_bucket[40][14] = 5
pc_pair_diag_success_pc_pair_bucket[40][15] = 4
pc_pair_diag_success_pc_pair_bucket[40][16] = 2
pc_pair_diag_success_pc_pair_bucket[40][17] = 1
pc_pair_diag_success_pc_pair_bucket[40][18] = 2
pc_pair_diag_success_pc_pair_bucket[41][12] = 1
pc_pair_diag_success_pc_pair_bucket[41][13] = 1
pc_pair_diag_success_pc_pair_bucket[41][14] = 1
pc_pair_diag_success_pc_pair_bucket[41][15] = 3
pc_pair_diag_success_pc_pair_bucket[41][16] = 8
pc_pair_diag_success_pc_pair_bucket[41][17] = 2
pc_pair_diag_success_pc_pair_bucket[41][18] = 1
pc_pair_diag_success_pc_pair_bucket[41][19] = 1
pc_pair_diag_success_pc_pair_bucket[42][13] = 20
pc_pair_diag_success_pc_pair_bucket[42][14] = 1
pc_pair_diag_success_pc_pair_bucket[42][15] = 3
pc_pair_diag_success_pc_pair_bucket[42][17] = 10
pc_pair_diag_success_pc_pair_bucket[42][18] = 1
pc_pair_diag_success_pc_pair_bucket[42][19] = 1
pc_pair_diag_success_pc_pair_bucket[43][13] = 3
pc_pair_diag_success_pc_pair_bucket[43][14] = 1
pc_pair_diag_success_pc_pair_bucket[43][15] = 1
pc_pair_diag_success_pc_pair_bucket[43][17] = 8
pc_pair_diag_success_pc_pair_bucket[43][18] = 4
pc_pair_diag_success_pc_pair_bucket[43][19] = 2
pc_pair_diag_success_pc_pair_bucket[44][12] = 4
pc_pair_diag_success_pc_pair_bucket[44][13] = 1
pc_pair_diag_success_pc_pair_bucket[44][14] = 1
pc_pair_diag_success_pc_pair_bucket[44][15] = 1
pc_pair_diag_success_pc_pair_bucket[44][16] = 1
pc_pair_diag_success_pc_pair_bucket[44][17] = 2
pc_pair_diag_success_pc_pair_bucket[44][18] = 11
pc_pair_diag_success_pc_pair_bucket[44][19] = 5
pc_pair_diag_success_pc_pair_bucket[45][12] = 2
pc_pair_diag_success_pc_pair_bucket[45][13] = 6
pc_pair_diag_success_pc_pair_bucket[45][14] = 2
pc_pair_diag_success_pc_pair_bucket[45][15] = 1
pc_pair_diag_success_pc_pair_bucket[45][16] = 1
pc_pair_diag_success_pc_pair_bucket[45][17] = 1
pc_pair_diag_success_pc_pair_bucket[45][18] = 2
pc_pair_diag_success_pc_pair_bucket[45][19] = 6
pc_pair_diag_success_pc_pair_bucket[46][12] = 5
pc_pair_diag_success_pc_pair_bucket[46][15] = 1
pc_pair_diag_success_pc_pair_bucket[47][13] = 1
pc_pair_diag_success_pc_pair_bucket[47][14] = 5
pc_pair_diag_success_pc_pair_bucket[47][15] = 3
pc_pair_diag_success_pc_pair_bucket[47][16] = 1
pc_pair_diag_success_pc_pair_bucket[47][17] = 1
pc_pair_diag_success_pc_pair_bucket[47][18] = 5
pc_pair_diag_success_pc_pair_bucket[47][19] = 2
pc_pair_diag_success_pc_pair_bucket[48][12] = 1
pc_pair_diag_success_pc_pair_bucket[48][13] = 1
pc_pair_diag_success_pc_pair_bucket[48][14] = 1
pc_pair_diag_success_pc_pair_bucket[48][15] = 12
pc_pair_diag_success_pc_pair_bucket[48][16] = 5
pc_pair_diag_success_pc_pair_bucket[48][17] = 2
pc_pair_diag_success_pc_pair_bucket[48][19] = 2
pc_pair_diag_success_pc_pair_bucket[49][12] = 1
pc_pair_diag_success_pc_pair_bucket[49][13] = 1
pc_pair_diag_success_pc_pair_bucket[49][14] = 6
pc_pair_diag_success_pc_pair_bucket[49][16] = 2
pc_pair_diag_success_pc_pair_bucket[49][17] = 10
pc_pair_diag_success_pc_pair_bucket[49][19] = 9
pc_pair_diag_success_pc_pair_bucket[50][13] = 4
pc_pair_diag_success_pc_pair_bucket[50][14] = 11
pc_pair_diag_success_pc_pair_bucket[50][15] = 1
pc_pair_diag_success_pc_pair_bucket[50][16] = 2
pc_pair_diag_success_pc_pair_bucket[50][17] = 12
pc_pair_diag_success_pc_pair_bucket[50][18] = 2
pc_pair_diag_success_pc_pair_bucket[50][19] = 2
pc_pair_diag_success_pc_pair_bucket[50][50] = 4
pc_pair_diag_success_pc_pair_bucket[50][51] = 9
pc_pair_diag_success_pc_pair_bucket[50][52] = 2
pc_pair_diag_success_pc_pair_bucket[50][53] = 2
pc_pair_diag_success_pc_pair_bucket[50][55] = 2
pc_pair_diag_success_pc_pair_bucket[50][56] = 2
pc_pair_diag_success_pc_pair_bucket[50][57] = 1
pc_pair_diag_success_pc_pair_bucket[51][50] = 3
pc_pair_diag_success_pc_pair_bucket[51][51] = 3
pc_pair_diag_success_pc_pair_bucket[51][52] = 7
pc_pair_diag_success_pc_pair_bucket[51][53] = 1
pc_pair_diag_success_pc_pair_bucket[51][54] = 6
pc_pair_diag_success_pc_pair_bucket[51][55] = 3
pc_pair_diag_success_pc_pair_bucket[51][56] = 1
pc_pair_diag_success_pc_pair_bucket[52][50] = 8
pc_pair_diag_success_pc_pair_bucket[52][51] = 2
pc_pair_diag_success_pc_pair_bucket[52][52] = 3
pc_pair_diag_success_pc_pair_bucket[52][53] = 9
pc_pair_diag_success_pc_pair_bucket[52][54] = 2
pc_pair_diag_success_pc_pair_bucket[52][55] = 1
pc_pair_diag_success_pc_pair_bucket[52][57] = 4
pc_pair_diag_success_pc_pair_bucket[53][50] = 3
pc_pair_diag_success_pc_pair_bucket[53][51] = 2
pc_pair_diag_success_pc_pair_bucket[53][52] = 1
pc_pair_diag_success_pc_pair_bucket[53][53] = 1
pc_pair_diag_success_pc_pair_bucket[53][54] = 3
pc_pair_diag_success_pc_pair_bucket[54][29] = 57
pc_pair_diag_success_pc_pair_bucket[54][50] = 3
pc_pair_diag_success_pc_pair_bucket[54][51] = 2
pc_pair_diag_success_pc_pair_bucket[54][52] = 5
pc_pair_diag_success_pc_pair_bucket[54][53] = 3
pc_pair_diag_success_pc_pair_bucket[54][54] = 2
pc_pair_diag_success_pc_pair_bucket[54][55] = 2
pc_pair_diag_success_pc_pair_bucket[54][56] = 1
pc_pair_diag_success_pc_pair_bucket[54][57] = 1
pc_pair_diag_success_pc_pair_bucket[55][31] = 57
pc_pair_diag_success_pc_pair_bucket[55][50] = 3
pc_pair_diag_success_pc_pair_bucket[55][51] = 1
pc_pair_diag_success_pc_pair_bucket[55][52] = 3
pc_pair_diag_success_pc_pair_bucket[55][53] = 3
pc_pair_diag_success_pc_pair_bucket[55][54] = 2
pc_pair_diag_success_pc_pair_bucket[55][55] = 1
pc_pair_diag_success_pc_pair_bucket[56][31] = 3
pc_pair_diag_success_pc_pair_bucket[56][50] = 1
pc_pair_diag_success_pc_pair_bucket[56][51] = 1
pc_pair_diag_success_pc_pair_bucket[56][52] = 4
pc_pair_diag_success_pc_pair_bucket[56][53] = 3
pc_pair_diag_success_pc_pair_bucket[56][54] = 3
pc_pair_diag_success_pc_pair_bucket[56][55] = 2
pc_pair_diag_success_pc_pair_bucket[56][56] = 1
pc_pair_diag_success_pc_pair_bucket[57][32] = 61
pc_pair_diag_success_pc_pair_bucket[57][33] = 5
pc_pair_diag_success_pc_pair_bucket[57][52] = 10
pc_pair_diag_success_pc_pair_bucket[57][54] = 4
pc_pair_diag_success_pc_pair_bucket[58][50] = 2
pc_pair_diag_success_pc_pair_bucket[58][51] = 2
pc_pair_diag_success_pc_pair_bucket[58][52] = 3
pc_pair_diag_success_pc_pair_bucket[58][53] = 1
pc_pair_diag_success_pc_pair_bucket[58][54] = 3
pc_pair_diag_success_pc_pair_bucket[58][55] = 5
pc_pair_diag_success_pc_pair_bucket[58][56] = 5
pc_pair_diag_success_pc_pair_bucket[59][34] = 6
pc_pair_diag_success_pc_pair_bucket[59][50] = 2
pc_pair_diag_success_pc_pair_bucket[59][52] = 2
pc_pair_diag_success_pc_pair_bucket[59][53] = 1
pc_pair_diag_success_pc_pair_bucket[59][54] = 2
pc_pair_diag_success_pc_pair_bucket[59][55] = 15
pc_pair_diag_success_pc_pair_bucket[59][56] = 1
pc_pair_diag_success_pc_pair_bucket[59][57] = 1
pc_pair_diag_success_pc_pair_bucket[60][39] = 6
pc_pair_diag_success_pc_pair_bucket[60][40] = 1
pc_pair_diag_success_pc_pair_bucket[60][41] = 3
pc_pair_diag_success_pc_pair_bucket[60][46] = 1
pc_pair_diag_success_pc_pair_bucket[60][50] = 3
pc_pair_diag_success_pc_pair_bucket[60][51] = 4
pc_pair_diag_success_pc_pair_bucket[60][52] = 4
pc_pair_diag_success_pc_pair_bucket[60][53] = 6
pc_pair_diag_success_pc_pair_bucket[60][54] = 2
pc_pair_diag_success_pc_pair_bucket[60][55] = 1
pc_pair_diag_success_pc_pair_bucket[60][56] = 1
pc_pair_diag_success_pc_pair_bucket[60][57] = 2
pc_pair_diag_success_pc_pair_bucket[61][39] = 1
pc_pair_diag_success_pc_pair_bucket[61][40] = 7
pc_pair_diag_success_pc_pair_bucket[61][41] = 9
pc_pair_diag_success_pc_pair_bucket[61][42] = 2
pc_pair_diag_success_pc_pair_bucket[61][50] = 7
pc_pair_diag_success_pc_pair_bucket[61][51] = 3
pc_pair_diag_success_pc_pair_bucket[61][52] = 6
pc_pair_diag_success_pc_pair_bucket[61][53] = 3
pc_pair_diag_success_pc_pair_bucket[61][54] = 7
pc_pair_diag_success_pc_pair_bucket[61][55] = 2
pc_pair_diag_success_pc_pair_bucket[61][56] = 2
pc_pair_diag_success_pc_pair_bucket[61][57] = 1
pc_pair_diag_success_pc_pair_bucket[62][43] = 3
pc_pair_diag_success_pc_pair_bucket[62][46] = 14
pc_pair_diag_success_pc_pair_bucket[63][44] = 3
pc_pair_fail_no_producer = 883053
pc_pair_fail_no_consumer = 0
pc_pair_fail_no_compatible_pair = 329
pc_pair_diag_incompatible_exec_type[NONE][NONE] = 0
pc_pair_diag_incompatible_exec_type[NONE][SP] = 0
pc_pair_diag_incompatible_exec_type[NONE][SFU] = 0
pc_pair_diag_incompatible_exec_type[NONE][MEM] = 0
pc_pair_diag_incompatible_exec_type[NONE][DP] = 0
pc_pair_diag_incompatible_exec_type[NONE][INT] = 0
pc_pair_diag_incompatible_exec_type[NONE][TENSOR] = 0
pc_pair_diag_incompatible_exec_type[NONE][SPECIALIZED] = 0
pc_pair_diag_incompatible_exec_type[SP][NONE] = 0
pc_pair_diag_incompatible_exec_type[SP][SP] = 0
pc_pair_diag_incompatible_exec_type[SP][SFU] = 0
pc_pair_diag_incompatible_exec_type[SP][MEM] = 0
pc_pair_diag_incompatible_exec_type[SP][DP] = 0
pc_pair_diag_incompatible_exec_type[SP][INT] = 0
pc_pair_diag_incompatible_exec_type[SP][TENSOR] = 0
pc_pair_diag_incompatible_exec_type[SP][SPECIALIZED] = 0
pc_pair_diag_incompatible_exec_type[SFU][NONE] = 0
pc_pair_diag_incompatible_exec_type[SFU][SP] = 0
pc_pair_diag_incompatible_exec_type[SFU][SFU] = 0
pc_pair_diag_incompatible_exec_type[SFU][MEM] = 0
pc_pair_diag_incompatible_exec_type[SFU][DP] = 0
pc_pair_diag_incompatible_exec_type[SFU][INT] = 0
pc_pair_diag_incompatible_exec_type[SFU][TENSOR] = 0
pc_pair_diag_incompatible_exec_type[SFU][SPECIALIZED] = 0
pc_pair_diag_incompatible_exec_type[MEM][NONE] = 0
pc_pair_diag_incompatible_exec_type[MEM][SP] = 0
pc_pair_diag_incompatible_exec_type[MEM][SFU] = 0
pc_pair_diag_incompatible_exec_type[MEM][MEM] = 64
pc_pair_diag_incompatible_exec_type[MEM][DP] = 0
pc_pair_diag_incompatible_exec_type[MEM][INT] = 0
pc_pair_diag_incompatible_exec_type[MEM][TENSOR] = 0
pc_pair_diag_incompatible_exec_type[MEM][SPECIALIZED] = 0
pc_pair_diag_incompatible_exec_type[DP][NONE] = 0
pc_pair_diag_incompatible_exec_type[DP][SP] = 0
pc_pair_diag_incompatible_exec_type[DP][SFU] = 0
pc_pair_diag_incompatible_exec_type[DP][MEM] = 0
pc_pair_diag_incompatible_exec_type[DP][DP] = 0
pc_pair_diag_incompatible_exec_type[DP][INT] = 0
pc_pair_diag_incompatible_exec_type[DP][TENSOR] = 0
pc_pair_diag_incompatible_exec_type[DP][SPECIALIZED] = 0
pc_pair_diag_incompatible_exec_type[INT][NONE] = 0
pc_pair_diag_incompatible_exec_type[INT][SP] = 0
pc_pair_diag_incompatible_exec_type[INT][SFU] = 0
pc_pair_diag_incompatible_exec_type[INT][MEM] = 0
pc_pair_diag_incompatible_exec_type[INT][DP] = 0
pc_pair_diag_incompatible_exec_type[INT][INT] = 16
pc_pair_diag_incompatible_exec_type[INT][TENSOR] = 0
pc_pair_diag_incompatible_exec_type[INT][SPECIALIZED] = 0
pc_pair_diag_incompatible_exec_type[TENSOR][NONE] = 0
pc_pair_diag_incompatible_exec_type[TENSOR][SP] = 0
pc_pair_diag_incompatible_exec_type[TENSOR][SFU] = 0
pc_pair_diag_incompatible_exec_type[TENSOR][MEM] = 0
pc_pair_diag_incompatible_exec_type[TENSOR][DP] = 0
pc_pair_diag_incompatible_exec_type[TENSOR][INT] = 0
pc_pair_diag_incompatible_exec_type[TENSOR][TENSOR] = 0
pc_pair_diag_incompatible_exec_type[TENSOR][SPECIALIZED] = 0
pc_pair_diag_incompatible_exec_type[SPECIALIZED][NONE] = 0
pc_pair_diag_incompatible_exec_type[SPECIALIZED][SP] = 0
pc_pair_diag_incompatible_exec_type[SPECIALIZED][SFU] = 0
pc_pair_diag_incompatible_exec_type[SPECIALIZED][MEM] = 0
pc_pair_diag_incompatible_exec_type[SPECIALIZED][DP] = 0
pc_pair_diag_incompatible_exec_type[SPECIALIZED][INT] = 0
pc_pair_diag_incompatible_exec_type[SPECIALIZED][TENSOR] = 0
pc_pair_diag_incompatible_exec_type[SPECIALIZED][SPECIALIZED] = 0
pc_pair_diag_incompatible_region[producer_load][consumer_ffma] = 64
pc_pair_diag_incompatible_region[producer_int][consumer_ffma] = 16
pc_pair_diag_filtered_region[producer_int][consumer_store] = 2
pc_pair_diag_filtered_region[producer_store][consumer_ffma] = 247
pc_pair_diag_incompatible_pc_pair_top[0] = producer_pc=0x5880 producer_line=3677 consumer_pc=0x5880 consumer_line=3677 count=16
pc_pair_diag_incompatible_pc_pair_top[1] = producer_pc=0x5888 producer_line=3678 consumer_pc=0x5880 consumer_line=3677 count=16
pc_pair_diag_incompatible_pc_pair_top[2] = producer_pc=0x5888 producer_line=3678 consumer_pc=0x5888 consumer_line=3678 count=16
pc_pair_diag_incompatible_pc_pair_top[3] = producer_pc=0x5898 producer_line=3680 consumer_pc=0x5890 consumer_line=3679 count=16
pc_pair_diag_incompatible_pc_pair_top[4] = producer_pc=0x58b0 producer_line=3683 consumer_pc=0x58a8 consumer_line=3682 count=16
pc_pair_diag_incompatible_pc_pair_bucket[8][8] = 48
pc_pair_diag_incompatible_pc_pair_bucket[9][9] = 16
pc_pair_diag_incompatible_pc_pair_bucket[11][10] = 16
pc_pair_fail_scoreboard = 577171
pc_pair_fail_fu_conflict = 0
pc_pair_fail_regset_busy = 1258
pc_pair_fail_pipeline_busy = 0
pc_pair_single_fallback = 271880
pc_pair_same_warp_dual_fallback = 0
pc_pair_diag_producer_ready_cycles = 13650
pc_pair_diag_consumer_ready_cycles = 263799
pc_pair_diag_both_ready_cycles = 2949
pc_pair_diag_pair_blocked_pipe_reg_cycles = 80
pc_pair_diag_producer_valid_cycles = 588988
pc_pair_diag_producer_scoreboard_ready_cycles = 14738
pc_pair_diag_producer_pipe_ready_cycles = 13650
pc_pair_diag_consumer_valid_cycles = 1356868
pc_pair_diag_consumer_scoreboard_ready_cycles = 265009
pc_pair_diag_consumer_pipe_ready_cycles = 263799
pc_pair_diag_both_scoreboard_ready_cycles = 3893
pc_pair_diag_saw_producer_cycles = 589939
pc_pair_diag_saw_consumer_cycles = 1472588
pc_pair_diag_no_producer_ready_cycles = 576289
pc_pair_diag_no_consumer_ready_cycles = 1208789
pc_pair_diag_producer_ready_candidate_sum = 13650
pc_pair_diag_consumer_ready_candidate_sum = 263799
pc_pair_diag_max_producer_ready_candidates = 1
pc_pair_diag_max_consumer_ready_candidates = 1
pc_pair_diag_joint_pair_scans = 2949
pc_pair_diag_joint_incompatible_pairs = 80
pc_pair_diag_joint_reprobe_status[READY] = 0
pc_pair_diag_joint_reprobe_status[NO_INST] = 0
pc_pair_diag_joint_reprobe_status[WAITING] = 0
pc_pair_diag_joint_reprobe_status[IBUFFER_EMPTY] = 0
pc_pair_diag_joint_reprobe_status[CONTROL_HAZARD] = 0
pc_pair_diag_joint_reprobe_status[SCOREBOARD] = 0
pc_pair_diag_joint_reprobe_status[FU_CONFLICT] = 0
pc_pair_diag_joint_reprobe_status[REGSET_BUSY] = 0
pc_pair_diag_joint_reprobe_status[PIPELINE_BUSY] = 0
pc_pair_diag_success_rank_samples = 2620
pc_pair_diag_success_producer_rank_sum = 37610
pc_pair_diag_success_consumer_rank_sum = 21766
pc_pair_diag_selected_score_samples = 2620
pc_pair_diag_selected_score_sum = 2576800
pc_pair_diag_adaptive_strict_selected = 0
pc_pair_diag_adaptive_fallback_selected = 0
pc_pair_diag_adaptive_fallback_filtered = 0
pc_pair_diag_policy5_selected = 0
pc_pair_diag_policy5_hot_selected = 0
pc_pair_diag_policy5_nonhot_selected = 0
pc_pair_diag_policy6_selected = 2620
pc_pair_diag_policy6_cross_partition_selected = 1228
pc_pair_diag_policy6_fallback_selected = 0
pc_pair_diag_policy7_selected = 0
pc_pair_diag_policy8_attempts = 0
pc_pair_diag_policy8_success = 0
pc_pair_diag_policy8_bypass_first_issue_consumer = 0
pc_pair_diag_policy8_bypass_not_hot = 0
pc_pair_diag_policy8_bypass_regset_or_pipe = 0
pc_pair_diag_policy8_bypass_throttle = 0
pc_pair_diag_policy8_first_producer = 0
pc_pair_diag_policy8_first_consumer = 0
pc_pair_diag_probe_status[producer][READY] = 13650
pc_pair_diag_probe_status[producer][WAITING] = 332
pc_pair_diag_probe_status[producer][IBUFFER_EMPTY] = 619
pc_pair_diag_probe_status[producer][SCOREBOARD] = 574250
pc_pair_diag_probe_status[producer][REGSET_BUSY] = 1088
pc_pair_diag_probe_status[consumer][READY] = 263799
pc_pair_diag_probe_status[consumer][WAITING] = 98483
pc_pair_diag_probe_status[consumer][IBUFFER_EMPTY] = 17237
pc_pair_diag_probe_status[consumer][SCOREBOARD] = 1091859
pc_pair_diag_probe_status[consumer][REGSET_BUSY] = 1210
pc_pair_diag_scoreboard_exec_type[producer][MEM] = 549737
pc_pair_diag_regset_busy_exec_type[producer][MEM] = 672
pc_pair_diag_scoreboard_exec_type[producer][INT] = 24513
pc_pair_diag_regset_busy_exec_type[producer][INT] = 416
pc_pair_diag_scoreboard_exec_type[consumer][SP] = 829396
pc_pair_diag_scoreboard_exec_type[consumer][MEM] = 16375
pc_pair_diag_regset_busy_exec_type[consumer][MEM] = 992
pc_pair_diag_scoreboard_exec_type[consumer][INT] = 246088
pc_pair_diag_regset_busy_exec_type[consumer][INT] = 218
traffic_breakdown_coretomem[GLOBAL_ACC_R] = 49152 {8:6144,}
traffic_breakdown_coretomem[GLOBAL_ACC_W] = 81920 {40:2048,}
traffic_breakdown_memtocore[GLOBAL_ACC_R] = 245760 {40:6144,}
traffic_breakdown_memtocore[GLOBAL_ACC_W] = 16384 {8:2048,}
Memory Partition 0: 
Cache L2_bank_000:
MSHR contents

Cache L2_bank_001:
MSHR contents

In Dram Latency Queue (total = 0): 
DRAM[0]: 16 bks, busW=32 BL=2 CL=44, tRRD=11 tCCD=4, tRCD=44 tRAS=104 tRP=44 tRC=147
n_cmd=44350 n_nop=44091 n_act=4 n_pre=0 n_ref_event=0 n_req=256 n_rd=256 n_rd_L2_A=0 n_write=0 n_wr_bk=0 bw_util=0.005772
n_activity=2322 dram_eff=0.1102
bk0: 64a 43877i bk1: 64a 43946i bk2: 64a 43902i bk3: 64a 43897i bk4: 0a 44350i bk5: 0a 44350i bk6: 0a 44350i bk7: 0a 44350i bk8: 0a 44350i bk9: 0a 44350i bk10: 0a 44350i bk11: 0a 44350i bk12: 0a 44350i bk13: 0a 44350i bk14: 0a 44350i bk15: 0a 44350i 

------------------------------------------------------------------------

Row_Buffer_Locality = 0.984375
Row_Buffer_Locality_read = 0.984375
Row_Buffer_Locality_write = -nan
Bank_Level_Parallism = 1.061033
Bank_Level_Parallism_Col = 1.060606
Bank_Level_Parallism_Ready = 1.000000
write_to_read_ratio_blp_rw_average = 0.000000
GrpLevelPara = 1.060606 

BW Util details:
bwutil = 0.005772 
total_CMD = 44350 
util_bw = 1024 
Wasted_Col = 973 
Wasted_Row = 0 
Idle = 42353 

BW Util Bottlenecks: 
RCDc_limit = 152 
RCDWRc_limit = 0 
WTRc_limit = 0 
RTWc_limit = 0 
CCDLc_limit = 841 
rwq = 0 
CCDLc_limit_alone = 841 
WTRc_limit_alone = 0 
RTWc_limit_alone = 0 

Commands details: 
total_CMD = 44350 
n_nop = 44091 
Read = 256 
Write = 0 
L2_Alloc = 0 
L2_WB = 0 
n_act = 4 
n_pre = 0 
n_ref = 0 
n_req = 256 
total_req = 256 

Dual Bus Interface Util: 
issued_total_row = 4 
issued_total_col = 256 
Row_Bus_Util =  0.000090 
CoL_Bus_Util = 0.005772 
Either_Row_CoL_Bus_Util = 0.005840 
Issued_on_Two_Bus_Simul_Util = 0.000023 
issued_two_Eff = 0.003861 
queue_avg = 0.313123 


dram_util_bins: 0 0 0 0 0 0 0 0 0 0
dram_eff_bins: 0 0 0 0 0 0 0 0 0 0
mrqq: max=43 avg=0.313123
Memory Partition 1: 
Cache L2_bank_002:
MSHR contents

Cache L2_bank_003:
MSHR contents

In Dram Latency Queue (total = 0): 
DRAM[1]: 16 bks, busW=32 BL=2 CL=44, tRRD=11 tCCD=4, tRCD=44 tRAS=104 tRP=44 tRC=147
n_cmd=44350 n_nop=44091 n_act=4 n_pre=0 n_ref_event=0 n_req=256 n_rd=256 n_rd_L2_A=0 n_write=0 n_wr_bk=0 bw_util=0.005772
n_activity=2313 dram_eff=0.1107
bk0: 64a 43881i bk1: 64a 43945i bk2: 64a 43897i bk3: 64a 43915i bk4: 0a 44350i bk5: 0a 44350i bk6: 0a 44350i bk7: 0a 44350i bk8: 0a 44350i bk9: 0a 44350i bk10: 0a 44350i bk11: 0a 44350i bk12: 0a 44350i bk13: 0a 44350i bk14: 0a 44350i bk15: 0a 44350i 

------------------------------------------------------------------------

Row_Buffer_Locality = 0.984375
Row_Buffer_Locality_read = 0.984375
Row_Buffer_Locality_write = -nan
Bank_Level_Parallism = 1.058207
Bank_Level_Parallism_Col = 1.057773
Bank_Level_Parallism_Ready = 1.003906
write_to_read_ratio_blp_rw_average = 0.000000
GrpLevelPara = 1.057773 

BW Util details:
bwutil = 0.005772 
total_CMD = 44350 
util_bw = 1024 
Wasted_Col = 971 
Wasted_Row = 0 
Idle = 42355 

BW Util Bottlenecks: 
RCDc_limit = 152 
RCDWRc_limit = 0 
WTRc_limit = 0 
RTWc_limit = 0 
CCDLc_limit = 839 
rwq = 0 
CCDLc_limit_alone = 839 
WTRc_limit_alone = 0 
RTWc_limit_alone = 0 

Commands details: 
total_CMD = 44350 
n_nop = 44091 
Read = 256 
Write = 0 
L2_Alloc = 0 
L2_WB = 0 
n_act = 4 
n_pre = 0 
n_ref = 0 
n_req = 256 
total_req = 256 

Dual Bus Interface Util: 
issued_total_row = 4 
issued_total_col = 256 
Row_Bus_Util =  0.000090 
CoL_Bus_Util = 0.005772 
Either_Row_CoL_Bus_Util = 0.005840 
Issued_on_Two_Bus_Simul_Util = 0.000023 
issued_two_Eff = 0.003861 
queue_avg = 0.306742 


dram_util_bins: 0 0 0 0 0 0 0 0 0 0
dram_eff_bins: 0 0 0 0 0 0 0 0 0 0
mrqq: max=43 avg=0.306742
Memory Partition 2: 
Cache L2_bank_004:
MSHR contents

Cache L2_bank_005:
MSHR contents

In Dram Latency Queue (total = 0): 
DRAM[2]: 16 bks, busW=32 BL=2 CL=44, tRRD=11 tCCD=4, tRCD=44 tRAS=104 tRP=44 tRC=147
n_cmd=44350 n_nop=44090 n_act=4 n_pre=0 n_ref_event=0 n_req=256 n_rd=256 n_rd_L2_A=0 n_write=0 n_wr_bk=0 bw_util=0.005772
n_activity=2410 dram_eff=0.1062
bk0: 64a 43895i bk1: 64a 43951i bk2: 64a 43909i bk3: 64a 43916i bk4: 0a 44350i bk5: 0a 44350i bk6: 0a 44350i bk7: 0a 44350i bk8: 0a 44350i bk9: 0a 44350i bk10: 0a 44350i bk11: 0a 44350i bk12: 0a 44350i bk13: 0a 44350i bk14: 0a 44350i bk15: 0a 44350i 

------------------------------------------------------------------------

Row_Buffer_Locality = 0.984375
Row_Buffer_Locality_read = 0.984375
Row_Buffer_Locality_write = -nan
Bank_Level_Parallism = 1.030099
Bank_Level_Parallism_Col = 1.030161
Bank_Level_Parallism_Ready = 1.000000
write_to_read_ratio_blp_rw_average = 0.000000
GrpLevelPara = 1.030161 

BW Util details:
bwutil = 0.005772 
total_CMD = 44350 
util_bw = 1024 
Wasted_Col = 1003 
Wasted_Row = 0 
Idle = 42323 

BW Util Bottlenecks: 
RCDc_limit = 176 
RCDWRc_limit = 0 
WTRc_limit = 0 
RTWc_limit = 0 
CCDLc_limit = 827 
rwq = 0 
CCDLc_limit_alone = 827 
WTRc_limit_alone = 0 
RTWc_limit_alone = 0 

Commands details: 
total_CMD = 44350 
n_nop = 44090 
Read = 256 
Write = 0 
L2_Alloc = 0 
L2_WB = 0 
n_act = 4 
n_pre = 0 
n_ref = 0 
n_req = 256 
total_req = 256 

Dual Bus Interface Util: 
issued_total_row = 4 
issued_total_col = 256 
Row_Bus_Util =  0.000090 
CoL_Bus_Util = 0.005772 
Either_Row_CoL_Bus_Util = 0.005862 
Issued_on_Two_Bus_Simul_Util = 0.000000 
issued_two_Eff = 0.000000 
queue_avg = 0.132627 


dram_util_bins: 0 0 0 0 0 0 0 0 0 0
dram_eff_bins: 0 0 0 0 0 0 0 0 0 0
mrqq: max=8 avg=0.132627
Memory Partition 3: 
Cache L2_bank_006:
MSHR contents

Cache L2_bank_007:
MSHR contents

In Dram Latency Queue (total = 0): 
DRAM[3]: 16 bks, busW=32 BL=2 CL=44, tRRD=11 tCCD=4, tRCD=44 tRAS=104 tRP=44 tRC=147
n_cmd=44350 n_nop=44090 n_act=4 n_pre=0 n_ref_event=0 n_req=256 n_rd=256 n_rd_L2_A=0 n_write=0 n_wr_bk=0 bw_util=0.005772
n_activity=2392 dram_eff=0.107
bk0: 64a 43891i bk1: 64a 43945i bk2: 64a 43909i bk3: 64a 43907i bk4: 0a 44350i bk5: 0a 44350i bk6: 0a 44350i bk7: 0a 44350i bk8: 0a 44350i bk9: 0a 44350i bk10: 0a 44350i bk11: 0a 44350i bk12: 0a 44350i bk13: 0a 44350i bk14: 0a 44350i bk15: 0a 44350i 

------------------------------------------------------------------------

Row_Buffer_Locality = 0.984375
Row_Buffer_Locality_read = 0.984375
Row_Buffer_Locality_write = -nan
Bank_Level_Parallism = 1.031395
Bank_Level_Parallism_Col = 1.031460
Bank_Level_Parallism_Ready = 1.000000
write_to_read_ratio_blp_rw_average = 0.000000
GrpLevelPara = 1.031460 

BW Util details:
bwutil = 0.005772 
total_CMD = 44350 
util_bw = 1024 
Wasted_Col = 1012 
Wasted_Row = 0 
Idle = 42314 

BW Util Bottlenecks: 
RCDc_limit = 176 
RCDWRc_limit = 0 
WTRc_limit = 0 
RTWc_limit = 0 
CCDLc_limit = 836 
rwq = 0 
CCDLc_limit_alone = 836 
WTRc_limit_alone = 0 
RTWc_limit_alone = 0 

Commands details: 
total_CMD = 44350 
n_nop = 44090 
Read = 256 
Write = 0 
L2_Alloc = 0 
L2_WB = 0 
n_act = 4 
n_pre = 0 
n_ref = 0 
n_req = 256 
total_req = 256 

Dual Bus Interface Util: 
issued_total_row = 4 
issued_total_col = 256 
Row_Bus_Util =  0.000090 
CoL_Bus_Util = 0.005772 
Either_Row_CoL_Bus_Util = 0.005862 
Issued_on_Two_Bus_Simul_Util = 0.000000 
issued_two_Eff = 0.000000 
queue_avg = 0.134318 


dram_util_bins: 0 0 0 0 0 0 0 0 0 0
dram_eff_bins: 0 0 0 0 0 0 0 0 0 0
mrqq: max=8 avg=0.134318
Memory Partition 4: 
Cache L2_bank_008:
MSHR contents

Cache L2_bank_009:
MSHR contents

In Dram Latency Queue (total = 0): 
DRAM[4]: 16 bks, busW=32 BL=2 CL=44, tRRD=11 tCCD=4, tRCD=44 tRAS=104 tRP=44 tRC=147
n_cmd=44350 n_nop=44090 n_act=4 n_pre=0 n_ref_event=0 n_req=256 n_rd=256 n_rd_L2_A=0 n_write=0 n_wr_bk=0 bw_util=0.005772
n_activity=2412 dram_eff=0.1061
bk0: 64a 43948i bk1: 64a 43946i bk2: 64a 43904i bk3: 64a 43903i bk4: 0a 44350i bk5: 0a 44350i bk6: 0a 44350i bk7: 0a 44350i bk8: 0a 44350i bk9: 0a 44350i bk10: 0a 44350i bk11: 0a 44350i bk12: 0a 44350i bk13: 0a 44350i bk14: 0a 44350i bk15: 0a 44350i 

------------------------------------------------------------------------

Row_Buffer_Locality = 0.984375
Row_Buffer_Locality_read = 0.984375
Row_Buffer_Locality_write = -nan
Bank_Level_Parallism = 1.031662
Bank_Level_Parallism_Col = 1.031729
Bank_Level_Parallism_Ready = 1.007812
write_to_read_ratio_blp_rw_average = 0.000000
GrpLevelPara = 1.031729 

BW Util details:
bwutil = 0.005772 
total_CMD = 44350 
util_bw = 1024 
Wasted_Col = 990 
Wasted_Row = 0 
Idle = 42336 

BW Util Bottlenecks: 
RCDc_limit = 176 
RCDWRc_limit = 0 
WTRc_limit = 0 
RTWc_limit = 0 
CCDLc_limit = 814 
rwq = 0 
CCDLc_limit_alone = 814 
WTRc_limit_alone = 0 
RTWc_limit_alone = 0 

Commands details: 
total_CMD = 44350 
n_nop = 44090 
Read = 256 
Write = 0 
L2_Alloc = 0 
L2_WB = 0 
n_act = 4 
n_pre = 0 
n_ref = 0 
n_req = 256 
total_req = 256 

Dual Bus Interface Util: 
issued_total_row = 4 
issued_total_col = 256 
Row_Bus_Util =  0.000090 
CoL_Bus_Util = 0.005772 
Either_Row_CoL_Bus_Util = 0.005862 
Issued_on_Two_Bus_Simul_Util = 0.000000 
issued_two_Eff = 0.000000 
queue_avg = 0.091702 


dram_util_bins: 0 0 0 0 0 0 0 0 0 0
dram_eff_bins: 0 0 0 0 0 0 0 0 0 0
mrqq: max=7 avg=0.0917024
Memory Partition 5: 
Cache L2_bank_010:
MSHR contents

Cache L2_bank_011:
MSHR contents

In Dram Latency Queue (total = 0): 
DRAM[5]: 16 bks, busW=32 BL=2 CL=44, tRRD=11 tCCD=4, tRCD=44 tRAS=104 tRP=44 tRC=147
n_cmd=44350 n_nop=44090 n_act=4 n_pre=0 n_ref_event=0 n_req=256 n_rd=256 n_rd_L2_A=0 n_write=0 n_wr_bk=0 bw_util=0.005772
n_activity=2398 dram_eff=0.1068
bk0: 64a 43954i bk1: 64a 43909i bk2: 64a 43906i bk3: 64a 43900i bk4: 0a 44350i bk5: 0a 44350i bk6: 0a 44350i bk7: 0a 44350i bk8: 0a 44350i bk9: 0a 44350i bk10: 0a 44350i bk11: 0a 44350i bk12: 0a 44350i bk13: 0a 44350i bk14: 0a 44350i bk15: 0a 44350i 

------------------------------------------------------------------------

Row_Buffer_Locality = 0.984375
Row_Buffer_Locality_read = 0.984375
Row_Buffer_Locality_write = -nan
Bank_Level_Parallism = 1.030067
Bank_Level_Parallism_Col = 1.030130
Bank_Level_Parallism_Ready = 1.000000
write_to_read_ratio_blp_rw_average = 0.000000
GrpLevelPara = 1.030130 

BW Util details:
bwutil = 0.005772 
total_CMD = 44350 
util_bw = 1024 
Wasted_Col = 1007 
Wasted_Row = 0 
Idle = 42319 

BW Util Bottlenecks: 
RCDc_limit = 176 
RCDWRc_limit = 0 
WTRc_limit = 0 
RTWc_limit = 0 
CCDLc_limit = 831 
rwq = 0 
CCDLc_limit_alone = 831 
WTRc_limit_alone = 0 
RTWc_limit_alone = 0 

Commands details: 
total_CMD = 44350 
n_nop = 44090 
Read = 256 
Write = 0 
L2_Alloc = 0 
L2_WB = 0 
n_act = 4 
n_pre = 0 
n_ref = 0 
n_req = 256 
total_req = 256 

Dual Bus Interface Util: 
issued_total_row = 4 
issued_total_col = 256 
Row_Bus_Util =  0.000090 
CoL_Bus_Util = 0.005772 
Either_Row_CoL_Bus_Util = 0.005862 
Issued_on_Two_Bus_Simul_Util = 0.000000 
issued_two_Eff = 0.000000 
queue_avg = 0.098760 


dram_util_bins: 0 0 0 0 0 0 0 0 0 0
dram_eff_bins: 0 0 0 0 0 0 0 0 0 0
mrqq: max=7 avg=0.0987599
Memory Partition 6: 
Cache L2_bank_012:
MSHR contents

Cache L2_bank_013:
MSHR contents

In Dram Latency Queue (total = 0): 
DRAM[6]: 16 bks, busW=32 BL=2 CL=44, tRRD=11 tCCD=4, tRCD=44 tRAS=104 tRP=44 tRC=147
n_cmd=44350 n_nop=44090 n_act=4 n_pre=0 n_ref_event=0 n_req=256 n_rd=256 n_rd_L2_A=0 n_write=0 n_wr_bk=0 bw_util=0.005772
n_activity=2422 dram_eff=0.1057
bk0: 64a 43952i bk1: 64a 43943i bk2: 64a 43947i bk3: 64a 43899i bk4: 0a 44350i bk5: 0a 44350i bk6: 0a 44350i bk7: 0a 44350i bk8: 0a 44350i bk9: 0a 44350i bk10: 0a 44350i bk11: 0a 44350i bk12: 0a 44350i bk13: 0a 44350i bk14: 0a 44350i bk15: 0a 44350i 

------------------------------------------------------------------------

Row_Buffer_Locality = 0.984375
Row_Buffer_Locality_read = 0.984375
Row_Buffer_Locality_write = -nan
Bank_Level_Parallism = 1.027912
Bank_Level_Parallism_Col = 1.027972
Bank_Level_Parallism_Ready = 1.000000
write_to_read_ratio_blp_rw_average = 0.000000
GrpLevelPara = 1.027972 

BW Util details:
bwutil = 0.005772 
total_CMD = 44350 
util_bw = 1024 
Wasted_Col = 976 
Wasted_Row = 0 
Idle = 42350 

BW Util Bottlenecks: 
RCDc_limit = 170 
RCDWRc_limit = 0 
WTRc_limit = 0 
RTWc_limit = 0 
CCDLc_limit = 810 
rwq = 0 
CCDLc_limit_alone = 810 
WTRc_limit_alone = 0 
RTWc_limit_alone = 0 

Commands details: 
total_CMD = 44350 
n_nop = 44090 
Read = 256 
Write = 0 
L2_Alloc = 0 
L2_WB = 0 
n_act = 4 
n_pre = 0 
n_ref = 0 
n_req = 256 
total_req = 256 

Dual Bus Interface Util: 
issued_total_row = 4 
issued_total_col = 256 
Row_Bus_Util =  0.000090 
CoL_Bus_Util = 0.005772 
Either_Row_CoL_Bus_Util = 0.005862 
Issued_on_Two_Bus_Simul_Util = 0.000000 
issued_two_Eff = 0.000000 
queue_avg = 0.091838 


dram_util_bins: 0 0 0 0 0 0 0 0 0 0
dram_eff_bins: 0 0 0 0 0 0 0 0 0 0
mrqq: max=9 avg=0.0918377
Memory Partition 7: 
Cache L2_bank_014:
MSHR contents

Cache L2_bank_015:
MSHR contents

In Dram Latency Queue (total = 0): 
DRAM[7]: 16 bks, busW=32 BL=2 CL=44, tRRD=11 tCCD=4, tRCD=44 tRAS=104 tRP=44 tRC=147
n_cmd=44350 n_nop=44090 n_act=4 n_pre=0 n_ref_event=0 n_req=256 n_rd=256 n_rd_L2_A=0 n_write=0 n_wr_bk=0 bw_util=0.005772
n_activity=2404 dram_eff=0.1065
bk0: 64a 43949i bk1: 64a 43940i bk2: 64a 43920i bk3: 64a 43899i bk4: 0a 44350i bk5: 0a 44350i bk6: 0a 44350i bk7: 0a 44350i bk8: 0a 44350i bk9: 0a 44350i bk10: 0a 44350i bk11: 0a 44350i bk12: 0a 44350i bk13: 0a 44350i bk14: 0a 44350i bk15: 0a 44350i 

------------------------------------------------------------------------

Row_Buffer_Locality = 0.984375
Row_Buffer_Locality_read = 0.984375
Row_Buffer_Locality_write = -nan
Bank_Level_Parallism = 1.031780
Bank_Level_Parallism_Col = 1.031847
Bank_Level_Parallism_Ready = 1.000000
write_to_read_ratio_blp_rw_average = 0.000000
GrpLevelPara = 1.031847 

BW Util details:
bwutil = 0.005772 
total_CMD = 44350 
util_bw = 1024 
Wasted_Col = 985 
Wasted_Row = 0 
Idle = 42341 

BW Util Bottlenecks: 
RCDc_limit = 163 
RCDWRc_limit = 0 
WTRc_limit = 0 
RTWc_limit = 0 
CCDLc_limit = 830 
rwq = 0 
CCDLc_limit_alone = 830 
WTRc_limit_alone = 0 
RTWc_limit_alone = 0 

Commands details: 
total_CMD = 44350 
n_nop = 44090 
Read = 256 
Write = 0 
L2_Alloc = 0 
L2_WB = 0 
n_act = 4 
n_pre = 0 
n_ref = 0 
n_req = 256 
total_req = 256 

Dual Bus Interface Util: 
issued_total_row = 4 
issued_total_col = 256 
Row_Bus_Util =  0.000090 
CoL_Bus_Util = 0.005772 
Either_Row_CoL_Bus_Util = 0.005862 
Issued_on_Two_Bus_Simul_Util = 0.000000 
issued_two_Eff = 0.000000 
queue_avg = 0.087351 


dram_util_bins: 0 0 0 0 0 0 0 0 0 0
dram_eff_bins: 0 0 0 0 0 0 0 0 0 0
mrqq: max=7 avg=0.0873506
Memory Partition 8: 
Cache L2_bank_016:
MSHR contents

Cache L2_bank_017:
MSHR contents

In Dram Latency Queue (total = 0): 
DRAM[8]: 16 bks, busW=32 BL=2 CL=44, tRRD=11 tCCD=4, tRCD=44 tRAS=104 tRP=44 tRC=147
n_cmd=44350 n_nop=44091 n_act=4 n_pre=0 n_ref_event=0 n_req=256 n_rd=256 n_rd_L2_A=0 n_write=0 n_wr_bk=0 bw_util=0.005772
n_activity=2309 dram_eff=0.1109
bk0: 64a 43891i bk1: 64a 43877i bk2: 64a 43914i bk3: 64a 43903i bk4: 0a 44350i bk5: 0a 44350i bk6: 0a 44350i bk7: 0a 44350i bk8: 0a 44350i bk9: 0a 44350i bk10: 0a 44350i bk11: 0a 44350i bk12: 0a 44350i bk13: 0a 44350i bk14: 0a 44350i bk15: 0a 44350i 

------------------------------------------------------------------------

Row_Buffer_Locality = 0.984375
Row_Buffer_Locality_read = 0.984375
Row_Buffer_Locality_write = -nan
Bank_Level_Parallism = 1.079208
Bank_Level_Parallism_Col = 1.078810
Bank_Level_Parallism_Ready = 1.000000
write_to_read_ratio_blp_rw_average = 0.000000
GrpLevelPara = 1.078810 

BW Util details:
bwutil = 0.005772 
total_CMD = 44350 
util_bw = 1024 
Wasted_Col = 956 
Wasted_Row = 0 
Idle = 42370 

BW Util Bottlenecks: 
RCDc_limit = 144 
RCDWRc_limit = 0 
WTRc_limit = 0 
RTWc_limit = 0 
CCDLc_limit = 837 
rwq = 0 
CCDLc_limit_alone = 837 
WTRc_limit_alone = 0 
RTWc_limit_alone = 0 

Commands details: 
total_CMD = 44350 
n_nop = 44091 
Read = 256 
Write = 0 
L2_Alloc = 0 
L2_WB = 0 
n_act = 4 
n_pre = 0 
n_ref = 0 
n_req = 256 
total_req = 256 

Dual Bus Interface Util: 
issued_total_row = 4 
issued_total_col = 256 
Row_Bus_Util =  0.000090 
CoL_Bus_Util = 0.005772 
Either_Row_CoL_Bus_Util = 0.005840 
Issued_on_Two_Bus_Simul_Util = 0.000023 
issued_two_Eff = 0.003861 
queue_avg = 0.250620 


dram_util_bins: 0 0 0 0 0 0 0 0 0 0
dram_eff_bins: 0 0 0 0 0 0 0 0 0 0
mrqq: max=36 avg=0.25062
Memory Partition 9: 
Cache L2_bank_018:
MSHR contents

Cache L2_bank_019:
MSHR contents

In Dram Latency Queue (total = 0): 
DRAM[9]: 16 bks, busW=32 BL=2 CL=44, tRRD=11 tCCD=4, tRCD=44 tRAS=104 tRP=44 tRC=147
n_cmd=44350 n_nop=44091 n_act=4 n_pre=0 n_ref_event=0 n_req=256 n_rd=256 n_rd_L2_A=0 n_write=0 n_wr_bk=0 bw_util=0.005772
n_activity=2308 dram_eff=0.1109
bk0: 64a 43896i bk1: 64a 43881i bk2: 64a 43898i bk3: 64a 43899i bk4: 0a 44350i bk5: 0a 44350i bk6: 0a 44350i bk7: 0a 44350i bk8: 0a 44350i bk9: 0a 44350i bk10: 0a 44350i bk11: 0a 44350i bk12: 0a 44350i bk13: 0a 44350i bk14: 0a 44350i bk15: 0a 44350i 

------------------------------------------------------------------------

Row_Buffer_Locality = 0.984375
Row_Buffer_Locality_read = 0.984375
Row_Buffer_Locality_write = -nan
Bank_Level_Parallism = 1.078198
Bank_Level_Parallism_Col = 1.077801
Bank_Level_Parallism_Ready = 1.003906
write_to_read_ratio_blp_rw_average = 0.000000
GrpLevelPara = 1.077801 

BW Util details:
bwutil = 0.005772 
total_CMD = 44350 
util_bw = 1024 
Wasted_Col = 966 
Wasted_Row = 0 
Idle = 42360 

BW Util Bottlenecks: 
RCDc_limit = 152 
RCDWRc_limit = 0 
WTRc_limit = 0 
RTWc_limit = 0 
CCDLc_limit = 834 
rwq = 0 
CCDLc_limit_alone = 834 
WTRc_limit_alone = 0 
RTWc_limit_alone = 0 

Commands details: 
total_CMD = 44350 
n_nop = 44091 
Read = 256 
Write = 0 
L2_Alloc = 0 
L2_WB = 0 
n_act = 4 
n_pre = 0 
n_ref = 0 
n_req = 256 
total_req = 256 

Dual Bus Interface Util: 
issued_total_row = 4 
issued_total_col = 256 
Row_Bus_Util =  0.000090 
CoL_Bus_Util = 0.005772 
Either_Row_CoL_Bus_Util = 0.005840 
Issued_on_Two_Bus_Simul_Util = 0.000023 
issued_two_Eff = 0.003861 
queue_avg = 0.264239 


dram_util_bins: 0 0 0 0 0 0 0 0 0 0
dram_eff_bins: 0 0 0 0 0 0 0 0 0 0
mrqq: max=36 avg=0.264239
Memory Partition 10: 
Cache L2_bank_020:
MSHR contents

Cache L2_bank_021:
MSHR contents

In Dram Latency Queue (total = 0): 
DRAM[10]: 16 bks, busW=32 BL=2 CL=44, tRRD=11 tCCD=4, tRCD=44 tRAS=104 tRP=44 tRC=147
n_cmd=44350 n_nop=44090 n_act=4 n_pre=0 n_ref_event=0 n_req=256 n_rd=256 n_rd_L2_A=0 n_write=0 n_wr_bk=0 bw_util=0.005772
n_activity=2410 dram_eff=0.1062
bk0: 64a 43943i bk1: 64a 43911i bk2: 64a 43902i bk3: 64a 43909i bk4: 0a 44350i bk5: 0a 44350i bk6: 0a 44350i bk7: 0a 44350i bk8: 0a 44350i bk9: 0a 44350i bk10: 0a 44350i bk11: 0a 44350i bk12: 0a 44350i bk13: 0a 44350i bk14: 0a 44350i bk15: 0a 44350i 

------------------------------------------------------------------------

Row_Buffer_Locality = 0.984375
Row_Buffer_Locality_read = 0.984375
Row_Buffer_Locality_write = -nan
Bank_Level_Parallism = 1.028409
Bank_Level_Parallism_Col = 1.028468
Bank_Level_Parallism_Ready = 1.000000
write_to_read_ratio_blp_rw_average = 0.000000
GrpLevelPara = 1.028468 

BW Util details:
bwutil = 0.005772 
total_CMD = 44350 
util_bw = 1024 
Wasted_Col = 1013 
Wasted_Row = 0 
Idle = 42313 

BW Util Bottlenecks: 
RCDc_limit = 176 
RCDWRc_limit = 0 
WTRc_limit = 0 
RTWc_limit = 0 
CCDLc_limit = 837 
rwq = 0 
CCDLc_limit_alone = 837 
WTRc_limit_alone = 0 
RTWc_limit_alone = 0 

Commands details: 
total_CMD = 44350 
n_nop = 44090 
Read = 256 
Write = 0 
L2_Alloc = 0 
L2_WB = 0 
n_act = 4 
n_pre = 0 
n_ref = 0 
n_req = 256 
total_req = 256 

Dual Bus Interface Util: 
issued_total_row = 4 
issued_total_col = 256 
Row_Bus_Util =  0.000090 
CoL_Bus_Util = 0.005772 
Either_Row_CoL_Bus_Util = 0.005862 
Issued_on_Two_Bus_Simul_Util = 0.000000 
issued_two_Eff = 0.000000 
queue_avg = 0.131274 


dram_util_bins: 0 0 0 0 0 0 0 0 0 0
dram_eff_bins: 0 0 0 0 0 0 0 0 0 0
mrqq: max=8 avg=0.131274
Memory Partition 11: 
Cache L2_bank_022:
MSHR contents

Cache L2_bank_023:
MSHR contents

In Dram Latency Queue (total = 0): 
DRAM[11]: 16 bks, busW=32 BL=2 CL=44, tRRD=11 tCCD=4, tRCD=44 tRAS=104 tRP=44 tRC=147
n_cmd=44350 n_nop=44090 n_act=4 n_pre=0 n_ref_event=0 n_req=256 n_rd=256 n_rd_L2_A=0 n_write=0 n_wr_bk=0 bw_util=0.005772
n_activity=2403 dram_eff=0.1065
bk0: 64a 43949i bk1: 64a 43906i bk2: 64a 43897i bk3: 64a 43908i bk4: 0a 44350i bk5: 0a 44350i bk6: 0a 44350i bk7: 0a 44350i bk8: 0a 44350i bk9: 0a 44350i bk10: 0a 44350i bk11: 0a 44350i bk12: 0a 44350i bk13: 0a 44350i bk14: 0a 44350i bk15: 0a 44350i 

------------------------------------------------------------------------

Row_Buffer_Locality = 0.984375
Row_Buffer_Locality_read = 0.984375
Row_Buffer_Locality_write = -nan
Bank_Level_Parallism = 1.028336
Bank_Level_Parallism_Col = 1.028394
Bank_Level_Parallism_Ready = 1.000000
write_to_read_ratio_blp_rw_average = 0.000000
GrpLevelPara = 1.028394 

BW Util details:
bwutil = 0.005772 
total_CMD = 44350 
util_bw = 1024 
Wasted_Col = 1015 
Wasted_Row = 0 
Idle = 42311 

BW Util Bottlenecks: 
RCDc_limit = 176 
RCDWRc_limit = 0 
WTRc_limit = 0 
RTWc_limit = 0 
CCDLc_limit = 839 
rwq = 0 
CCDLc_limit_alone = 839 
WTRc_limit_alone = 0 
RTWc_limit_alone = 0 

Commands details: 
total_CMD = 44350 
n_nop = 44090 
Read = 256 
Write = 0 
L2_Alloc = 0 
L2_WB = 0 
n_act = 4 
n_pre = 0 
n_ref = 0 
n_req = 256 
total_req = 256 

Dual Bus Interface Util: 
issued_total_row = 4 
issued_total_col = 256 
Row_Bus_Util =  0.000090 
CoL_Bus_Util = 0.005772 
Either_Row_CoL_Bus_Util = 0.005862 
Issued_on_Two_Bus_Simul_Util = 0.000000 
issued_two_Eff = 0.000000 
queue_avg = 0.128771 


dram_util_bins: 0 0 0 0 0 0 0 0 0 0
dram_eff_bins: 0 0 0 0 0 0 0 0 0 0
mrqq: max=8 avg=0.128771
Memory Partition 12: 
Cache L2_bank_024:
MSHR contents

Cache L2_bank_025:
MSHR contents

In Dram Latency Queue (total = 0): 
DRAM[12]: 16 bks, busW=32 BL=2 CL=44, tRRD=11 tCCD=4, tRCD=44 tRAS=104 tRP=44 tRC=147
n_cmd=44350 n_nop=44090 n_act=4 n_pre=0 n_ref_event=0 n_req=256 n_rd=256 n_rd_L2_A=0 n_write=0 n_wr_bk=0 bw_util=0.005772
n_activity=2425 dram_eff=0.1056
bk0: 64a 43935i bk1: 64a 43943i bk2: 64a 43924i bk3: 64a 43902i bk4: 0a 44350i bk5: 0a 44350i bk6: 0a 44350i bk7: 0a 44350i bk8: 0a 44350i bk9: 0a 44350i bk10: 0a 44350i bk11: 0a 44350i bk12: 0a 44350i bk13: 0a 44350i bk14: 0a 44350i bk15: 0a 44350i 

------------------------------------------------------------------------

Row_Buffer_Locality = 0.984375
Row_Buffer_Locality_read = 0.984375
Row_Buffer_Locality_write = -nan
Bank_Level_Parallism = 1.027368
Bank_Level_Parallism_Col = 1.027426
Bank_Level_Parallism_Ready = 1.000000
write_to_read_ratio_blp_rw_average = 0.000000
GrpLevelPara = 1.027426 

BW Util details:
bwutil = 0.005772 
total_CMD = 44350 
util_bw = 1024 
Wasted_Col = 1012 
Wasted_Row = 0 
Idle = 42314 

BW Util Bottlenecks: 
RCDc_limit = 169 
RCDWRc_limit = 0 
WTRc_limit = 0 
RTWc_limit = 0 
CCDLc_limit = 847 
rwq = 0 
CCDLc_limit_alone = 847 
WTRc_limit_alone = 0 
RTWc_limit_alone = 0 

Commands details: 
total_CMD = 44350 
n_nop = 44090 
Read = 256 
Write = 0 
L2_Alloc = 0 
L2_WB = 0 
n_act = 4 
n_pre = 0 
n_ref = 0 
n_req = 256 
total_req = 256 

Dual Bus Interface Util: 
issued_total_row = 4 
issued_total_col = 256 
Row_Bus_Util =  0.000090 
CoL_Bus_Util = 0.005772 
Either_Row_CoL_Bus_Util = 0.005862 
Issued_on_Two_Bus_Simul_Util = 0.000000 
issued_two_Eff = 0.000000 
queue_avg = 0.093439 


dram_util_bins: 0 0 0 0 0 0 0 0 0 0
dram_eff_bins: 0 0 0 0 0 0 0 0 0 0
mrqq: max=7 avg=0.0934386
Memory Partition 13: 
Cache L2_bank_026:
MSHR contents

Cache L2_bank_027:
MSHR contents

In Dram Latency Queue (total = 0): 
DRAM[13]: 16 bks, busW=32 BL=2 CL=44, tRRD=11 tCCD=4, tRCD=44 tRAS=104 tRP=44 tRC=147
n_cmd=44350 n_nop=44090 n_act=4 n_pre=0 n_ref_event=0 n_req=256 n_rd=256 n_rd_L2_A=0 n_write=0 n_wr_bk=0 bw_util=0.005772
n_activity=2419 dram_eff=0.1058
bk0: 64a 43945i bk1: 64a 43965i bk2: 64a 43923i bk3: 64a 43902i bk4: 0a 44350i bk5: 0a 44350i bk6: 0a 44350i bk7: 0a 44350i bk8: 0a 44350i bk9: 0a 44350i bk10: 0a 44350i bk11: 0a 44350i bk12: 0a 44350i bk13: 0a 44350i bk14: 0a 44350i bk15: 0a 44350i 

------------------------------------------------------------------------

Row_Buffer_Locality = 0.984375
Row_Buffer_Locality_read = 0.984375
Row_Buffer_Locality_write = -nan
Bank_Level_Parallism = 1.028373
Bank_Level_Parallism_Col = 1.028433
Bank_Level_Parallism_Ready = 1.000000
write_to_read_ratio_blp_rw_average = 0.000000
GrpLevelPara = 1.028433 

BW Util details:
bwutil = 0.005772 
total_CMD = 44350 
util_bw = 1024 
Wasted_Col = 979 
Wasted_Row = 0 
Idle = 42347 

BW Util Bottlenecks: 
RCDc_limit = 169 
RCDWRc_limit = 0 
WTRc_limit = 0 
RTWc_limit = 0 
CCDLc_limit = 814 
rwq = 0 
CCDLc_limit_alone = 814 
WTRc_limit_alone = 0 
RTWc_limit_alone = 0 

Commands details: 
total_CMD = 44350 
n_nop = 44090 
Read = 256 
Write = 0 
L2_Alloc = 0 
L2_WB = 0 
n_act = 4 
n_pre = 0 
n_ref = 0 
n_req = 256 
total_req = 256 

Dual Bus Interface Util: 
issued_total_row = 4 
issued_total_col = 256 
Row_Bus_Util =  0.000090 
CoL_Bus_Util = 0.005772 
Either_Row_CoL_Bus_Util = 0.005862 
Issued_on_Two_Bus_Simul_Util = 0.000000 
issued_two_Eff = 0.000000 
queue_avg = 0.089989 


dram_util_bins: 0 0 0 0 0 0 0 0 0 0
dram_eff_bins: 0 0 0 0 0 0 0 0 0 0
mrqq: max=7 avg=0.0899887
Memory Partition 14: 
Cache L2_bank_028:
MSHR contents

Cache L2_bank_029:
MSHR contents

In Dram Latency Queue (total = 0): 
DRAM[14]: 16 bks, busW=32 BL=2 CL=44, tRRD=11 tCCD=4, tRCD=44 tRAS=104 tRP=44 tRC=147
n_cmd=44350 n_nop=44090 n_act=4 n_pre=0 n_ref_event=0 n_req=256 n_rd=256 n_rd_L2_A=0 n_write=0 n_wr_bk=0 bw_util=0.005772
n_activity=2431 dram_eff=0.1053
bk0: 64a 43947i bk1: 64a 43921i bk2: 64a 43911i bk3: 64a 43892i bk4: 0a 44350i bk5: 0a 44350i bk6: 0a 44350i bk7: 0a 44350i bk8: 0a 44350i bk9: 0a 44350i bk10: 0a 44350i bk11: 0a 44350i bk12: 0a 44350i bk13: 0a 44350i bk14: 0a 44350i bk15: 0a 44350i 

------------------------------------------------------------------------

Row_Buffer_Locality = 0.984375
Row_Buffer_Locality_read = 0.984375
Row_Buffer_Locality_write = -nan
Bank_Level_Parallism = 1.031705
Bank_Level_Parallism_Col = 1.031771
Bank_Level_Parallism_Ready = 1.003906
write_to_read_ratio_blp_rw_average = 0.000000
GrpLevelPara = 1.031771 

BW Util details:
bwutil = 0.005772 
total_CMD = 44350 
util_bw = 1024 
Wasted_Col = 1008 
Wasted_Row = 0 
Idle = 42318 

BW Util Bottlenecks: 
RCDc_limit = 176 
RCDWRc_limit = 0 
WTRc_limit = 0 
RTWc_limit = 0 
CCDLc_limit = 832 
rwq = 0 
CCDLc_limit_alone = 832 
WTRc_limit_alone = 0 
RTWc_limit_alone = 0 

Commands details: 
total_CMD = 44350 
n_nop = 44090 
Read = 256 
Write = 0 
L2_Alloc = 0 
L2_WB = 0 
n_act = 4 
n_pre = 0 
n_ref = 0 
n_req = 256 
total_req = 256 

Dual Bus Interface Util: 
issued_total_row = 4 
issued_total_col = 256 
Row_Bus_Util =  0.000090 
CoL_Bus_Util = 0.005772 
Either_Row_CoL_Bus_Util = 0.005862 
Issued_on_Two_Bus_Simul_Util = 0.000000 
issued_two_Eff = 0.000000 
queue_avg = 0.102052 


dram_util_bins: 0 0 0 0 0 0 0 0 0 0
dram_eff_bins: 0 0 0 0 0 0 0 0 0 0
mrqq: max=8 avg=0.102052
Memory Partition 15: 
Cache L2_bank_030:
MSHR contents

Cache L2_bank_031:
MSHR contents

In Dram Latency Queue (total = 0): 
DRAM[15]: 16 bks, busW=32 BL=2 CL=44, tRRD=11 tCCD=4, tRCD=44 tRAS=104 tRP=44 tRC=147
n_cmd=44350 n_nop=44090 n_act=4 n_pre=0 n_ref_event=0 n_req=256 n_rd=256 n_rd_L2_A=0 n_write=0 n_wr_bk=0 bw_util=0.005772
n_activity=2408 dram_eff=0.1063
bk0: 64a 43944i bk1: 64a 43952i bk2: 64a 43915i bk3: 64a 43891i bk4: 0a 44350i bk5: 0a 44350i bk6: 0a 44350i bk7: 0a 44350i bk8: 0a 44350i bk9: 0a 44350i bk10: 0a 44350i bk11: 0a 44350i bk12: 0a 44350i bk13: 0a 44350i bk14: 0a 44350i bk15: 0a 44350i 

------------------------------------------------------------------------

Row_Buffer_Locality = 0.984375
Row_Buffer_Locality_read = 0.984375
Row_Buffer_Locality_write = -nan
Bank_Level_Parallism = 1.027880
Bank_Level_Parallism_Col = 1.027939
Bank_Level_Parallism_Ready = 1.000000
write_to_read_ratio_blp_rw_average = 0.000000
GrpLevelPara = 1.027939 

BW Util details:
bwutil = 0.005772 
total_CMD = 44350 
util_bw = 1024 
Wasted_Col = 1000 
Wasted_Row = 0 
Idle = 42326 

BW Util Bottlenecks: 
RCDc_limit = 168 
RCDWRc_limit = 0 
WTRc_limit = 0 
RTWc_limit = 0 
CCDLc_limit = 837 
rwq = 0 
CCDLc_limit_alone = 837 
WTRc_limit_alone = 0 
RTWc_limit_alone = 0 

Commands details: 
total_CMD = 44350 
n_nop = 44090 
Read = 256 
Write = 0 
L2_Alloc = 0 
L2_WB = 0 
n_act = 4 
n_pre = 0 
n_ref = 0 
n_req = 256 
total_req = 256 

Dual Bus Interface Util: 
issued_total_row = 4 
issued_total_col = 256 
Row_Bus_Util =  0.000090 
CoL_Bus_Util = 0.005772 
Either_Row_CoL_Bus_Util = 0.005862 
Issued_on_Two_Bus_Simul_Util = 0.000000 
issued_two_Eff = 0.000000 
queue_avg = 0.086900 


dram_util_bins: 0 0 0 0 0 0 0 0 0 0
dram_eff_bins: 0 0 0 0 0 0 0 0 0 0
mrqq: max=7 avg=0.0868997
Memory Partition 16: 
Cache L2_bank_032:
MSHR contents

Cache L2_bank_033:
MSHR contents

In Dram Latency Queue (total = 0): 
DRAM[16]: 16 bks, busW=32 BL=2 CL=44, tRRD=11 tCCD=4, tRCD=44 tRAS=104 tRP=44 tRC=147
n_cmd=44350 n_nop=44091 n_act=4 n_pre=0 n_ref_event=0 n_req=256 n_rd=256 n_rd_L2_A=0 n_write=0 n_wr_bk=0 bw_util=0.005772
n_activity=2318 dram_eff=0.1104
bk0: 64a 43880i bk1: 64a 43920i bk2: 64a 43899i bk3: 64a 43915i bk4: 0a 44350i bk5: 0a 44350i bk6: 0a 44350i bk7: 0a 44350i bk8: 0a 44350i bk9: 0a 44350i bk10: 0a 44350i bk11: 0a 44350i bk12: 0a 44350i bk13: 0a 44350i bk14: 0a 44350i bk15: 0a 44350i 

------------------------------------------------------------------------

Row_Buffer_Locality = 0.984375
Row_Buffer_Locality_read = 0.984375
Row_Buffer_Locality_write = -nan
Bank_Level_Parallism = 1.082715
Bank_Level_Parallism_Col = 1.082315
Bank_Level_Parallism_Ready = 1.000000
write_to_read_ratio_blp_rw_average = 0.000000
GrpLevelPara = 1.082315 

BW Util details:
bwutil = 0.005772 
total_CMD = 44350 
util_bw = 1024 
Wasted_Col = 940 
Wasted_Row = 0 
Idle = 42386 

BW Util Bottlenecks: 
RCDc_limit = 152 
RCDWRc_limit = 0 
WTRc_limit = 0 
RTWc_limit = 0 
CCDLc_limit = 808 
rwq = 0 
CCDLc_limit_alone = 808 
WTRc_limit_alone = 0 
RTWc_limit_alone = 0 

Commands details: 
total_CMD = 44350 
n_nop = 44091 
Read = 256 
Write = 0 
L2_Alloc = 0 
L2_WB = 0 
n_act = 4 
n_pre = 0 
n_ref = 0 
n_req = 256 
total_req = 256 

Dual Bus Interface Util: 
issued_total_row = 4 
issued_total_col = 256 
Row_Bus_Util =  0.000090 
CoL_Bus_Util = 0.005772 
Either_Row_CoL_Bus_Util = 0.005840 
Issued_on_Two_Bus_Simul_Util = 0.000023 
issued_two_Eff = 0.003861 
queue_avg = 0.254679 


dram_util_bins: 0 0 0 0 0 0 0 0 0 0
dram_eff_bins: 0 0 0 0 0 0 0 0 0 0
mrqq: max=36 avg=0.254679
Memory Partition 17: 
Cache L2_bank_034:
MSHR contents

Cache L2_bank_035:
MSHR contents

In Dram Latency Queue (total = 0): 
DRAM[17]: 16 bks, busW=32 BL=2 CL=44, tRRD=11 tCCD=4, tRCD=44 tRAS=104 tRP=44 tRC=147
n_cmd=44350 n_nop=44090 n_act=4 n_pre=0 n_ref_event=0 n_req=256 n_rd=256 n_rd_L2_A=0 n_write=0 n_wr_bk=0 bw_util=0.005772
n_activity=2284 dram_eff=0.1121
bk0: 64a 43875i bk1: 64a 43917i bk2: 64a 43900i bk3: 64a 43913i bk4: 0a 44350i bk5: 0a 44350i bk6: 0a 44350i bk7: 0a 44350i bk8: 0a 44350i bk9: 0a 44350i bk10: 0a 44350i bk11: 0a 44350i bk12: 0a 44350i bk13: 0a 44350i bk14: 0a 44350i bk15: 0a 44350i 

------------------------------------------------------------------------

Row_Buffer_Locality = 0.984375
Row_Buffer_Locality_read = 0.984375
Row_Buffer_Locality_write = -nan
Bank_Level_Parallism = 1.085185
Bank_Level_Parallism_Col = 1.084791
Bank_Level_Parallism_Ready = 1.000000
write_to_read_ratio_blp_rw_average = 0.000000
GrpLevelPara = 1.084791 

BW Util details:
bwutil = 0.005772 
total_CMD = 44350 
util_bw = 1024 
Wasted_Col = 941 
Wasted_Row = 0 
Idle = 42385 

BW Util Bottlenecks: 
RCDc_limit = 154 
RCDWRc_limit = 0 
WTRc_limit = 0 
RTWc_limit = 0 
CCDLc_limit = 809 
rwq = 0 
CCDLc_limit_alone = 809 
WTRc_limit_alone = 0 
RTWc_limit_alone = 0 

Commands details: 
total_CMD = 44350 
n_nop = 44090 
Read = 256 
Write = 0 
L2_Alloc = 0 
L2_WB = 0 
n_act = 4 
n_pre = 0 
n_ref = 0 
n_req = 256 
total_req = 256 

Dual Bus Interface Util: 
issued_total_row = 4 
issued_total_col = 256 
Row_Bus_Util =  0.000090 
CoL_Bus_Util = 0.005772 
Either_Row_CoL_Bus_Util = 0.005862 
Issued_on_Two_Bus_Simul_Util = 0.000000 
issued_two_Eff = 0.000000 
queue_avg = 0.249267 


dram_util_bins: 0 0 0 0 0 0 0 0 0 0
dram_eff_bins: 0 0 0 0 0 0 0 0 0 0
mrqq: max=36 avg=0.249267
Memory Partition 18: 
Cache L2_bank_036:
MSHR contents

Cache L2_bank_037:
MSHR contents

In Dram Latency Queue (total = 0): 
DRAM[18]: 16 bks, busW=32 BL=2 CL=44, tRRD=11 tCCD=4, tRCD=44 tRAS=104 tRP=44 tRC=147
n_cmd=44350 n_nop=44090 n_act=4 n_pre=0 n_ref_event=0 n_req=256 n_rd=256 n_rd_L2_A=0 n_write=0 n_wr_bk=0 bw_util=0.005772
n_activity=2406 dram_eff=0.1064
bk0: 64a 43911i bk1: 64a 43962i bk2: 64a 43906i bk3: 64a 43908i bk4: 0a 44350i bk5: 0a 44350i bk6: 0a 44350i bk7: 0a 44350i bk8: 0a 44350i bk9: 0a 44350i bk10: 0a 44350i bk11: 0a 44350i bk12: 0a 44350i bk13: 0a 44350i bk14: 0a 44350i bk15: 0a 44350i 

------------------------------------------------------------------------

Row_Buffer_Locality = 0.984375
Row_Buffer_Locality_read = 0.984375
Row_Buffer_Locality_write = -nan
Bank_Level_Parallism = 1.029812
Bank_Level_Parallism_Col = 1.029874
Bank_Level_Parallism_Ready = 1.000000
write_to_read_ratio_blp_rw_average = 0.000000
GrpLevelPara = 1.029874 

BW Util details:
bwutil = 0.005772 
total_CMD = 44350 
util_bw = 1024 
Wasted_Col = 994 
Wasted_Row = 0 
Idle = 42332 

BW Util Bottlenecks: 
RCDc_limit = 169 
RCDWRc_limit = 0 
WTRc_limit = 0 
RTWc_limit = 0 
CCDLc_limit = 829 
rwq = 0 
CCDLc_limit_alone = 829 
WTRc_limit_alone = 0 
RTWc_limit_alone = 0 

Commands details: 
total_CMD = 44350 
n_nop = 44090 
Read = 256 
Write = 0 
L2_Alloc = 0 
L2_WB = 0 
n_act = 4 
n_pre = 0 
n_ref = 0 
n_req = 256 
total_req = 256 

Dual Bus Interface Util: 
issued_total_row = 4 
issued_total_col = 256 
Row_Bus_Util =  0.000090 
CoL_Bus_Util = 0.005772 
Either_Row_CoL_Bus_Util = 0.005862 
Issued_on_Two_Bus_Simul_Util = 0.000000 
issued_two_Eff = 0.000000 
queue_avg = 0.119346 


dram_util_bins: 0 0 0 0 0 0 0 0 0 0
dram_eff_bins: 0 0 0 0 0 0 0 0 0 0
mrqq: max=8 avg=0.119346
Memory Partition 19: 
Cache L2_bank_038:
MSHR contents

Cache L2_bank_039:
MSHR contents

In Dram Latency Queue (total = 0): 
DRAM[19]: 16 bks, busW=32 BL=2 CL=44, tRRD=11 tCCD=4, tRCD=44 tRAS=104 tRP=44 tRC=147
n_cmd=44350 n_nop=44090 n_act=4 n_pre=0 n_ref_event=0 n_req=256 n_rd=256 n_rd_L2_A=0 n_write=0 n_wr_bk=0 bw_util=0.005772
n_activity=2396 dram_eff=0.1068
bk0: 64a 43909i bk1: 64a 43958i bk2: 64a 43912i bk3: 64a 43909i bk4: 0a 44350i bk5: 0a 44350i bk6: 0a 44350i bk7: 0a 44350i bk8: 0a 44350i bk9: 0a 44350i bk10: 0a 44350i bk11: 0a 44350i bk12: 0a 44350i bk13: 0a 44350i bk14: 0a 44350i bk15: 0a 44350i 

------------------------------------------------------------------------

Row_Buffer_Locality = 0.984375
Row_Buffer_Locality_read = 0.984375
Row_Buffer_Locality_write = -nan
Bank_Level_Parallism = 1.031447
Bank_Level_Parallism_Col = 1.031513
Bank_Level_Parallism_Ready = 1.000000
write_to_read_ratio_blp_rw_average = 0.000000
GrpLevelPara = 1.031513 

BW Util details:
bwutil = 0.005772 
total_CMD = 44350 
util_bw = 1024 
Wasted_Col = 994 
Wasted_Row = 0 
Idle = 42332 

BW Util Bottlenecks: 
RCDc_limit = 169 
RCDWRc_limit = 0 
WTRc_limit = 0 
RTWc_limit = 0 
CCDLc_limit = 829 
rwq = 0 
CCDLc_limit_alone = 829 
WTRc_limit_alone = 0 
RTWc_limit_alone = 0 

Commands details: 
total_CMD = 44350 
n_nop = 44090 
Read = 256 
Write = 0 
L2_Alloc = 0 
L2_WB = 0 
n_act = 4 
n_pre = 0 
n_ref = 0 
n_req = 256 
total_req = 256 

Dual Bus Interface Util: 
issued_total_row = 4 
issued_total_col = 256 
Row_Bus_Util =  0.000090 
CoL_Bus_Util = 0.005772 
Either_Row_CoL_Bus_Util = 0.005862 
Issued_on_Two_Bus_Simul_Util = 0.000000 
issued_two_Eff = 0.000000 
queue_avg = 0.121511 


dram_util_bins: 0 0 0 0 0 0 0 0 0 0
dram_eff_bins: 0 0 0 0 0 0 0 0 0 0
mrqq: max=8 avg=0.121511
Memory Partition 20: 
Cache L2_bank_040:
MSHR contents

Cache L2_bank_041:
MSHR contents

In Dram Latency Queue (total = 0): 
DRAM[20]: 16 bks, busW=32 BL=2 CL=44, tRRD=11 tCCD=4, tRCD=44 tRAS=104 tRP=44 tRC=147
n_cmd=44350 n_nop=44090 n_act=4 n_pre=0 n_ref_event=0 n_req=256 n_rd=256 n_rd_L2_A=0 n_write=0 n_wr_bk=0 bw_util=0.005772
n_activity=2422 dram_eff=0.1057
bk0: 64a 43949i bk1: 64a 43954i bk2: 64a 43902i bk3: 64a 43902i bk4: 0a 44350i bk5: 0a 44350i bk6: 0a 44350i bk7: 0a 44350i bk8: 0a 44350i bk9: 0a 44350i bk10: 0a 44350i bk11: 0a 44350i bk12: 0a 44350i bk13: 0a 44350i bk14: 0a 44350i bk15: 0a 44350i 

------------------------------------------------------------------------

Row_Buffer_Locality = 0.984375
Row_Buffer_Locality_read = 0.984375
Row_Buffer_Locality_write = -nan
Bank_Level_Parallism = 1.028496
Bank_Level_Parallism_Col = 1.028556
Bank_Level_Parallism_Ready = 1.000000
write_to_read_ratio_blp_rw_average = 0.000000
GrpLevelPara = 1.028556 

BW Util details:
bwutil = 0.005772 
total_CMD = 44350 
util_bw = 1024 
Wasted_Col = 995 
Wasted_Row = 0 
Idle = 42331 

BW Util Bottlenecks: 
RCDc_limit = 176 
RCDWRc_limit = 0 
WTRc_limit = 0 
RTWc_limit = 0 
CCDLc_limit = 819 
rwq = 0 
CCDLc_limit_alone = 819 
WTRc_limit_alone = 0 
RTWc_limit_alone = 0 

Commands details: 
total_CMD = 44350 
n_nop = 44090 
Read = 256 
Write = 0 
L2_Alloc = 0 
L2_WB = 0 
n_act = 4 
n_pre = 0 
n_ref = 0 
n_req = 256 
total_req = 256 

Dual Bus Interface Util: 
issued_total_row = 4 
issued_total_col = 256 
Row_Bus_Util =  0.000090 
CoL_Bus_Util = 0.005772 
Either_Row_CoL_Bus_Util = 0.005862 
Issued_on_Two_Bus_Simul_Util = 0.000000 
issued_two_Eff = 0.000000 
queue_avg = 0.107734 


dram_util_bins: 0 0 0 0 0 0 0 0 0 0
dram_eff_bins: 0 0 0 0 0 0 0 0 0 0
mrqq: max=7 avg=0.107734
Memory Partition 21: 
Cache L2_bank_042:
MSHR contents

Cache L2_bank_043:
MSHR contents

In Dram Latency Queue (total = 0): 
DRAM[21]: 16 bks, busW=32 BL=2 CL=44, tRRD=11 tCCD=4, tRCD=44 tRAS=104 tRP=44 tRC=147
n_cmd=44350 n_nop=44090 n_act=4 n_pre=0 n_ref_event=0 n_req=256 n_rd=256 n_rd_L2_A=0 n_write=0 n_wr_bk=0 bw_util=0.005772
n_activity=2406 dram_eff=0.1064
bk0: 64a 43956i bk1: 64a 43951i bk2: 64a 43899i bk3: 64a 43902i bk4: 0a 44350i bk5: 0a 44350i bk6: 0a 44350i bk7: 0a 44350i bk8: 0a 44350i bk9: 0a 44350i bk10: 0a 44350i bk11: 0a 44350i bk12: 0a 44350i bk13: 0a 44350i bk14: 0a 44350i bk15: 0a 44350i 

------------------------------------------------------------------------

Row_Buffer_Locality = 0.984375
Row_Buffer_Locality_read = 0.984375
Row_Buffer_Locality_write = -nan
Bank_Level_Parallism = 1.027968
Bank_Level_Parallism_Col = 1.028028
Bank_Level_Parallism_Ready = 1.000000
write_to_read_ratio_blp_rw_average = 0.000000
GrpLevelPara = 1.028028 

BW Util details:
bwutil = 0.005772 
total_CMD = 44350 
util_bw = 1024 
Wasted_Col = 993 
Wasted_Row = 0 
Idle = 42333 

BW Util Bottlenecks: 
RCDc_limit = 176 
RCDWRc_limit = 0 
WTRc_limit = 0 
RTWc_limit = 0 
CCDLc_limit = 817 
rwq = 0 
CCDLc_limit_alone = 817 
WTRc_limit_alone = 0 
RTWc_limit_alone = 0 

Commands details: 
total_CMD = 44350 
n_nop = 44090 
Read = 256 
Write = 0 
L2_Alloc = 0 
L2_WB = 0 
n_act = 4 
n_pre = 0 
n_ref = 0 
n_req = 256 
total_req = 256 

Dual Bus Interface Util: 
issued_total_row = 4 
issued_total_col = 256 
Row_Bus_Util =  0.000090 
CoL_Bus_Util = 0.005772 
Either_Row_CoL_Bus_Util = 0.005862 
Issued_on_Two_Bus_Simul_Util = 0.000000 
issued_two_Eff = 0.000000 
queue_avg = 0.107035 


dram_util_bins: 0 0 0 0 0 0 0 0 0 0
dram_eff_bins: 0 0 0 0 0 0 0 0 0 0
mrqq: max=7 avg=0.107035
Memory Partition 22: 
Cache L2_bank_044:
MSHR contents

Cache L2_bank_045:
MSHR contents

In Dram Latency Queue (total = 0): 
DRAM[22]: 16 bks, busW=32 BL=2 CL=44, tRRD=11 tCCD=4, tRCD=44 tRAS=104 tRP=44 tRC=147
n_cmd=44350 n_nop=44090 n_act=4 n_pre=0 n_ref_event=0 n_req=256 n_rd=256 n_rd_L2_A=0 n_write=0 n_wr_bk=0 bw_util=0.005772
n_activity=2415 dram_eff=0.106
bk0: 64a 43907i bk1: 64a 43946i bk2: 64a 43902i bk3: 64a 43901i bk4: 0a 44350i bk5: 0a 44350i bk6: 0a 44350i bk7: 0a 44350i bk8: 0a 44350i bk9: 0a 44350i bk10: 0a 44350i bk11: 0a 44350i bk12: 0a 44350i bk13: 0a 44350i bk14: 0a 44350i bk15: 0a 44350i 

------------------------------------------------------------------------

Row_Buffer_Locality = 0.984375
Row_Buffer_Locality_read = 0.984375
Row_Buffer_Locality_write = -nan
Bank_Level_Parallism = 1.027749
Bank_Level_Parallism_Col = 1.027806
Bank_Level_Parallism_Ready = 1.000000
write_to_read_ratio_blp_rw_average = 0.000000
GrpLevelPara = 1.027806 

BW Util details:
bwutil = 0.005772 
total_CMD = 44350 
util_bw = 1024 
Wasted_Col = 1023 
Wasted_Row = 0 
Idle = 42303 

BW Util Bottlenecks: 
RCDc_limit = 168 
RCDWRc_limit = 0 
WTRc_limit = 0 
RTWc_limit = 0 
CCDLc_limit = 860 
rwq = 0 
CCDLc_limit_alone = 860 
WTRc_limit_alone = 0 
RTWc_limit_alone = 0 

Commands details: 
total_CMD = 44350 
n_nop = 44090 
Read = 256 
Write = 0 
L2_Alloc = 0 
L2_WB = 0 
n_act = 4 
n_pre = 0 
n_ref = 0 
n_req = 256 
total_req = 256 

Dual Bus Interface Util: 
issued_total_row = 4 
issued_total_col = 256 
Row_Bus_Util =  0.000090 
CoL_Bus_Util = 0.005772 
Either_Row_CoL_Bus_Util = 0.005862 
Issued_on_Two_Bus_Simul_Util = 0.000000 
issued_two_Eff = 0.000000 
queue_avg = 0.099526 


dram_util_bins: 0 0 0 0 0 0 0 0 0 0
dram_eff_bins: 0 0 0 0 0 0 0 0 0 0
mrqq: max=7 avg=0.0995265
Memory Partition 23: 
Cache L2_bank_046:
MSHR contents

Cache L2_bank_047:
MSHR contents

In Dram Latency Queue (total = 0): 
DRAM[23]: 16 bks, busW=32 BL=2 CL=44, tRRD=11 tCCD=4, tRCD=44 tRAS=104 tRP=44 tRC=147
n_cmd=44350 n_nop=44090 n_act=4 n_pre=0 n_ref_event=0 n_req=256 n_rd=256 n_rd_L2_A=0 n_write=0 n_wr_bk=0 bw_util=0.005772
n_activity=2404 dram_eff=0.1065
bk0: 64a 43908i bk1: 64a 43940i bk2: 64a 43901i bk3: 64a 43910i bk4: 0a 44350i bk5: 0a 44350i bk6: 0a 44350i bk7: 0a 44350i bk8: 0a 44350i bk9: 0a 44350i bk10: 0a 44350i bk11: 0a 44350i bk12: 0a 44350i bk13: 0a 44350i bk14: 0a 44350i bk15: 0a 44350i 

------------------------------------------------------------------------

Row_Buffer_Locality = 0.984375
Row_Buffer_Locality_read = 0.984375
Row_Buffer_Locality_write = -nan
Bank_Level_Parallism = 1.029381
Bank_Level_Parallism_Col = 1.029442
Bank_Level_Parallism_Ready = 1.000000
write_to_read_ratio_blp_rw_average = 0.000000
GrpLevelPara = 1.029442 

BW Util details:
bwutil = 0.005772 
total_CMD = 44350 
util_bw = 1024 
Wasted_Col = 1023 
Wasted_Row = 0 
Idle = 42303 

BW Util Bottlenecks: 
RCDc_limit = 171 
RCDWRc_limit = 0 
WTRc_limit = 0 
RTWc_limit = 0 
CCDLc_limit = 856 
rwq = 0 
CCDLc_limit_alone = 856 
WTRc_limit_alone = 0 
RTWc_limit_alone = 0 

Commands details: 
total_CMD = 44350 
n_nop = 44090 
Read = 256 
Write = 0 
L2_Alloc = 0 
L2_WB = 0 
n_act = 4 
n_pre = 0 
n_ref = 0 
n_req = 256 
total_req = 256 

Dual Bus Interface Util: 
issued_total_row = 4 
issued_total_col = 256 
Row_Bus_Util =  0.000090 
CoL_Bus_Util = 0.005772 
Either_Row_CoL_Bus_Util = 0.005862 
Issued_on_Two_Bus_Simul_Util = 0.000000 
issued_two_Eff = 0.000000 
queue_avg = 0.096212 


dram_util_bins: 0 0 0 0 0 0 0 0 0 0
dram_eff_bins: 0 0 0 0 0 0 0 0 0 0
mrqq: max=7 avg=0.0962119

========= L2 cache stats =========
L2_cache_bank[0]: Access = 176, Miss = 176, Miss_rate = 1.000, Pending_hits = 0, Reservation_fails = 0
L2_cache_bank[1]: Access = 168, Miss = 168, Miss_rate = 1.000, Pending_hits = 0, Reservation_fails = 0
L2_cache_bank[2]: Access = 176, Miss = 176, Miss_rate = 1.000, Pending_hits = 0, Reservation_fails = 0
L2_cache_bank[3]: Access = 168, Miss = 168, Miss_rate = 1.000, Pending_hits = 0, Reservation_fails = 0
L2_cache_bank[4]: Access = 176, Miss = 176, Miss_rate = 1.000, Pending_hits = 0, Reservation_fails = 0
L2_cache_bank[5]: Access = 168, Miss = 168, Miss_rate = 1.000, Pending_hits = 0, Reservation_fails = 0
L2_cache_bank[6]: Access = 176, Miss = 176, Miss_rate = 1.000, Pending_hits = 0, Reservation_fails = 0
L2_cache_bank[7]: Access = 168, Miss = 168, Miss_rate = 1.000, Pending_hits = 0, Reservation_fails = 0
L2_cache_bank[8]: Access = 176, Miss = 176, Miss_rate = 1.000, Pending_hits = 0, Reservation_fails = 0
L2_cache_bank[9]: Access = 168, Miss = 168, Miss_rate = 1.000, Pending_hits = 0, Reservation_fails = 0
L2_cache_bank[10]: Access = 176, Miss = 176, Miss_rate = 1.000, Pending_hits = 0, Reservation_fails = 0
L2_cache_bank[11]: Access = 168, Miss = 168, Miss_rate = 1.000, Pending_hits = 0, Reservation_fails = 0
L2_cache_bank[12]: Access = 176, Miss = 176, Miss_rate = 1.000, Pending_hits = 0, Reservation_fails = 0
L2_cache_bank[13]: Access = 168, Miss = 168, Miss_rate = 1.000, Pending_hits = 0, Reservation_fails = 0
L2_cache_bank[14]: Access = 176, Miss = 176, Miss_rate = 1.000, Pending_hits = 0, Reservation_fails = 0
L2_cache_bank[15]: Access = 168, Miss = 168, Miss_rate = 1.000, Pending_hits = 0, Reservation_fails = 0
L2_cache_bank[16]: Access = 176, Miss = 176, Miss_rate = 1.000, Pending_hits = 0, Reservation_fails = 0
L2_cache_bank[17]: Access = 168, Miss = 168, Miss_rate = 1.000, Pending_hits = 0, Reservation_fails = 0
L2_cache_bank[18]: Access = 176, Miss = 176, Miss_rate = 1.000, Pending_hits = 0, Reservation_fails = 0
L2_cache_bank[19]: Access = 168, Miss = 168, Miss_rate = 1.000, Pending_hits = 0, Reservation_fails = 0
L2_cache_bank[20]: Access = 176, Miss = 176, Miss_rate = 1.000, Pending_hits = 0, Reservation_fails = 0
L2_cache_bank[21]: Access = 168, Miss = 168, Miss_rate = 1.000, Pending_hits = 0, Reservation_fails = 0
L2_cache_bank[22]: Access = 176, Miss = 176, Miss_rate = 1.000, Pending_hits = 0, Reservation_fails = 0
L2_cache_bank[23]: Access = 168, Miss = 168, Miss_rate = 1.000, Pending_hits = 0, Reservation_fails = 0
L2_cache_bank[24]: Access = 176, Miss = 176, Miss_rate = 1.000, Pending_hits = 0, Reservation_fails = 0
L2_cache_bank[25]: Access = 168, Miss = 168, Miss_rate = 1.000, Pending_hits = 0, Reservation_fails = 0
L2_cache_bank[26]: Access = 176, Miss = 176, Miss_rate = 1.000, Pending_hits = 0, Reservation_fails = 0
L2_cache_bank[27]: Access = 168, Miss = 168, Miss_rate = 1.000, Pending_hits = 0, Reservation_fails = 0
L2_cache_bank[28]: Access = 176, Miss = 176, Miss_rate = 1.000, Pending_hits = 0, Reservation_fails = 0
L2_cache_bank[29]: Access = 168, Miss = 168, Miss_rate = 1.000, Pending_hits = 0, Reservation_fails = 0
L2_cache_bank[30]: Access = 176, Miss = 176, Miss_rate = 1.000, Pending_hits = 0, Reservation_fails = 0
L2_cache_bank[31]: Access = 168, Miss = 168, Miss_rate = 1.000, Pending_hits = 0, Reservation_fails = 0
L2_cache_bank[32]: Access = 168, Miss = 168, Miss_rate = 1.000, Pending_hits = 0, Reservation_fails = 0
L2_cache_bank[33]: Access = 168, Miss = 168, Miss_rate = 1.000, Pending_hits = 0, Reservation_fails = 0
L2_cache_bank[34]: Access = 168, Miss = 168, Miss_rate = 1.000, Pending_hits = 0, Reservation_fails = 0
L2_cache_bank[35]: Access = 168, Miss = 168, Miss_rate = 1.000, Pending_hits = 0, Reservation_fails = 0
L2_cache_bank[36]: Access = 168, Miss = 168, Miss_rate = 1.000, Pending_hits = 0, Reservation_fails = 0
L2_cache_bank[37]: Access = 168, Miss = 168, Miss_rate = 1.000, Pending_hits = 0, Reservation_fails = 0
L2_cache_bank[38]: Access = 168, Miss = 168, Miss_rate = 1.000, Pending_hits = 0, Reservation_fails = 0
L2_cache_bank[39]: Access = 168, Miss = 168, Miss_rate = 1.000, Pending_hits = 0, Reservation_fails = 0
L2_cache_bank[40]: Access = 168, Miss = 168, Miss_rate = 1.000, Pending_hits = 0, Reservation_fails = 0
L2_cache_bank[41]: Access = 168, Miss = 168, Miss_rate = 1.000, Pending_hits = 0, Reservation_fails = 0
L2_cache_bank[42]: Access = 168, Miss = 168, Miss_rate = 1.000, Pending_hits = 0, Reservation_fails = 0
L2_cache_bank[43]: Access = 168, Miss = 168, Miss_rate = 1.000, Pending_hits = 0, Reservation_fails = 0
L2_cache_bank[44]: Access = 168, Miss = 168, Miss_rate = 1.000, Pending_hits = 0, Reservation_fails = 0
L2_cache_bank[45]: Access = 168, Miss = 168, Miss_rate = 1.000, Pending_hits = 0, Reservation_fails = 0
L2_cache_bank[46]: Access = 168, Miss = 168, Miss_rate = 1.000, Pending_hits = 0, Reservation_fails = 0
L2_cache_bank[47]: Access = 168, Miss = 168, Miss_rate = 1.000, Pending_hits = 0, Reservation_fails = 0
L2_total_cache_accesses = 8192
L2_total_cache_misses = 8192
L2_total_cache_miss_rate = 1.0000
L2_total_cache_pending_hits = 0
L2_total_cache_reservation_fails = 0
L2_total_cache_breakdown:
	L2_cache_stats_breakdown[GLOBAL_ACC_R][HIT] = 0
	L2_cache_stats_breakdown[GLOBAL_ACC_R][HIT_RESERVED] = 0
	L2_cache_stats_breakdown[GLOBAL_ACC_R][MISS] = 1536
	L2_cache_stats_breakdown[GLOBAL_ACC_R][RESERVATION_FAIL] = 0
	L2_cache_stats_breakdown[GLOBAL_ACC_R][SECTOR_MISS] = 4608
	L2_cache_stats_breakdown[GLOBAL_ACC_R][MSHR_HIT] = 0
	L2_cache_stats_breakdown[LOCAL_ACC_R][HIT] = 0
	L2_cache_stats_breakdown[LOCAL_ACC_R][HIT_RESERVED] = 0
	L2_cache_stats_breakdown[LOCAL_ACC_R][MISS] = 0
	L2_cache_stats_breakdown[LOCAL_ACC_R][RESERVATION_FAIL] = 0
	L2_cache_stats_breakdown[LOCAL_ACC_R][SECTOR_MISS] = 0
	L2_cache_stats_breakdown[LOCAL_ACC_R][MSHR_HIT] = 0
	L2_cache_stats_breakdown[CONST_ACC_R][HIT] = 0
	L2_cache_stats_breakdown[CONST_ACC_R][HIT_RESERVED] = 0
	L2_cache_stats_breakdown[CONST_ACC_R][MISS] = 0
	L2_cache_stats_breakdown[CONST_ACC_R][RESERVATION_FAIL] = 0
	L2_cache_stats_breakdown[CONST_ACC_R][SECTOR_MISS] = 0
	L2_cache_stats_breakdown[CONST_ACC_R][MSHR_HIT] = 0
	L2_cache_stats_breakdown[TEXTURE_ACC_R][HIT] = 0
	L2_cache_stats_breakdown[TEXTURE_ACC_R][HIT_RESERVED] = 0
	L2_cache_stats_breakdown[TEXTURE_ACC_R][MISS] = 0
	L2_cache_stats_breakdown[TEXTURE_ACC_R][RESERVATION_FAIL] = 0
	L2_cache_stats_breakdown[TEXTURE_ACC_R][SECTOR_MISS] = 0
	L2_cache_stats_breakdown[TEXTURE_ACC_R][MSHR_HIT] = 0
	L2_cache_stats_breakdown[GLOBAL_ACC_W][HIT] = 0
	L2_cache_stats_breakdown[GLOBAL_ACC_W][HIT_RESERVED] = 0
	L2_cache_stats_breakdown[GLOBAL_ACC_W][MISS] = 512
	L2_cache_stats_breakdown[GLOBAL_ACC_W][RESERVATION_FAIL] = 0
	L2_cache_stats_breakdown[GLOBAL_ACC_W][SECTOR_MISS] = 1536
	L2_cache_stats_breakdown[GLOBAL_ACC_W][MSHR_HIT] = 0
	L2_cache_stats_breakdown[LOCAL_ACC_W][HIT] = 0
	L2_cache_stats_breakdown[LOCAL_ACC_W][HIT_RESERVED] = 0
	L2_cache_stats_breakdown[LOCAL_ACC_W][MISS] = 0
	L2_cache_stats_breakdown[LOCAL_ACC_W][RESERVATION_FAIL] = 0
	L2_cache_stats_breakdown[LOCAL_ACC_W][SECTOR_MISS] = 0
	L2_cache_stats_breakdown[LOCAL_ACC_W][MSHR_HIT] = 0
	L2_cache_stats_breakdown[L1_WRBK_ACC][HIT] = 0
	L2_cache_stats_breakdown[L1_WRBK_ACC][HIT_RESERVED] = 0
	L2_cache_stats_breakdown[L1_WRBK_ACC][MISS] = 0
	L2_cache_stats_breakdown[L1_WRBK_ACC][RESERVATION_FAIL] = 0
	L2_cache_stats_breakdown[L1_WRBK_ACC][SECTOR_MISS] = 0
	L2_cache_stats_breakdown[L1_WRBK_ACC][MSHR_HIT] = 0
	L2_cache_stats_breakdown[L2_WRBK_ACC][HIT] = 0
	L2_cache_stats_breakdown[L2_WRBK_ACC][HIT_RESERVED] = 0
	L2_cache_stats_breakdown[L2_WRBK_ACC][MISS] = 0
	L2_cache_stats_breakdown[L2_WRBK_ACC][RESERVATION_FAIL] = 0
	L2_cache_stats_breakdown[L2_WRBK_ACC][SECTOR_MISS] = 0
	L2_cache_stats_breakdown[L2_WRBK_ACC][MSHR_HIT] = 0
	L2_cache_stats_breakdown[INST_ACC_R][HIT] = 0
	L2_cache_stats_breakdown[INST_ACC_R][HIT_RESERVED] = 0
	L2_cache_stats_breakdown[INST_ACC_R][MISS] = 0
	L2_cache_stats_breakdown[INST_ACC_R][RESERVATION_FAIL] = 0
	L2_cache_stats_breakdown[INST_ACC_R][SECTOR_MISS] = 0
	L2_cache_stats_breakdown[INST_ACC_R][MSHR_HIT] = 0
	L2_cache_stats_breakdown[L1_WR_ALLOC_R][HIT] = 0
	L2_cache_stats_breakdown[L1_WR_ALLOC_R][HIT_RESERVED] = 0
	L2_cache_stats_breakdown[L1_WR_ALLOC_R][MISS] = 0
	L2_cache_stats_breakdown[L1_WR_ALLOC_R][RESERVATION_FAIL] = 0
	L2_cache_stats_breakdown[L1_WR_ALLOC_R][SECTOR_MISS] = 0
	L2_cache_stats_breakdown[L1_WR_ALLOC_R][MSHR_HIT] = 0
	L2_cache_stats_breakdown[L2_WR_ALLOC_R][HIT] = 0
	L2_cache_stats_breakdown[L2_WR_ALLOC_R][HIT_RESERVED] = 0
	L2_cache_stats_breakdown[L2_WR_ALLOC_R][MISS] = 0
	L2_cache_stats_breakdown[L2_WR_ALLOC_R][RESERVATION_FAIL] = 0
	L2_cache_stats_breakdown[L2_WR_ALLOC_R][SECTOR_MISS] = 0
	L2_cache_stats_breakdown[L2_WR_ALLOC_R][MSHR_HIT] = 0
	L2_cache_stats_breakdown[GLOBAL_ACC_R][TOTAL_ACCESS] = 6144
	L2_cache_stats_breakdown[GLOBAL_ACC_W][TOTAL_ACCESS] = 2048
L2_total_cache_reservation_fail_breakdown:
L2_cache_data_port_util = 0.000
L2_cache_fill_port_util = 0.005

icnt_total_pkts_mem_to_simt=8192
icnt_total_pkts_simt_to_mem=8192
LD_mem_lat_dist  0 0 0 0 0 0 0 0 0 0 0 0 0 0 0 0 0 0 0 0 0 0 0 0 0 0 0
ST_mem_lat_dist  0 0 0 0 0 0 0 0 0 0 0 0 0 0 0 0 0 0 0 0 0 0 0 0 0 0 0
----------------------------Interconnect-DETAILS--------------------------------
Req_Network_injected_packets_num = 8192
Req_Network_cycles = 28101
Req_Network_injected_packets_per_cycle =       0.2915 
Req_Network_conflicts_per_cycle =       0.0397
Req_Network_conflicts_per_cycle_util =       0.2534
Req_Bank_Level_Parallism =       1.8584
Req_Network_in_buffer_full_per_cycle =       0.0000
Req_Network_in_buffer_avg_util =       0.0024
Req_Network_out_buffer_full_per_cycle =       0.0000
Req_Network_out_buffer_avg_util =       0.0061

Reply_Network_injected_packets_num = 8192
Reply_Network_cycles = 28101
Reply_Network_injected_packets_per_cycle =        0.2915
Reply_Network_conflicts_per_cycle =        0.0033
Reply_Network_conflicts_per_cycle_util =       0.0199
Reply_Bank_Level_Parallism =       1.7316
Reply_Network_in_buffer_full_per_cycle =       0.0000
Reply_Network_in_buffer_avg_util =       0.0001
Reply_Network_out_buffer_full_per_cycle =       0.0000
Reply_Network_out_buffer_avg_util =       0.0022
----------------------------END-of-Interconnect-DETAILS-------------------------


gpgpu_simulation_time = 0 days, 0 hrs, 0 min, 19 sec (19 sec)
gpgpu_simulation_rate = 462416 (inst/sec)
gpgpu_simulation_rate = 1479 (cycle/sec)
gpgpu_silicon_slowdown = 1338742x
event update
GPGPU-Sim API: cudaEventSynchronize ** waiting for event
GPGPU-Sim API: cudaEventSynchronize ** event detected
stream_fma_v6_variant3 time_ms=19000.0000  global_GB/s=    0.00  est_GFLOP/s=    0.00  AI=48.125  max_abs=0.000e+00  max_rel=0.000e+00
verification=PASS
GPGPU-Sim: *** exit detected ***
